D,o,n,‚Äô,t, ,b,u,y, ,t,h,i,s, ,p,r,o,d,u,c,t, ,.,I,m,a,g,e, ,q,u,a,l,i,t,y, ,i,s, ,b,e,l,o,w, ,a,v,e,r,a,g,e, ,c,o,m,p,a,r,i,n,g, ,w,i,t,h, ,t,h,e, ,s,p,e,c,i,f,i,c,a,t,i,o,n,., ,U,s,e,l,e,s,s, ,c,a,m,e,r,a,.,A,n,d, ,t,h,e,r,e, ,i,s, ,N,O, ,R,E,T,U,R,N, ,P,O,L,I,C,Y, ,a,n,d, ,r,e,p,l,a,c,i,n,g, ,w,i,t,h, ,s,a,m,e, ,m,o,b,i,l,e, ,i,s, ,b,i,g, ,h,e,a,d,a,c,h,e, ,.,D,O,N,‚Äô,T, ,b,u,y, ,t,h,i,s, ,m,o,b,i,l,e
L,e,t,‚Äô,s, ,m,a,k,e, ,o,n,e, ,t,h,i,n,g, ,c,l,e,a,r, ,i,m,m,e,d,i,a,t,e,l,y,:, ,t,h,e, ,X,i,a,o,m,i, ,R,e,d,m,i, ,9, ,i,s, ,a, ,p,h,o,n,e, ,w,i,t,h, ,f,l,a,w,s,",", ,a,n,d, ,i,t, ,h,a,s, ,a, ,l,o,t, ,o,f, ,t,h,e,m,., ,O,n, ,t,h,e, ,o,t,h,e,r, ,h,a,n,d,",", ,i,t, ,i,s, ,o,n,e, ,o,f, ,t,h,e, ,m,o,s,t, ,a,f,f,o,r,d,a,b,l,e, ,p,h,o,n,e,s, ,a,v,a,i,l,a,b,l,e, ,a,n,y,w,h,e,r,e, ,r,i,g,h,t, ,n,o,w,",", ,a,n,d, ,i,t,',s, ,h,a,r,d, ,t,o, ,f,i,n,d, ,a, ,b,e,t,t,e,r, ,p,h,o,n,e, ,a,t, ,t,h,i,s, ,p,r,i,c,e, ,p,o,i,n,t,.,T,h,e, ,s,c,r,e,e,n, ,i,s, ,o,f, ,b,a,r,e,l,y, ,a,c,c,e,p,t,a,b,l,e, ,q,u,a,l,i,t,y,",", ,t,h,e, ,c,a,m,e,r,a, ,i,s, ,d,i,s,a,p,p,o,i,n,t,i,n,g,",", ,a,n,d, ,t,h,e, ,p,e,r,f,o,r,m,a,n,c,e, ,i,s, ,m,i,d,d,l,i,n,g, ,a,t, ,b,e,s,t,",", ,a,n,d, ,y,e,t,",", ,t,h,e, ,R,e,d,m,i, ,9, ,c,o,u,n,t,e,r,s, ,t,h,e,s,e, ,w,i,t,h, ,i,t,s, ,s,u,p,e,r,b, ,d,e,s,i,g,n,",", ,g,o,o,d, ,f,e,a,t,u,r,e, ,s,e,t,",", ,l,o,n,g, ,b,a,t,t,e,r,y, ,l,i,f,e,",", ,a,n,d, ,f,i,n,a,l,l,y,",", ,t,h,e, ,b,i,g,g,e,s,t, ,a,c,e, ,i,n, ,i,t,s, ,s,l,e,e,v,e, ,‚Äî, ,t,h,e, ,u,l,t,r,a,-,a,f,f,o,r,d,a,b,l,e, ,p,r,i,c,i,n,g,., ,L,e,t, ,t,h,a,t, ,s,i,n,k, ,i,n, ,‚Äî, ,t,h,e, ,R,e,d,m,i, ,9, ,s,t,a,r,t,s, ,a,t, ,l,e,s,s, ,t,h,a,n, ,9,0,0,0,",", ,T,h,i,s, ,a,l,o,n,e, ,o,f,f,s,e,t,s, ,a,l,l, ,o,f, ,t,h,e, ,f,l,a,w,s, ,t,h,a,t, ,t,h,e, ,p,h,o,n,e, ,h,a,s, ,i,n, ,s,t,o,r,e, ,f,o,r, ,u,s,., ,O,r, ,d,o,e,s, ,i,t,?, ,L,e,t,',s, ,l,o,o,k, ,a,t, ,t,h,e, ,t,h,e, ,m,a,n,y,",", ,m,a,n,y, ,c,o,r,n,e,r,s, ,t,h,a,t, ,h,a,v,e, ,b,e,e,n, ,c,u,t, ,t,o, ,a,c,h,i,e,v,e, ,t,h,i,s, ,p,r,i,c,i,n,g,üá©,¬†,üá™,¬†,üá∏,¬†,üáÆ,¬†,üá¨,¬†,üá≥,¬†,P,l,a,s,t,i,c, ,i,s, ,f,a,n,t,a,s,t,i,c,",", ,e,s,p,e,c,i,a,l,l,y, ,o,n, ,a,f,f,o,r,d,a,b,l,e, ,p,h,o,n,e,s,",", ,a,n,d, ,t,h,e, ,R,e,d,m,i, ,9, ,o,n,c,e, ,a,g,a,i,n, ,p,r,o,v,e,s, ,t,h,a,t,., ,T,h,e, ,t,e,x,t,u,r,e,d, ,b,a,c,k, ,o,f, ,t,h,e, ,R,e,d,m,i, ,9, ,f,e,e,l,s, ,g,r,e,a,t, ,i,n, ,t,h,e, ,h,a,n,d, ,a,n,d, ,p,r,o,v,i,d,e,s, ,e,x,c,e,l,l,e,n,t, ,g,r,i,p, ,w,h,e,n, ,u,s,e,d, ,n,a,k,e,d,",", ,t,h,o,u,g,h, ,I,‚Äô,d, ,s,t,i,l,l, ,r,e,c,o,m,m,e,n,d, ,p,u,t,t,i,n,g, ,a, ,c,a,s,e, ,o,n,., ,I, ,a,c,t,u,a,l,l,y, ,q,u,i,t,e, ,l,i,k,e, ,t,h,e, ,t,e,x,t,u,r,e,d, ,b,a,c,k, ,o,f, ,t,h,e, ,d,e,v,i,c,e,",", ,w,h,i,c,h, ,n,o,t, ,o,n,l,y, ,h,e,l,p,s, ,w,i,t,h, ,t,h,e, ,g,r,i,p,",", ,b,u,t, ,a,l,s,o, ,a,d,d,s, ,a, ,c,e,r,t,a,i,n, ,"""",c,o,o,l,"""", ,f,a,c,t,o,r, ,t,o, ,t,h,e, ,d,e,v,i,c,e,",", ,a,n,d, ,n,o,",", ,I, ,h,a,v,e, ,z,e,r,o, ,i,s,s,u,e,s, ,w,i,t,h, ,t,h,e, ,f,a,c,t, ,t,h,a,t, ,I,',m, ,t,o,u,c,h,i,n,g, ,p,l,a,s,t,i,c,., ,W,h,a,t,‚Äô,s, ,m,o,r,e,",", ,p,l,a,s,t,i,c, ,k,e,e,p,s, ,t,h,e, ,w,e,i,g,h,t, ,b,e,l,o,w, ,2,0,0, ,g,r,a,m,s,",", ,w,h,i,c,h, ,i,s, ,a,d,m,i,r,a,b,l,e, ,f,o,r, ,s,u,c,h, ,a, ,l,a,r,g,e, ,d,e,v,i,c,e, ,w,i,t,h, ,i,t,s, ,h,u,m,o,n,g,o,u,s, ,5,",",0,2,0,m,A,h, ,b,a,t,t,e,r,y,., ,D,o,n,‚Äô,t, ,g,e,t, ,m,e, ,w,r,o,n,g,",", ,i,t,‚Äô,s, ,s,t,i,l,l, ,a, ,b,i,g, ,a,n,d, ,h,e,a,v,y, ,p,h,o,n,e,",", ,b,u,t, ,i,t, ,d,o,e,s,n,‚Äô,t, ,s,t,r,i,k,e, ,a,s, ,s,u,c,h,., ,O,v,e,r,a,l,l,",", ,t,h,e, ,R,e,d,m,i, ,9, ,i,s, ,a, ,j,o,y, ,t,o, ,h,a,n,d,l,e,",", ,d,e,s,p,i,t,e, ,i,t,s, ,l,a,r,g,e, ,d,i,m,e,n,s,i,o,n,s,.,üá©,¬†,üáÆ,¬†,üá∏,¬†,üáµ,¬†,üá±,¬†,üá¶,¬†,üáæ,¬†,T,h,e, ,d,i,s,p,l,a,y, ,o,f, ,t,h,e, ,R,e,d,m,i, ,9, ,i,s, ,p,r,e,t,t,y, ,a,v,e,r,a,g,e,., ,S,u,r,e,",", ,i,t,‚Äô,s, ,l,a,r,g,e, ,a,n,d, ,s,p,a,c,i,o,u,s, ,w,i,t,h, ,i,t,s, ,6,.,5,3,-,i,n,c,h, ,d,i,a,g,o,n,a,l,",", ,a,n,d, ,t,h,e, ,r,e,s,o,l,u,t,i,o,n, ,i,s, ,m,o,r,e, ,t,h,a,n, ,s,u,f,f,i,c,i,e,n,t,",", ,b,u,t, ,i,t,‚Äô,s, ,a,n, ,L,C,D, ,F,H,D,+, ,d,i,s,p,l,a,y, ,w,i,t,h, ,b,l,e,a,k, ,c,o,l,o,r,s,",", ,l,o,w, ,b,r,i,g,h,t,n,e,s,s,",", ,a,n,d, ,d,i,s,a,p,p,o,i,n,t,i,n,g, ,c,o,n,t,r,a,s,t,., ,T,h,e, ,d,i,s,p,l,a,y, ,i,s, ,l,a,c,k,l,u,s,t,e,r,",", ,a,n,d, ,I, ,d,i,d,n,‚Äô,t, ,e,n,j,o,y, ,i,t, ,a,t, ,a,l,l, ,d,u,r,i,n,g, ,m,y, ,t,i,m,e, ,w,i,t,h, ,t,h,e, ,p,h,o,n,e,., ,Y,o,u, ,w,i,l,l, ,a,l,s,o, ,h,a,v,e, ,a, ,h,a,r,d, ,t,i,m,e, ,u,n,d,e,r, ,b,r,i,g,h,t, ,s,u,n,l,i,g,h,t,",", ,a,s, ,i,t,‚Äô,s, ,j,u,s,t, ,n,o,t, ,b,r,i,g,h,t, ,e,n,o,u,g,h,.,üÖ±,üÖ∞,üÜÉ,üÜÉ,üÖ¥,üÜÅ,üÜà,T,h,e, ,b,a,t,t,e,r,y, ,b,a,c,k,u,p,",", ,f,o,r,t,u,n,a,t,e,l,y,",", ,i,s, ,s,p,e,c,t,a,c,u,l,a,r, ,o,n, ,t,h,e, ,R,e,d,m,i, ,9,., ,W,i,t,h, ,t,h,e, ,p,h,o,n,e,',s, ,f,a,i,r,l,y, ,e,f,f,i,c,i,e,n,t, ,h,a,r,d,w,a,r,e,",", ,t,h,e, ,l,a,r,g,e,",", ,5,",",0,2,0,m,A,h, ,b,a,t,t,e,r,y, ,t,a,k,e,s, ,a, ,l,o,n,g, ,w,h,i,l,e, ,t,o, ,d,r,a,i,n,., ,Y,o,u, ,c,a,n, ,r,e,s,t, ,a,s,s,u,r,e,d, ,i,t, ,w,i,l,l, ,l,a,s,t, ,y,o,u, ,f,o,r, ,a, ,l,o,n,g, ,t,i,m,e,;, ,i,n, ,m,y, ,e,x,p,e,r,i,e,n,c,e,",", ,t,w,o, ,d,a,y,s, ,o,f, ,u,s,a,g,e, ,w,e,r,e, ,g,u,a,r,a,n,t,e,e,d,., ,I,n, ,o,u,r, ,c,u,s,t,o,m, ,b,a,t,t,e,r,y, ,t,e,s,t,s,",", ,t,h,e, ,p,h,o,n,e, ,l,a,s,t,e,d, ,f,o,r, ,a, ,c,o,m,b,i,n,e,d, ,t,i,m,e, ,o,f, ,1,0, ,h,o,u,r,s, ,a,n,d, ,1,4, ,m,i,n,u,t,e,s,",", ,w,h,i,c,h, ,i,s, ,o,n,e, ,o,f, ,t,h,e, ,b,e,s,t, ,r,e,s,u,l,t,s, ,w,e,',v,e, ,s,e,e,n, ,s,o, ,f,a,r, ,i,n, ,2,0,2,0,., ,C,h,a,r,g,i,n,g,",", ,h,o,w,e,v,e,r,",", ,i,s, ,p,r,e,t,t,y, ,s,l,o,w, ,‚Äî, ,t,h,e, ,1,0,W, ,c,h,a,r,g,e,r, ,i,n,c,l,u,d,e,d, ,i,n, ,t,h,e, ,b,o,x, ,t,o,p,p,e,d, ,u,p, ,t,h,e, ,R,e,d,m,i, ,9, ,i,n, ,1,6,8, ,m,i,n,u,t,e,s,",", ,o,r, ,2, ,h,o,u,r,s, ,a,n,d, ,4,8, ,m,i,n,u,t,e,s,., ,T,h,a,t,',s, ,s,l,o,w,",", ,b,u,t, ,t,h,e,n, ,a,g,a,i,n,",", ,w,h,a,t, ,e,l,s,e, ,d,i,d, ,y,o,u, ,e,x,p,e,c,t,?,üÖ≤,üÖ∞,üÖº,üÖ¥,üÜÅ,üÖ∞,T,h,e,r,e, ,a,r,e, ,t,h,r,e,e, ,c,a,m,e,r,a,s, ,o,n, ,t,h,e, ,R,e,d,m,i, ,9,:, ,a, ,1,3,M,P, ,m,a,i,n,",", ,a,n, ,8,M,P, ,u,l,t,r,a,-,w,i,d,e,",", ,a, ,5,M,P, ,m,a,c,r,o, ,c,a,m,e,r,a,",", ,a,n,d, ,a, ,2,M,P, ,d,e,p,t,h, ,s,e,n,s,o,r,., ,Y,o,u, ,c,a,n, ,a,l,s,o, ,s,h,o,o,t, ,a,t, ,2,X,",", ,b,u,t, ,d,o,n,',t, ,g,e,t, ,f,o,o,l,e,d,",", ,i,t,',s, ,m,e,r,e,l,y, ,a, ,d,i,g,i,t,a,l, ,z,o,o,m, ,s,o,l,u,t,i,o,n,., ,T,h,e,r,e,‚Äô,s, ,a,n, ,8,M,P, ,s,e,l,f,i,e, ,c,a,m,e,r,a, ,u,p, ,f,r,o,n,t,",", ,a,n,d, ,v,i,d,e,o, ,q,u,a,l,i,t,y, ,t,o,p,s, ,u,p, ,a,t, ,1,0,8,0,p, ,a,t, ,3,0,f,p,s,.
G,o,o,d, ,p,r,o,d,u,c,t, ,v,a,l,u,e, ,f,o,r, ,m,o,n,e,y, ,b,u,t, ,o,r,d,e,r,i,n,g, ,i,s, ,t,o,o, ,d,i,f,f,i,c,u,l,t, ,w,i,t,h,i,n, ,o,n,e, ,m,i,n,u,t,e, ,s,o,l,d,o,u,t
i, ,d,i,d,n,',t, ,u,p,l,o,a,d, ,p,h,o,t,o, ,.,.,.,.,f,o,r, ,a,n,y, ,r,e,a,s,o,n, ,b,u,t, ,i,t, ,i,s, ,n,o,t, ,u,p, ,t,o, ,t,h,e, ,m,a,r,k, ,.,1,.,d,i,s,p,l,a,y, ,4,/,5,2,.,c,a,m, ,3,/,5,3,.,f,i,n,g, ,s,e,n,s,.,., ,4,.,5,/,5,4,.,p,r,o,c,e,s,s,o,r, ,3,/,5,5,.,b,u,i,l,d, ,q,u,a,l,i,t,y, ,3,.,7,5,/,5,b,a,c,k, ,p,a,n,e,l, ,i,s, ,n,o,t, ,g,o,o,d, ,l,o,o,k,i,n,g, ,c,o,z, ,s,o,m,e, ,s,e,l,f, ,d,e,s,i,g,n, ,a,s, ,p,e,r, ,m,y, ,o,p,i,n,i,o,n,i,n, ,t,h,i,s, ,p,r,i,c,e, ,s,e,g,m,e,n,t, ,r,s, ,9,0,0,0, ,i,s, ,g,o,o,d, ,e,n,o,u,g,h
B,e,s,t, ,b,u,y, ,a,t, ,t,h,i,s, ,p,r,i,c,e,!, ,T,h,e, ,d,i,s,p,l,a,y, ,q,u,a,l,i,t,y, ,i,s, ,a,m,a,z,i,n,g, ,a,n,d, ,I, ,d,o, ,n,o,t, ,h,a,v,e, ,a,n,y, ,c,o,m,p,l,a,i,n,t, ,w,i,t,h, ,t,h,e, ,c,a,m,e,r,a, ,t,o,o,., ,T,h,e,r,e, ,i,s, ,n,o, ,o,t,h,e,r, ,p,h,o,n,e, ,a,v,a,i,l,a,b,l,e, ,a,t, ,t,h,i,s, ,p,r,i,c,e, ,w,h,i,c,h, ,c,o,m,e,s, ,w,i,t,h, ,4,G,B, ,r,a,m,., ,Y,o,u, ,s,h,o,u,l,d, ,g,o, ,a,h,e,a,d, ,w,i,t,h, ,t,h,i,s,.
T,h,i,s, ,p,h,o,n,e, ,i,s, ,n,o,t, ,v,a,l,u,e, ,f,o,r, ,m,o,n,e,y,I,t,s, ,a, ,d,o,w,n,g,r,a,d,e,d, ,p,h,o,n,e, ,o,f, ,e,a,r,l,i,e,r, ,p,h,o,n,e, ,l,a,u,n,c,h,e,d, ,i,n, ,i,n,d,i,a,.,T,h,e, ,c,a,m,e,r,a, ,i,s, ,w,o,r,s,t, ,i, ,e,v,e,r, ,s,e,e,n, ,i,n, ,a,n,y, ,r,e,d,m,i, ,p,h,o,n,e,.,B,a,t,t,e,r,y, ,i,s, ,o,k,.,T,h,e, ,d,i,s,p,l,a,y, ,q,u,a,l,i,t,y, ,i,s, ,v,e,r,y, ,b,a,d, ,n,o,t, ,h,d,., ,W,a,t,c,h,i,n,g, ,v,i,d,e,o,s, ,o,n, ,Y,o,u,T,u,b,e, ,f,e,e,l,s, ,l,i,k,e, ,w,a,t,c,h,i,n,g, ,3,g,p, ,v,i,d,e,o,s,.,D,o,t, ,n,o,t,c,h, ,d,i,s,p,l,a,y, ,i,s, ,o,k, ,i,n, ,l,o,o,k,w,i,s,e, ,b,u,t, ,n,o,t, ,g,o,o,d, ,i,n, ,q,u,a,l,i,t,y,.,S,o,m,e,t,i,m,e,s, ,4,g,b, ,r,a,m, ,f,e,e,l,s, ,l,i,k,e, ,2,g,b,.,I, ,a,m, ,v,e,r,y, ,d,i,s,a,p,p,o,i,n,t,e,d, ,b,y, ,t,h,e, ,c,a,m,e,r,a, ,q,u,a,l,i,t,y, ,o,f, ,t,h,i,s, ,p,h,o,n,e,.,1,2, ,m,e,g,a,p,i,x,e,l, ,f,e,e,l,s, ,l,i,k,e, ,2,M,P, ,c,a,m,e,r,a,.,R,e,c,e,n,t,l,y, ,i, ,a,m, ,u,s,i,n,g, ,r,e,d,m,i, ,n,o,t,e, ,5, ,p,r,o,., ,A,n,d, ,t,h,i,s, ,p,h,o,n,e, ,i,s, ,j,u,s,t, ,d,o,w,n,g,r,a,d,e,d, ,p,h,o,n,e, ,b,y, ,r,e,d,m,i, ,.,y,o,u, ,c,a,n,n,o,t, ,i,m,a,g,i,n,e, ,l,o,w, ,l,i,g,h,t, ,p,h,o,t,o,g,r,a,p,h,y, ,i,n, ,t,h,i,s, ,p,h,o,n,e,.,T,h,e, ,b,a,c,k, ,p,l,a,s,t,i,c, ,b,o,d,y, ,f,e,e,l,s, ,l,i,k,e, ,a, ,c,h,e,a,p, ,p,h,o,n,e,.,I,f, ,y,o,u, ,r,e,a,l,l,y, ,n,e,e,d, ,a, ,p,h,o,n,e, ,t,h,e,r,e, ,a,r,e, ,m,a,n,y, ,o,p,t,i,o,n,s, ,i,n, ,t,h,e, ,m,a,r,k,e,t,.,I,f, ,y,o,u, ,a,r,e, ,t,a,k,i,n,g, ,p,h,o,n,e, ,f,o,r, ,t,h,e, ,f,i,r,s,t, ,a,n,d, ,a, ,b,e,g,i,n,n,e,r, ,y,o,u, ,c,a,n, ,g,o, ,f,o,r, ,r,e,d,m,i, ,9, ,p,r,i,m,e,.
P,r,o,c,e,s,s,o,r, ,i,s, ,b,i,t, ,s,l,o,w,",", ,c,a,m,e,r,a, ,i,s, ,b,e,l,o,w, ,a,v,e,r,a,g,e, ,e,x,c,e,p,t, ,t,h,a,t, ,e,v,e,r,t,h,i,n,g, ,w,o,r,k,s, ,f,i,n,e,., ,I, ,p,e,r,s,o,n,a,l,l,y, ,d,o,n,',t, ,l,i,k,e, ,M,I,U,I, ,b,e,c,a,u,s,e, ,o,f, ,l,o,t,s, ,o,f, ,a,d,s, ,a,n,d, ,b,l,o,a,t,w,a,r,e,s,., ,B,u,t,",", ,g,o,o,d, ,b,u,d,g,e,t, ,r,a,n,g,e, ,p,h,o,n,e, ,i,f, ,y,o,u, ,i,g,n,o,r,e,/,a,d,j,u,s,t, ,t,h,i,s, ,i,s,s,u,e,s,.
b,e,s,t, ,g,o,o,d, ,p,r,o,d,u,c,t, ,p,r,i,v,e, ,b,a,t,t,r,y, ,c,a,m,e,r,a, ,a,l,l, ,v,e,r,y, ,g,o,o,d
N,i,c,e, ,P,e,r,f,o,r,m,a,n,c,e,C,a,m,e,r,a, ,q,u,a,l,i,t,y, ,g,o,o,d,l,i,g,h,t, ,i,n, ,w,e,i,g,h,t,m,u,l,t,i,f,e,a,t,u,r,e,s, ,a,r,e, ,e,x,c,e,l,l,e,n,t,g,o,o,d, ,g,a,m,i,n,g, ,p,u,r,p,o,s,e,#,M,i
P,r,o,d,u,c,t, ,i,s, ,b,e,s,t, ,a,t, ,t,h,i,s, ,p,r,i,c,e, ,b,u,t, ,c,h,a,r,g,i,n,g, ,s,p,e,e,d, ,i,s, ,v,e,r,y, ,s,l,o,w, ,b,u,t, ,w,e, ,c,a,n,n,o,t, ,a,c,c,e,p,t, ,m,o,r,e, ,t,h,e,n, ,t,h,i,s, ,a,t, ,t,h,i,s, ,p,r,i,c,e
O,v,e,r,a,l,l, ,i,t,s, ,g,o,o,d, ,a,n,d, ,s,a,t,i,s,f,i,e,d, ,f,o,r, ,t,h,e, ,p,r,i,c,e,.,P,r,o,s,:,1,., ,G,o,o,d, ,B,a,t,t,e,r,y,.,2,., ,B,e,s,t, ,b,u,d,g,e,t, ,p,h,o,n,e, ,f,o,r, ,8,9,9,9, ,w,i,t,h, ,4,G,B, ,R,A,M, ,a,n,d, ,6,4,G,B, ,I,n,t,e,r,n,a,l, ,M,e,m,o,r,y,.,T,h,e, ,o,n,l,y, ,d,r,a,w,b,a,c,k, ,i, ,f,e,l,t, ,i,s, ,C,a,m,e,r,a,.,I,f, ,y,o,u, ,a,r,e, ,l,o,o,k,i,n,g, ,f,o,r, ,a, ,b,e,t,t,e,r, ,c,a,m,e,r,a, ,I, ,w,o,u,l,d, ,s,u,g,g,e,s,t, ,t,o, ,p,i,c,k, ,s,o,m,e, ,o,t,h,e,r, ,m,o,d,e,l,.
G,3,5, ,i,s, ,o,k, ,f,o,r, ,d,a,y, ,t,o, ,d,a,y, ,u,s,a,g,e, ,n,o,t, ,h,i,g,h,l,y, ,c,a,p,a,b,l,e,.,.
I,t, ,g,o,t, ,s,o, ,m,a,n,y, ,b,u,g,s,",", ,t,h,e, ,s,c,r,e,e,n, ,t,u,r,n,e,d, ,c,o,m,p,l,e,t,e,l,y, ,b,l,a,n,k, ,w,h,e,n, ,i, ,c,l,i,c,k,e,d, ,o,n, ,',u,p,d,a,t,e, ,s,y,s,t,e,m, ,a,p,p,',",", ,s,u,r,p,r,i,s,i,n,g,l,y, ,N,O, ,h,e,a,t,i,n,g, ,i,s,s,u,e,s,",", ,b,r,i,g,h,t,n,e,s,s, ,i,s, ,l,o,w,F,o,r, ,c,a,m,e,r,a, ,t,h,e, ,r,e,a,r, ,i,s, ,o,k,a,y, ,b,u,t, ,f,r,o,n,t, ,l,a,c,k,s, ,d,e,t,a,i,l,s
I,t, ,i,s, , ,a, ,g,o,o,d, ,p,h,o,n,e, ,w,h,i,c,h, ,i,s, ,o,r,a,n,g,e, ,a, ,n,i,c,e, ,c,o,l,o,u,r, ,I, ,l,o,v,e, ,i,t, ,i,t, ,f,e,a,t,u,r,e,s, ,a,r,e, ,b,e,t,t,e,r, ,t,h,a,n, ,o,t,h,e,r, ,p,h,o,n,e,s
G,o,o,d, ,p,r,o,d,u,c,t,., ,V,a,l,u,e, ,f,o,r, ,m,o,n,e,y, ,p,h,o,n,e,., ,E,v,e,r,y,t,h,i,n,g, ,i,s, ,a,v,e,r,a,g,e,., ,D,i,s,p,l,a,y, ,i,s, ,g,o,o,d,., ,B,a,t,t,e,r,y, ,l,i,f,e, ,i,s, ,a,l,s,o, ,g,o,o,d,., ,I, ,b,o,u,g,h,t, ,i,t, ,f,o,r, ,a, ,e,m,p,l,o,y,e,e, ,o,f, ,m,i,n,e,., ,O,v,e,r,a,l,l, ,a, ,g,o,o,d, ,p,h,o,n,e,., ,4,/,6,4, ,c,o,m,b,o, ,i,s, ,h,a,r,d, ,t,o, , ,f,i,n,d, ,i,n, ,t,h,i,s, ,p,r,i,c,e, ,r,a,n,g,e,., ,E,x,c,e,e,d,e,d, ,m,y, ,e,x,p,e,c,t,a,t,i,o,n,s,.
B,e,s,t, ,m,o,b,i,l,e, ,u,n,d,e,r, ,1,0,0,0,0, ,üíñ,üíñ,üíñ
C,h,a,r,g,i,n,g, ,A,d,a,p,t,e,r, ,c,a,m,e, ,w,i,t,h, ,p,h,o,n,e, ,t,u,r,n,e,d, ,o,u,t, ,t,o, ,b,e, ,d,e,f,e,c,t,i,v,e,., ,s,t,o,p,p,e,d, ,w,o,r,k,i,n,g, ,a,f,t,e,r, ,2, ,w,e,e,k,s, ,o,f, ,p,u,r,c,h,a,s,e,.,D,o,n,',t, ,k,n,o,w, ,h,o,w, ,t,o, ,r,e,t,u,r,n, ,t,h,e, ,a,d,a,p,t,e,r, ,o,r, ,h,o,w, ,t,o, ,c,l,a,i,m, ,t,h,e, ,w,a,r,r,a,n,t,y, ,o,n, ,a,d,a,p,t,e,r, ,a,l,o,n,e,.,P,h,o,n,e, ,i,s, ,w,o,r,k,i,n,g, ,f,i,n,e, ,s,o, ,f,a,r, ,a,n,d, ,l,o,o,k,s, ,g,o,o,d
C,a,m,e,r,a, ,q,u,a,l,i,t,y, ,i,s, ,v,e,r,y, ,p,o,o,r, ,o,t,h,e,r, ,t,h,i,n,g,s, ,a,r,e, ,n,o,t, ,b,a,d, ,l,i,k,e, ,a, ,b,a,t,t,e,r,y, ,p,o,w,e,r, ,a,n,d, ,n,o, ,h,a,n,g,i,n,g, ,o,n,l,y, ,f,o,r, ,l,i,g,h,t, ,u,s,e,d,L,i,k,e,d, ,t,h,e, ,p,r,o,d,u,c,t,., ,E,x,c,e,l,l,e,n,t, ,v,a,l,v,e, ,f,o,r, ,m,o,n,e,y,.,.,b,u,t, ,r,e,g,r,e,t, ,b,u,y,i,n,g,.,.,.,p,r,o,d,u,c,t, ,m,a,d,e, ,i,n, ,c,h,i,n,a,.,.,w,h,i,c,h, ,I, ,a,m, ,t,r,y,i,n,g, ,n,o,t, ,t,o, ,b,u,y, ,C,h,i,n,e,s,e, ,p,r,o,d,u,c,t,s,.
I, ,g,o,t, ,t,h,i,s, ,p,h,o,n,e, ,y,e,s,t,e,r,d,a,y,., , ,T,h,i,s, ,p,h,o,n,e, ,w,a,s, ,s,o, ,a,m,a,z,i,n,g, ,a,n,d, ,v,a,l,u,e, ,f,o,r, ,m,o,n,e,y, ,a,n,d, ,f,i,r,s,t, ,o,f, ,a,l,l, ,i, ,t,h,a,n,k, ,t,o, ,t,h,e, ,s,e,l,l,e,r,., ,C,a,m,e,r,a, ,q,u,a,l,i,t,y, ,w,a,s, ,s,u,p,e,r,., , ,A, ,g,o,o,d, ,b,u,d,g,e,t, ,p,h,o,n,e, ,g,o,o,d, ,b,u,i,l,d, ,q,u,a,l,i,t,y, ,a,l,s,o,., , ,I, ,c,a,n,t, ,b,e,l,i,e,v,e, ,t,h,a,t, ,t,h,i,s, ,p,h,o,n,e, ,c,a,m,e,r,a, ,w,a,s, ,p,o,w,e,r, ,f,u,l,l, ,i, ,h,a,v,e, ,p,u,t, ,a,n, ,e,x,a,m,p,l,e
O,v,e,r,a,l,l, ,g,o,o,d, ,m,o,b,i,l,e,.,.,.,B,u,t, ,C,a,m,e,r,a, ,n,o,t, ,g,o,o,d, ,a,s, ,e,x,p,e,c,t,e,d,.,O,v,e,r,a,l,l, ,P,e,r,f,o,r,m,a,n,c,e, ,i,s, ,g,o,o,d, ,.,V,a,l,u,e, ,F,o,r, ,M,o,n,e,y
I,t, ,i,s, ,a, ,j,u,s,t, ,o,k, ,k,i,n,d, ,o,f, ,p,h,o,n,e,., ,C,a,m,e,r,a, ,i,s, ,v,e,r,y, ,p,a,t,h,e,t,i,c,., ,I, ,d,i,d, ,n,o,t, ,e,x,p,e,c,t, ,t,h,i,s, ,t,y,p,e, ,o,f, ,c,a,m,e,r,a, ,i,n, ,t,h,i,s, ,p,h,o,n,e,., ,E,v,e,n, ,m,y, ,o,l,d, ,r,e,d,m,i, ,4,a, ,m,o,b,i,l,e, ,i,s, ,b,e,t,t,e,r, ,i,n, ,c,a,m,e,r,a, ,t,h,a,n, ,t,h,i,s,., ,A,p,a,r,t, ,f,r,o,m, ,c,a,m,e,r,a,",", ,I, ,c,o,u,l,d, ,s,e,e, ,t,h,e,r,e, ,i,s, ,s,o,m,e, ,l,a,g, ,i,n, ,t,h,e, ,s,c,r,e,e,n, ,w,h,i,l,e, ,m,o,v,i,n,g, ,t,o, ,d,i,f,f,e,r,e,n,t, ,p,a,g,e,s, ,t,h,o,u,g,h, ,i,t, ,h,a,s, ,4,G,B, ,R,A,M,., ,B,e,t,t,e,r, ,c,h,o,o,s,e, ,s,o,m,e, ,o,t,h,e,r, ,p,h,o,n,e, ,t,h,a,n, ,t,h,i,s,., ,I,t, ,h,a,s, ,n,o, ,n,o,t,i,f,i,c,a,t,i,o,n, ,l,i,g,h,t, ,a,n,d, ,h,a,s, ,a, ,m,i,c,r,o, ,U,S,B, ,c,h,a,r,g,i,n,g, ,p,o,r,t,., ,N,o, ,n,i,g,h,t, ,m,o,d,e, ,i,n, ,c,a,m,e,r,a,.,U,p,d,a,t,e, ,a,f,t,e,r, ,u,s,i,n,g, ,i,t, ,f,o,r, ,2,0, ,d,a,y,s,:, ,t,h,e, ,p,h,o,n,e, ,g,e,t,s, ,l,a,g,g,i,n,g, ,a,l,l, ,t,h,e, ,t,i,m,e, ,n,o, ,m,a,t,t,e,r, ,w,h,a,t, ,e,v,e,r, ,t,h,e, ,a,p,p, ,y,o,u, ,u,s,e,., ,I,t, ,i,s, ,c,o,m,p,l,e,t,e,l,y, ,w,a,s,t,e, ,o,f, ,m,o,n,e,y,., ,D,o, ,n,o,t, ,b,u,y, ,t,h,i,s, ,m,o,b,i,l,e,.
B,e,s,t, ,m,o,b,i,l,e, ,",",b,e,s,t, ,s,e,r,v,i,c,e, ,c,u,r,r,i,o,r, ,b,o,y
A,u,t,o, ,r,e,s,p,o,n,s,e, ,s,t,a,r,t, ,p,r,o,b,l,e,m, ,w,i,t,h, ,s,t,a,r,t, ,m,o,b,i,l,e
I, ,w,a,s, ,h,a,v,i,n,g, ,S,a,m,s,u,n,g, ,b,e,f,o,r,e, ,s,a,m,e, ,4,g,b, ,r,a,m, ,a,n,d, ,b,a,t,t,e,r,y, ,b,a,c,k, ,w,a,s, ,v,e,r,y, ,g,o,o,d, ,b,u,t, ,i,n, ,r,e,d,m,i, ,w,i,t,h, ,o,u,t, ,m,u,c,h, ,o,f, ,s,p,a,c,e, ,o,r, ,a,p,p, ,r,a,m, ,s,p,e,e,d, ,i,s, ,v,e,r,y, ,v,e,r,y, ,s,l,o,w, ,a,n,d, ,b,a,t,t,e,r,y, ,b,a,c,k, ,u,p, ,d,r,a,i,n,g, ,w,i,t,h, ,a, ,d,a,y, ,s,o, ,n,o,t, ,h,a,p,p,y, ,w,i,t,h, ,t,h,e, ,r,e,d,m,i, ,p,r,o,d,u,c,t, ,.,I, ,c,a,n, ,r,e,t,u,r,n, ,t,o, ,A,m,a,z,o,n, ,w,i,t,h, ,i,n, ,7, ,d,a,y,s, ,b,u,t, ,u,n,f,o,r,t,u,n,a,t,e,l,y, ,o,u,r, ,b,u,i,l,d,i,n,g, ,i,s, ,e,f,f,e,c,t,e,d, ,w,i,t,h, ,c,o,v,i,d, ,p,o,s,s,i,i,t,i,v,e, ,s,o, ,t,o,t,a,l,l,y, ,i,s,s,u,l,a,t,e,d, ,n,o, ,o,n,e, ,s,h,o,u,l,d, ,h,a,v,e, ,c,o,n,t,a,c,t, ,w,i,t,h, ,u,s, ,s,o, ,c,a,n,',t, ,a,b,l,e, ,t,o, ,s,e,n,d, ,t,h,e, ,r,e,t,u,r,n, ,m,o,b,i,l,e
X,i,a,o,m,i, ,h,a,s, ,p,r,o,v,i,d,e,d, ,a, ,m,a,g,n,i,f,i,c,e,n,t, ,s,m,a,r,t,p,h,o,n,e, ,i,n, ,l,o,w, ,b,u,d,g,e,t, ,s,e,c,t,i,o,n, ,w,i,t,h, ,i,n,c,r,e,a,d,i,b,l,e, ,f,e,a,t,u,r,e, ,a,n,d, ,g,r,e,a,t, ,v,i,s,u,a,l, ,a,s,t,h,e,t,i,c,s,.,P,r,o,s,:,-,1,., ,4,g,b, ,D,D,R,4, ,R,A,M, ,f,a,s,t,e,r, ,t,h,e,n, ,S,D, ,6,x,x, ,s,e,r,i,e,s,2,., ,6,4,G,B, ,s,t,o,r,a,g,e,3,., ,U,n,d,e,r, ,9,0,0,0, ,I,N,R,4,., ,5,0,0,0, ,m,A,h, ,b,a,t,t,e,r,y, ,(, ,h,o,w,e,v,e,r, ,t,h,e, ,c,h,i,p,s,e,t, ,c,o,n,s,u,m,e, ,m,o,r,e, ,b,a,t,t,e,r,y, ,a,s, ,c,o,m,p,a,r,e,d, ,t,o, ,S,D, ,w,i,t,h, ,4,0,0,0,m,A,h, ,b,a,t,t,e,r,y, ,w,i,l,l, ,p,e,r,f,o,r,m, ,t,h,e, ,s,a,m,e,),5,., ,F,a,s,t, ,c,h,a,r,g,i,n,g, ,s,u,p,p,o,r,t, ,(,D,e,f,i,n,i,t,e,l,y, ,b,u,y, ,a, ,f,a,s,t, ,c,h,a,r,g,e,r, ,f,o,r, ,g,r,e,a,t, ,e,x,p,e,r,i,e,n,c,e,),6,., ,M,i,U,I, ,1,2, ,i,s, ,s,i,m,p,l,y, ,c,l,e,a,n, ,a,n,d, ,l,o,a,d,e,d, ,w,i,t,h, ,f,e,a,t,u,r,e,s,., ,S,e,a,m,l,e,s,s,l,y, ,s,w,i,t,c,h, ,f,r,o,m, ,p,r,o,v,i,o,s, ,m,i, ,p,h,o,n,e,C,o,n,s,:,-,1,., ,B,a,t,t,e,r,y, ,s,u,c,k,i,n,g, ,c,h,i,p,s,e,t, ,H,e,l,i,o, ,G,3,5,",", ,n,o,t, ,o,p,t,i,m,i,z,e, ,f,o,r, ,g,a,m,i,n,g,.,2,., ,L,a,c,k, ,o,f, ,n,o,t,i,f,i,c,a,t,i,o,n,s, ,l,i,g,h,t,(,s,m,a,l,l, ,b,u,t, ,d,e,a,d,l,y, ,f,e,a,t,u,r,e,s,",", ,y,o,u, ,w,i,l,l, ,m,i,s,s, ,i,t, ,q,u,i,t,e, ,o,f,t,e,n,),3,., ,2,6,4,p,p,i, ,d,i,s,p,l,a,y, ,f,o,r, ,7,2,0,p, ,r,e,s,o,l,u,t,i,o,n, ,l,o,o,k,s, ,c,r,u,p,m,y, ,a,t, ,t,h,i,s, ,h,u,g,e, ,s,i,z,e,.,4,., ,P,o,o,r, ,q,u,a,l,i,t,y, ,m,a,d,e, ,i,n, ,i,n,d,i,a, ,a,c,c,e,s,o,r,i,e,s,.,5,., ,B,u,i,l,d,i,n,g, ,q,u,a,l,i,t,y, ,i,s, ,p,o,o,r,., ,A,s, ,w,e,l,l, ,a,s, ,c,a,m,e,r,a, ,a,r,e, ,v,e,r,y, ,d,i,s,s,a,t,i,s,f,i,e,d,.,6,., ,U,s,e,l,e,s,s, ,c,a,m,e,r,a, ,b,u,m,p, ,f,o,r, ,2, ,p,o,o,r, ,c,a,m,e,r,a, ,o,n,l,y, ,j,u,s,t, ,f,o,r, ,m,a,r,k,e,t,i,n,g, ,s,h,o,w,i,n,g, ,3, ,c,i,r,c,l,e,s,.,7,., ,L,o,a,d,e,d, ,w,i,t,h, ,b,l,o,a,t,w,a,r,e, ,a,n,d, ,a,d,w,a,r,e,., ,U,n,a,u,t,h,o,r,i,s,e,d, ,d,a,t,a, ,t,r,a,n,s,f,e,r, ,t,o, ,C,h,i,n,a,.,I,f, ,p,o,s,s,i,b,l,e, ,g,o, ,f,o,r, ,M,o,t,o,r,o,l,a, ,E,7, ,a,r,o,u,n,d, ,t,h,e, ,s,a,m,e, ,p,r,i,c,e, ,a,n,d, ,y,o,u, ,w,i,l,l, ,h,a,v,e, ,g,r,e,a,t, ,e,x,p,e,r,i,e,n,c,e, ,w,i,t,h, ,S,n,a,p,d,r,a,g,o,n, ,a,n,d, ,c,l,e,a,n, ,a,n,d,r,o,i,d, ,e,x,p,e,r,i,e,n,c,e,.
V,e,r,y, ,v,e,r,y, ,P,o,o,r, ,M,o,b,i,l,e,., ,I,f, ,y,o,u, ,h,a,v,e, ,u,s,e,d, ,a,n,y, ,F,H,D, ,m,o,b,i,l,e, ,p,h,o,n,e,s, ,t,h,e,n, ,I, ,b,e,t, ,y,o,u, ,t,h,a,t, ,y,o,u, ,c,a,n,',t, ,u,s,e, ,t,h,i,s, ,p,h,o,n,e, ,f,o,r, ,m,o,r,e, ,t,h,a,n, ,a, ,H,o,u,r,.,P,R,O,S,B,a,t,t,e,r,y,., ,üèª,üèª,S,l,e,e,k, ,d,e,s,i,g,n,., ,üèª,C,a,l,l, ,q,u,a,l,i,t,y, ,üèª,üèª,üèª,C,O,N,S,W,o,r,s,t, ,D,i,s,p,l,a,y, ,e,v,e,r, ,s,e,e,n,., ,Y,o,u,T,u,b,e, ,v,i,d,e,o,s,üëé,üèª,üëé,üèª,P,r,o,c,e,s,s,o,r, ,i,s, ,P,a,t,h,e,t,i,c,., ,üëé,üèª,üëé,üèª,üëé,üèª,C,a,m,e,r,a, ,F,r,o,n,t, ,i,s, ,j,u,s,t, ,o,k,a,y,., ,B,a,c,k, ,t,o,t,a,l, ,f,a,i,l,u,r,e,.,üëé,üèª,P,o,o,r, ,I,n,t,e,r,n,e,t, ,c,o,n,n,e,c,t,i,v,i,t,y,., ,üëé,üèª,üëé,üèª,üëé,üèª,üëé,üèª,üëé,üèª,N,o,t,h,i,n,g, ,i,n,s,i,d,e, ,t,h,e, ,b,o,x,., ,üëé,üèª,üëé,üèª,üëé,üèª,üëé,üèª,P,l,e,a,s,e, ,d,o,n,',t, ,t,h,i,n,k, ,o,f, ,b,u,y, ,t,h,i,s, ,p,h,o,n,e,., ,1,0,0,%, ,y,o,u, ,w,i,l,l, ,r,e,g,r,e,t,., ,M,A,D,E, ,I,N, ,C,H,I,N,A, ,p,r,o,d,u,c,t,., ,T,h,e,y, ,m,e,n,t,i,o,n,e,d, ,a,s, ,I,N,D,I,A, ,e,v,e,r,y,w,h,e,r,e, ,b,u,t, ,t,h,e, ,M,o,b,i,l,e,., ,S,o,f,t, ,c,o,v,e,r, ,s,h,o,w,s, ,M,A,D,E, ,I,N, ,C,H,I,N,A,., ,R,s,.,8,9,9,8, ,i,s, ,w,a,s,t,e,d,.,.,Y,o,u, ,c,a,n, ,b,u,y, ,f,o,r, ,a, ,e,l,d,e,r,l,y, ,p,e,r,s,o,n, ,w,h,o, ,u,s,e, ,o,n,l,y, ,f,o,r, ,C,a,l,l, ,p,u,r,p,o,s,e,., ,B,e,t,t,e,r, ,D,o,n,',t, ,B,u,y, ,üòÇ,üòÇ,üòÇ
A,w,s,m, ,p,h,o,n,e,., ,D,i,s,p,l,a,y, ,g,r,e,a,t,.,B,e,a,s,t, ,p,e,r,f,o,r,m,a,n,c,e, ,b,y, ,#,m,i, ,#,r,e,d,m,i,9,.,.,.,M,a,i,n, ,t,h,i,n,g, ,i,s, ,b,a,t,t,e,r,y,.,j,u,s,t, ,a,w,s,m,.
p,h,o,n,e, ,i,s, ,g,o,o,d,., ,w,o,r,k,s, ,s,m,o,o,t,h,., ,b,u,t, ,c,a,m,e,r,a, ,i,s, ,v,e,r,y, ,d,i,s,a,p,p,o,i,n,t,i,n,g,.,.,.,.
B,a,t,t,e,r,y, ,p,e,r,f,o,r,m,a,n,c,e, ,i,s, ,n,o,t, ,g,o,o,d, ,c,a,m,e,r,a, ,q,u,a,l,i,t,y, ,i,s, ,n,o,t, ,g,o,o,d, ,a,l,s,o, ,t,h,e,r,e, ,i,s, ,n,o, ,b,r,i,g,h,t,n,e,s,s, ,i,n, ,m,y, ,d,e,v,i,c,e, ,I, ,d,o,n,',t, ,w,a,n,t, ,t,h,i,s, ,m,o,b,i,l,e
T,h,i,s, ,i,s, ,a, ,v,e,r,y, ,g,o,o,d, ,p,r,o,d,u,c,t, ,w,i,t,h, ,l,o,w, ,p,r,i,c,e,., ,T,h,a,n,k,s, ,A,m,a,z,o,n, ,a,n,d, ,R,e,d,m,i, ,M,o,b,i,l,e, ,f,o,r, ,t,h,i,s, ,p,r,o,d,u,c,t,.,E,x,c,e,l,l,e,n,t, ,l,o,o,k,s, ,a,n,d, ,c,o,l,o,u,r, ,a,n,d, ,a,w,e,s,o,m,e, ,f,e,a,t,u,r,e,s,.,I, ,l,o,v,e, ,t,h,i,s, ,p,r,o,d,u,c,t, ,t,o,o, ,m,u,c,h, ,t,h,a,n,k,s, ,A,m,a,z,o,n, ,a,g,a,i,n,.
I, ,l,o,v,e, ,t,h,i,s, ,m,o,b,i,l,e, ,r,e,d,m,i, ,9, ,i,t,s, ,a, ,b,e,a,u,t,i,f,u,l, ,m,o,b,i,l,e, ,i,n, ,l,a,w, ,b,u,d,g,g,e,t,.
P,r,o,d,u,c,t, ,i,s, ,g,o,o,d, ,b,u,t, ,p,r,o,t,e,c,t,i,o,n, ,(,b,a,c,k, ,c,o,v,e,r,), ,n,o,t, ,p,r,o,v,i,d,e,d, ,a,n,d, ,n,o,t, ,a,v,a,i,l,a,b,l,e, ,i,n, ,m,a,r,k,e,t, ,f,o,r, ,t,h,i,s, ,m,o,d,e,l,.,P,l,., ,P,r,o,v,i,d,e, ,s,u,i,t,a,b,l,e, ,s,i,m,p,l,e, ,b,a,c,k, ,c,a,s,e, ,f,o,r, ,m,i,n,i,u,m, ,p,r,o,t,e,c,t,i,o,n
A,m,a,z,i,n,g, ,p,r,o,d,u,c,t, ,üòä, ,t,h,a,n,k,s, ,y,o,u
V,a,l,u,e, ,f,o,r, ,m,o,n,e,y, ,p,r,o,d,u,c,t,., ,T,h,e, ,#,R,e,d,m,i,9, ,i,s, ,b,e,s,t, ,m,o,b,i,l,e, ,a,t, ,t,h,i,s, ,r,a,t,e, ,w,h,i,c,h, ,c,o,m,e,s, ,2,.,3,g,h,z, ,c,l,o,c,k, ,s,p,e,e,d, ,a,n,d, ,4,G,B, ,r,a,m,., ,V,e,r,y, ,s,m,o,o,t,h, ,a,n,d, ,I, ,l,i,k,e,d, ,t,h,e, ,b,a,t,t,e,r,y, ,c,a,p,a,c,i,t,y, ,v,e,r,y, ,m,u,c,h,., ,I, ,c,a,n, ,p,l,a,y, ,p,u,b,g, ,o,n, ,i,t, ,f,o,r, ,c,o,n,t,i,n,u,e, ,5, ,h,o,u,r,s, ,a,f,t,e,r, ,f,u,l,l,., ,S,o, ,h,a,p,p,y, ,t,h,a,t, ,I, ,b,u,y,e,d, ,t,h,i,s, ,m,o,b,i,l,e,., ,I, ,l,o,v,e, ,t,h,e, ,#,M,I, ,b,r,a,n,d, ,v,e,r,y, ,m,u,c,h,.,#,R,e,d,m,i,9,_,i,z,_,l,u,b
V,e,r,y, ,g,o,o,d, ,p,r,o,d,u,c,t, ,f,o,r, ,t,h,e, ,b,u,d,g,e,t, , ,M,y, ,h,o,n,e,s,t, ,r,e,v,i,e,w, ,a,f,t,e,r, ,5, ,d,a,y,s, ,o,f, ,u,s,a,g,e,D,i,s,p,l,a,y, ,4,/,5,C,a,m,e,r,a, ,3,.,8,/,5, ,i,t, ,i,s, ,g,o,o,d, ,f,o,r, ,t,h,e, ,b,u,d,g,e,t,A,u,d,i,o, ,q,u,a,l,i,t,y, ,5,/,5,F,i,n,g,e,r, ,p,r,i,n,t, ,s,e,n,s,o,r, ,5,/,5,F,a,c,e, ,I,',d, ,5,/,5,I,t, ,h,a,s, ,g,o,o,d, ,p,r,o,c,e,s,s,o,r, ,h,e,l,l,o, ,g,3,5, ,w,h,i,c,h, ,i,s, ,g,o,o,d, ,e,v,e,n, ,r,e,d,m,i, ,g,a,v,e, , ,h,y,p,e,r, ,e,n,g,i,n,e, ,t,e,c,h,n,o,l,o,g,y, ,w,h,i,c,h, ,i,s, ,g,o,o,d, ,f,o,r, ,p,l,a,y,i,n,g, ,m,i,l,d, ,g,a,m,e,s, ,a,n,d, ,s,u,r,p,r,i,s,i,n,g,l,y, ,s,a,r, ,v,a,l,u,e, ,i,s, ,t,o,o, ,l,o,w, ,w,h,i,c,h, ,i,s, ,a,w,e,s,o,m,e, ,",", ,d,o,n,t, ,t,r,y, ,t,o, ,p,l,a,y, ,h,e,a,v,y, , ,g,a,m,e,s, ,i,t, ,w,i,l,l, ,s,o,m,e,t,i,m,e, ,g,e,t, ,h,a,n,g, ,",", ,b,a,t,t,e,r,y, ,l,i,f,e, ,i,s, ,a,w,e,s,o,m,e, ,i,t, ,w,i,l,l, ,g,e,t, ,u,p,t,o, ,m,a,x, ,2, ,d,a,y,s, ,b,a,t,t,e,r,y, ,b,a,c,k,u,p, ,w,i,t,h, ,m,i,l,d, ,u,s,a,g,e,T,h,e, ,o,n,l,y, ,p,r,o,b,l,e,m, ,t,h,e,y, ,d,i,d, ,n,o,t, ,g,i,v,e, ,u,s,b, ,t,y,p,e, ,c, ,c,a,b,l,e, ,b,u,t, ,f,o,r, ,t,h,e, ,b,u,d,g,e,t, ,i,t, ,i,s, ,n,o,t, ,a, ,b,i,g, ,i,s,s,u,e,M,a,i,n,l,y, ,I, ,w,i,l,l, ,r,e,c,o,m,m,e,n,d, ,t,h,i,s, ,p,r,o,d,u,c,t, ,w,h,o, ,l,o,v,e, ,t,o, ,s,t,u,d,y, ,i,n, ,o,n,l,i,n,e, ,p,l,a,t,f,o,r,m
V,e,r,y, ,g,o,o,d, ,p,r,o,d,u,c,t,",", ,n,i,c,e, ,l,o,o,k,i,n,g,",",s,u,p,e,r
T,h,e, ,p,h,o,n,e, ,i,s, ,v,e,r,y, ,h,a,n,g, ,a,n,d, ,s,o,m,e, ,a,p,p,l,i,c,a,t,i,o,n, ,d,o,e,s,n,',t, ,w,o,r,k, ,p,r,o,p,e,r,l,y,.,.,.,.,P,l,s, ,d,o,n,',t, ,b,u,y, ,t,h,i,s, ,.,.,.,.,I,f, ,y,o,u, ,a,r,e, ,t,r,y, ,t,o, ,r,e,t,u,r,n, ,i,t, ,w,i,l,l, ,h,a,v,i,n,g, ,l,o,t,s, ,o,f, ,s,t,a,g,e,s, ,a,n,d, ,p,r,o,c,e,d,u,r,e,s,.,T,h,e, ,p,e,r,f,o,r,m,a,n,c,e, ,o,f, ,t,h,i,s, ,p,h,o,n,e, ,i,s, ,v,e,r,y, ,b,a,d,.,.,.,R,e,d,m,i, ,p,r,o,v,i,d,e, ,4,g,b, ,r,a,m, ,b,u,t, ,i,t, ,h,a,v,i,n,g, ,B,e,l,o,w, ,2, ,g,b, ,e,x,p,e,r,i,e,n,c,e,.,.,.,P,o,o,r, ,n,e,t,w,o,r,k, ,c,o,n,n,e,c,t,i,v,i,t,y, ,a,n,d, ,s,o,m,e, ,t,i,m,e,s, ,i,t, ,s,h,o,w,i,n,g, ,b,l,a,n,k, ,s,c,r,e,e,n,.,.,.,V,e,r,y, ,w,a,s,t,e, ,p,r,o,d,u,c,t,s,.,.,.,a,n,d, ,b,i,g, ,l,o,s,e, ,o,f, ,m,o,n,e,y,.,.,.,.,.,.,.,.,.
B,e,s,t, ,i,n, ,t,h,e, ,p,r,i,c,e, ,r,a,n,g,e,B,e,t,t,e,r, ,r,a,m, ,m,a,n,a,g,e,m,e,n,t
R,e,d,m,i,9,T,o,o, ,m,a,n,y, ,d,i,s,a,d,v,a,n,t,a,g,e,s,C,a,m,e,r,a, ,q,u,a,l,i,t,y, ,i,s, ,w,o,r,s,t,:,b,o,t,h, ,f,r,o,n,t, ,a,n,d, ,r,e,a,r,.,P,r,o,c,e,s,s,o,r, ,i,s, ,v,e,r,y, ,s,l,o,w,.,B,o,d,y, ,i,s, ,p,l,a,s,t,i,c, ,a,n,d, ,w,h,i,c,h, ,i,s, ,u,s,e,l,e,s,s,D,i,s,p,l,a,y, ,q,u,a,l,i,t,y, ,i,s, ,v,e,r,y, ,b,a,d,M,i,c,r,o, ,u,s,b, ,c,h,a,r,g,e,r,:, ,t,h,i,s, ,w,o,n,d,e,r,",", ,s,i,n,c,e, ,a,l,l, ,m,o,d,e,l, ,n,e,w, ,p,h,o,n,e,s, ,a,r,e, ,c,o,m,i,n,g, ,w,i,t,h, ,c,-,p,o,r,t,",", ,b,u,t, ,t,h,i,s, ,p,h,o,n,e, ,w,i,t,h, ,o,l,d, ,m,o,d,e,l, ,m,i,c,r,o, ,u,s,b, ,p,o,r,t,.,V,i,d,e,o, ,c,a,l,l,i,n,g, ,i,s, ,i,s,s,u,e,.,H,e,a,t,i,n,g, ,i,s,s,u,e, ,d,u,r,i,n,g, ,c,h,a,r,g,e, ,a,s,w,e,l,l, ,a,s, ,d,u,r,i,n,g, ,t,h,e, ,c,a,l,l,",",Y,o,u, ,c,a,n,',t, ,v,i,d,e,o, ,c,a,l,l, ,a,n,d, ,m,a,n,y, ,m,o,r,e, ,i,s,s,u,e,.,A,n,d, ,y,o,u, ,c,a,n,',t, ,r,e,t,u,r,n, ,t,h,e, ,p,h,o,n,e, ,i,n, ,A,m,a,z,o,n,.,T,o,t,a,l,l,y, ,t,h,i,s, ,p,h,o,n,e, ,i,s, ,g,u,t,t,e,r,c,h,a,p, ,q,u,a,l,i,t,y,.
W,o,r,s,t, ,p,r,o,d,u,c,t, ,e,v,e,r, ,a,s, ,t,h,e, ,c,a,m,e,r,a, ,q,u,a,l,i,t,y, ,i,s, ,v,e,r,y, ,p,o,o,r,t, ,r,e,a,r, ,a,s, ,w,e,l,l, ,a,s, ,f,r,o,n,t,., ,A,m,a,z,o,n, ,w,a,s, ,n,o,t, ,r,e,a,d,y, ,t,o, ,t,a,k,e, ,t,h,e, ,r,e,t,u,r,n, ,a,s, ,t,h,e,y, ,h,a,v,e, ,a, ,n,e,w, ,p,o,l,i,c,y, ,n,o,w, ,w,h,i,c,h, ,i,s, ,r,e,p,l,a,c,e,m,e,n,t, ,p,o,l,i,c,y, ,s,o, ,t,h,e,y, ,w,i,l,l, ,g,e,t, ,y,o,u, ,a, ,r,e,p,l,a,c,e,m,e,n,t, ,b,u,t, ,w,o,n,',t, ,t,a,k,e, ,i,t, ,b,a,c,k,., ,B,o,u,g,h,t, ,t,h,a,t, ,i,n, ,s,a,l,e, ,a,s, ,h,a,d, ,h,e,a,r,d, ,f,r,o,m, ,f,r,i,e,n,d,s, ,t,h,a,t, ,r,e,d,m,i, ,p,h,o,n,e,s, ,a,r,e, ,g,o,o,d, ,b,u,t, ,i,t, ,a,i,n,',t,., ,W,i,l,l, ,s,u,g,g,e,s,t, ,n,o,t, ,t,o, ,b,u,y, ,a,t, ,a,l,l, ,f,r,o,m, ,A,m,a,z,o,n, ,a,s, ,i,t,',s, ,b,e,t,t,e,r, ,t,o, ,g,o, ,a,n,d, ,b,u,y, ,f,r,o,m, ,t,h,e, ,s,t,o,r,e, ,a,t,l,e,a,s,t, ,t,h,e,y, ,t,a,k,e, ,5,0,0,r,s, ,a,n,d, ,w,i,l,l, ,e,x,c,h,a,n,g,e, ,t,h,e, ,p,r,o,d,u,c,t,., ,S,p,e,a,k,e,r, ,i,s, ,p,o,o,r, ,y,o,u, ,c,a,n, ,n,o,t, ,h,e,a,r, ,p,r,o,p,e,r,l,y, ,o,n, ,s,p,e,a,k,e,r, ,a,t, ,a,l,l,., ,P,r,o,d,u,c,t, ,i,s, ,n,o,t, ,w,o,r,t,h, ,i,n, ,t,h,i,s, ,p,r,i,c,e, ,r,a,n,g,e, ,a,s, ,o,n,e, ,c,a,n, ,g,e,t, ,b,e,t,t,e,r, ,o,p,t,i,o,n,s, ,b,y, ,p,a,y,i,n, ,1,0,0,0,-,2,0,0,0, ,b,u,c,k,s, ,e,x,t,r,a,.
I, ,a,m, ,u,s,i,n,g, ,t,h,i,s, ,s,i,n,c,e, ,p,h,o,n,e, ,s,i,n,c,e, ,a, ,w,e,e,k,",", ,c,o,m,p,l,e,t,e,l,y, ,a, ,g,o,o,d, ,e,x,p,e,r,i,e,n,c,e, ,a,n,d, ,a,n,d, ,c,a,m,e,r,a, ,g,o,t, ,i,t,s, ,b,e,s,t, ,p,o,t,e,n,t,i,a,l,",", ,b,e,s,t, ,d,i,s,p,l,a,y,",", ,b,a,t,t,e,r,y,",", ,a,n,d, ,s,p,e,a,k,e,r,s,",", ,v,a,l,u,e, , ,f,o,r, ,m,o,n,e,y,., ,#,r,e,d,m,i,9, ,b,e,s,t, ,m,o,b,i,l,e, ,",", ,o,v,e,r,a,l,l, ,b,e,s,t, ,m,o,b,i,l,e,.
s,p,e,c,i,f,i,c,a,t,i,o,n,s, ,a,r,e, ,o,k, ,b,u,t, ,p,o,o,r, ,c,a,m,e,r,a,b,o,t,h, ,c,a,m,e,r,a,s, ,a,r,e, ,n,o,t, ,s,o, ,g,o,o,d,d,i,s,p,l,a,y, ,b,r,i,g,h,t,n,e,s,s, ,i,s, ,l,o,w, ,i,n, ,d,a,t, ,l,i,g,h,t,p,e,r,f,o,r,m,a,n,c,e, ,i,s, ,o,k
G,o,o,d, ,o,p,t,i,o,n, ,a,f,t,e,r, ,R,e,a,l,m,e, ,N,a,r,z,o, ,1,0,A, ,a,n,d, ,C,3
B,y, ,b,u,y,i,n,g, ,t,h,i,s, ,p,r,o,d,u,c,t, ,i, ,a,m, ,v,e,r,y, ,h,a,p,p,y, ,i,s,t, ,b,a,t,t,e,r,y, ,l,i,f,e, ,i,s, ,m,o,r,e, ,t,h,a,n, ,2,0,h,o,u,r, ,a,n,d, ,i,t, ,n,e,v,e,r, ,w,a,r,m, ,i, ,p,l,a,y, ,2, ,h,o,u,r, ,c,o,n,t,i,n,u,e,d, ,g,a,m,e, ,b,u,t, ,i,t, ,i,s, ,n,o,t, ,w,a,r,m, ,i,t, ,i,s, ,m,o,r,e, ,b,a,t,t,e,r, ,t,h,a,n, ,o,t,h,e,r, ,p,r,o,d,u,c,t,s, ,i,n, ,t,h,i,s, ,r,a,n,g,e
V,e,r,y, ,v,e,r,y, ,p,o,o,r, ,c,a,m,e,r,a,.,i,t,s, ,l,o,o,k, ,l,i,k,e, ,j,i,o, ,1,5,0,0,/,-, ,c,a,m,e,r,a, ,a,n,d, ,s,u,p,p,l,i,e,r, ,n,o,t, ,r,e,s,p,o,n,d,e,d, ,r,e,g,a,r,d,i,n,g, ,t,h,i,s, ,i,s,s,u,e
C,a,m,e,r,a, ,i,s, ,g,o,o,d, ,&, ,t,h,e, ,b,a,t,t,e,r,y, ,b,a,c,k,u,p, ,i,s, ,s,t,r,o,n,g, ,&, ,a,t, ,t,h,i,s, ,c,o,s,t, ,t,h,a,t, ,i,s, ,a,m,a,z,i,n,g, ,p,h,o,n,e
I,t, ,w,a,s, ,t,h,e, ,b,e,s,t, ,d,e,c,i,s,i,o,n, ,t,o, ,b,u,y, ,t,h,i,s, ,p,r,o,d,u,c,t, ,#,r,e,d,m,i, ,9,T,h,a,n,k, ,t,o, ,m,y, ,f,r,i,e,n,d, ,a,n,d, ,#,M,I,I,t, ,h,a,s, ,s,o, ,m,a,n,y, ,f,e,a,t,u,r,e,s, ,i,n, ,s,u,c,h, ,a, ,a,f,f,o,r,d,a,b,l,e, ,p,r,i,c,e,",", ,s,o, ,r,e,a,l,l,y, ,l,o,o,k,i,n,g, ,f,o,r,w,a,r,d, ,t,o, ,t,h,i,s
I,t, ,i,s, ,o,n,e, ,o,f, ,t,h,e, ,b,e,s,t, ,i,n, ,h,e,l,p,i,n,g, ,m,e, ,i,n, ,m,a,k,i,n,g, ,c,o,n,t,e,n,t, ,o,f, ,t,i,k, ,t,o,k,.,I,t, ,i,s, ,b,e,t,t,e,r, ,t,h,a,n, ,D,o,u,b,l,e, ,A,p,p,l,e, ,I,p,h,o,n,e, ,X,X,X,S, ,m,a,x, ,p,r,o
S,u,p,e,r, ,m,o,b,i,l,e,.,., ,I, ,g,i,f,t,e,d, ,t,h,i,s, ,t,o, ,m,y, ,m,o,m,., ,S,h,e, ,i,s, ,v,e,r,y, ,h,a,p,p,y,.,., ,T,h,e, ,s,p,e,c,i,f,i,c,a,t,i,o,n,s, ,a,r,e, ,r,e,a,l,l,y, ,g,o,o,d, ,f,o,r, ,t,h,i,s, ,p,r,i,c,e, ,r,a,n,g,e,.,., ,B,a,t,t,e,r,y, ,i,s, ,l,i,k,e, ,a, ,b,r,i,c,k,.,., ,C,h,a,r,g,e, ,r,e,m,a,i,n,s, ,f,o,r, ,m,a,n,y, ,d,a,y,s, ,a,t, ,o,n,c,e,.,., ,I,',m, ,w,r,i,t,i,n,g, ,t,h,i,s, ,r,e,v,i,e,w, ,a,f,t,e,r, ,3,w,e,e,k,s, ,o,f, ,u,s,a,g,e,.,.,., ,I,',m, ,s,o, ,h,a,p,p,y,.
I,f, ,y,o,u, ,n,e,e,d, ,a, ,p,h,o,n,e, ,u,n,d,e,r, ,1,0,K, ,w,i,t,h, ,d,e,c,e,n,t, ,f,e,a,t,u,r,e,s, ,t,h,e,n, ,t,h,i,s, ,i,s, ,t,h,e, ,p,h,o,n,e, ,.,.
M,y, ,s,u,g,g,e,s,t,i,o,n, ,f,o,r, ,e,v,e,r,y,o,n,e, ,w,h,o, ,i,s, ,t,h,i,n,k,i,n,g, ,t,o, ,b,u,y, ,r,e,d,m,i, ,9,",", ,p,l,e,a,s,e, ,d,o,n,',t, ,b,u,y,.,R,e,d,m,i, ,i,s, ,a, ,v,e,r,y, ,t,r,u,s,t, ,b,r,a,n,d, ,b,u,t, ,n,o,t, ,r,e,d,m,i, ,9,.,I, ,p,u,r,c,h,a,s,e,d, ,t,h,i,s, ,p,h,o,n,e, ,3,w,e,e,k,s, ,a,g,o,",", ,f,i,r,s,t, ,i,t, ,w,a,s, ,i,n, ,g,o,o,d, ,c,o,n,d,i,t,i,o,n,",", ,a,f,t,e,r, ,3, ,w,e,e,k, ,i,t, ,s,t,a,r,t,e,d, ,t,o, ,h,a,n,g, ,e,v,e,r,y, ,m,o,r,n,i,n,g,",", ,a,f,t,e,r, ,4, ,d,a,y,s, ,t,h,e, ,p,h,o,n,e, ,c,o,m,p,l,e,t,e,l,y, ,s,h,u,t,d,o,w,n,.,I, ,d,o,n,',t, ,k,n,o,w, ,w,h,a,t, ,t,o, ,d,o,",", ,b,e,f,o,r,e, ,g,e,t,t,i,n,g, ,o,n,e, ,m,o,n,t,h, ,t,h,i,s, ,h,a,p,p,e,n,e,d,.,I,t,',s, ,g,e,t,t,i,n,g, ,r,e,a,l,l,y, ,h,u,r,t, ,t,o, ,u,s,e, ,t,h,i,s, ,p,h,o,n,e,.
B,e,s,t, ,b,u,d,g,e,t, ,m,o,b,i,l,e, ,u,n,d,e,r, ,9,0,0,0,/,-,B,e,t,t,e,r, ,t,o, ,g,o, ,w,i,t,h, ,R,e,d,m,i, ,9, ,P,r,i,m,e
A,l,t,h,o,u,g,h, ,i,t,s, ,b,a,t,t,e,r,y, ,b,a,c,k,u,p, ,i,s, ,v,e,r,y, ,n,i,c,e, ,a,n,d, ,l,a,s,t, ,f,o,r, ,a,t, ,l,e,a,s,t, ,o,n,e, ,d,a,y, ,a,n,d, ,m,i,u,i, ,1,2, ,i,s, ,a,l,s,o, ,g,i,v,e,s, ,s,m,o,o,t,h, ,d,i,s,p,l,a,y, ,b,u,t, ,o,n,e, ,t,h,i,n,g, ,t,h,a,t, ,s,h,o,u,l,d, ,b,e, ,f,i,x,e,d, ,i,s, ,f,a,c,e, ,u,n,l,o,c,k, ,i,s, ,n,o,t, ,w,o,r,k,i,n,g, ,p,r,o,p,e,r,l,y, ,i,t, ,u,n,l,o,c,k,s, ,w,i,t,h, ,t,w,o, ,d,i,f,f,e,r,e,n,t, ,p,e,r,s,o,n, ,o,f, ,s,l,i,g,h,t,l,y, ,s,a,m,e, ,c,h,a,r,a,c,t,e,r,s
V,e,r,y, ,b,a,d, ,e,x,p,e,r,i,e,n,c,e, ,i,n, ,t,h,a,t, ,m,o,b,i,l,e, ,I, ,p,u,r,c,h,a,s,e, ,t,h,a,t, ,m,o,b,i,l,e, ,b,e,c,a,u,s,e, ,t,h,e, ,c,a,m,e,r,a, ,c,l,e,a,r,i,t,y, ,i,s, ,n,o,t, ,g,o,o,d, ,v,e,r,y, ,p,o,o,r, ,q,u,a,l,i,t,y
2, ,p,r,o,b,l,e,m, ,N,o, ,T,y,p,e,-,C, ,p,o,r,t, ,a,n,d, ,I,R, ,B,l,a,s,t,e,r
S,u,p,e,r, ,c,l,a,r,i,t,y,.,.,.,.,i,t,s, ,h,a,v,i,n,g, ,m,o,r,e, ,f,e,a,t,u,r,e,s, ,üòò,ü•∞,ü•∞,üòç
I,t, ,i,s, ,t,h,e, ,b,e,s,t, ,p,h,o,n,e, ,a,t, ,8,9,9,9
T,h,i,s, ,p,h,o,n,e, ,h,a,s, ,l,e,s,s, ,f,e,a,t,u,r,e,s, ,a,s, ,c,o,m,p,a,r,e,d, ,t,o, ,o,t,h,e,r, ,r,e,d,m,i, ,m,o,d,e,l,s,., ,B,y, ,s,e,e,i,n,g, ,t,h,e, ,R,e,a,r, ,c,a,m,e,r,a,",", ,i,t, ,s,e,e,m,s, ,l,i,k,e, ,i,t,',s, ,Q,u,a,d,",", ,b,u,t, ,i,n, ,r,e,a,l,i,t,y, ,i,t,',s, ,n,o,t,., ,A,l,o,s, ,t,h,e, ,c,a,m,e,r,a, ,q,u,a,l,i,t,y, ,i,s, ,n,o,t, ,g,o,o,d,., ,P,r,o,c,e,s,s,o,r, ,i,s, ,a,l,s,o, ,s,l,o,w,., ,O,n,e, ,g,o,o,d, ,t,h,i,n,g, ,i,s, ,t,h,a,t, ,i,t, ,i,s, ,4,/,6,4, ,w,h,i,c,h, ,i,s, ,g,o,o,d, ,i,n, ,t,h,i,s, ,p,r,i,c,e, ,r,a,n,g,e,., ,I,t,',s, ,l,i,k,e, ,i, ,w,o,n,',t, ,r,e,c,o,m,m,e,n,d, ,i,t,.
C,h,a,r,g,i,n,g, ,s,p,e,e,d, ,i,s, ,v,e,r,y, ,l,o,w,B,u,t, ,b,a,t,t,e,r,y, ,l,i,f,e, ,i,s, ,g,o,o,d,W,o,r,t,h,y, ,o,f, ,m,o,n,e,y,üí∞,ü§ë,G,o,o,d, ,f,e,a,t,u,r,e,s,",", ,N,o,t, ,s,u,i,t,a,b,l,e, ,f,o,r, ,h,e,a,v,y, ,u,s,a,g,e,",", ,y,o,u, ,w,a,n,n,a, ,p,l,a,y, ,g,a,m,e,s, ,l,i,k,e, ,f,r,e,e, ,f,i,r,e,",", ,p,u,b,g, ,g,o, ,f,o,r, ,a,n,o,t,h,e,r, ,m,o,b,i,l,e, ,üòÅ
N,i,c,e, ,b,u,d,g,e,t, ,p,h,o,n,e,., ,B,a,c,k, ,C,a,m,e,r,a, ,q,u,a,l,i,t,y, ,i,s, ,v,e,r,y, ,p,o,o,r,., ,E,x,c,e,p,t, ,t,h,a,t, ,a, ,g,o,o,d, ,p,h,o,n,e, ,f,o,r, ,o,u,r, ,p,a,r,e,n,t,s, ,a,n,d, ,g,r,a,n,d, ,p,a,r,e,n,t,s,.
R,e,a,l,l,y, ,#,R,e,d,m,i,9, ,I,s, ,a, ,m,o,s,t, ,V,a,l,u,a,b,l,e, ,p,r,o,d,u,c,t, ,F,o,r, ,m,e,T,h,a,n,k, ,y,o,u, ,#,m,i,I, ,r,e,a,l,l,y, ,a,p,p,r,e,c,i,a,t,e, ,y,o,u,r, ,E,f,f,o,r,t,s, ,t,o, ,s,e,r,v,e, ,y,o,u,r, ,c,u,s,t,o,m,e,r,s,G,o,o,d, ,B,a,t,t,e,r,y, ,l,i,f,e, ,A,n,d, ,c,a,m,e,r,a, ,e,x,p,e,r,i,e,n,c,e
L,o,o,k,i,n,g, ,g,o,o,d, ,b,u,t, ,P,r,o,d,u,c,t, ,q,u,a,l,i,t,y, ,i,s, ,n,o,t, ,g,o,o,d, ,a,s, ,t,h,e, ,v,a,l,u,e,., ,A,n,d, ,t,h,e,r,e,',s, ,n,o, ,a,n,y, ,e,a,r,p,h,o,n,e,",", ,t,e,m,p,e,r,e,d, ,g,l,a,s,s, ,a,n,d, ,b,a,c,k, ,c,o,v,e,r, ,w,i,t,h, ,i,t,.
T,h,i,s, ,i,s, ,n,o,t, ,a, ,g,o,o,d, ,m,o,b,i,l,e, ,u,n,d,e,r, ,t,h,e, ,p,r,i,c,e, ,r,a,n,g,e,., ,C,h,e,a,p, ,C,h,i,n,e,s,e, ,p,r,o,d,u,c,t,.,.,.,.,d,o,n,',t, ,b,u,y, ,i,t,., ,M,i, ,i,s, ,n,o,w, ,n,o,t, ,f,o,c,u,s,i,n,g, ,o,n, ,q,u,a,l,i,t,y, ,a,s, ,p,a,s,t, ,y,e,a,r,s,.
#,M,I, ,r,e,d,m,i, ,9, ,h,a,s, ,w,o,r,k,i,n,g, ,f,i,n,e, ,a,n,d, ,s,m,o,o,t,h,.,G,o,o,d, ,o,n,e, ,b,a,t,t,e,r,y, ,l,i,f,e, , ,.,e,v,e,n, ,I, ,p,l,a,y,i,n,g, ,p,u,b,g, ,o,n, ,i,t, ,l,o,w, ,h,e,a,t,i,n,g, ,a,n,d, ,g,i,v,i,n,g, ,g,o,o,d, ,p,e,r,f,o,r,m,a,n,c,e, ,.,C,o,s,t, ,o,f, ,M,I, ,r,e,d,m,i, ,9, ,i,s, ,w,o,r,t,h,.
I,t, ,w,a,s, ,a,w,e,s,o,m,e, ,a,n,d, ,f,u,n,c,t,i,o,n,s,., ,a,r,e, ,s,m,o,o,t,h, ,e,n,o,u,g,h, ,c,a,m,e,r,a, ,i,s, ,d,e,f,i,n,i,t,e,l,y, ,b,e,t,t,e,r, ,t,h,a,n, ,m,y, ,o,l,d,e,r, ,m,i, ,i,t,',s, ,c,l,i,c,k,s, ,c,l,e,a,r, ,p,i,c,s, ,a,n,d, ,e,v,e,r,y,t,h,i,n,g, ,w,o,r,k,s, ,p,r,e,t,t,y, ,m,u,c,h, ,a,s, ,e,x,p,e,c,t,e,d,.,.,.,üòä,üòä,üòä
G,r,e,a,t, ,S,m,a,r,t,p,h,o,n,e, ,a,t, ,t,h,i,s, ,p,r,i,c,e, ,r,a,n,g,e,., ,A,w,e,s,o,m,e, ,b,a,t,t,e,r,y, ,l,i,f,e, ,w,i,t,h, ,f,a,s,t, ,c,h,a,r,g,i,n,g,., ,V,e,r,y, ,g,o,o,d, ,d,i,s,p,l,a,y, ,c,o,l,o,u,r,s, ,w,i,t,h, ,a, ,n,i,c,e, ,b,u,i,l,d, ,q,u,a,l,i,t,y,., ,C,a,m,e,r,a, ,i,s, ,A,l,s,o, ,r,e,a,l,l,y, ,s,t,u,n,n,i,n,g,., ,A,t, ,t,h,i,s, ,p,r,i,c,e, ,r,a,n,g,e, ,i,t, ,h,a,s, ,n,o, ,c,o,m,p,e,t,i,t,o,r,s,., ,J,u,s,t, ,s,t,o,p, ,t,h,i,n,k,i,n,g, ,a,n,d, ,g,o, ,f,o,r, ,i,t,.,#,M,i,",",#,R,e,d,m,i,9,",",#,R,e,d,m,i,9,_,i,z,_,l,u,b
W,i,t,h,o,u,t, ,a,n,y, ,t,e,n,s,i,o,n, ,y,o,u, ,c,a,n, ,b,u,y, ,#,r,e,d,m,i, ,9,I,t,',s, ,o,n,e, ,o,f, ,t,h,e, ,b,e,s,t, ,p,h,o,n,e, ,b,y, ,#,X,i,a,o,m,i,P,r,o,c,e,s,s,o,r,",", ,b,a,t,t,e,r,y,",", ,c,a,m,e,r,a, ,a,r,e, ,t,h,e, ,p,e,r,f,e,c,t, ,i,n, ,s,u,c,h, ,a,n, ,a,f,f,o,r,d,a,b,l,e, ,p,r,i,c,e
T,h,i,s, ,i,s, ,a, ,p,e,r,f,e,c,t, ,b,u,d,g,e,t, ,p,h,o,n,e, ,f,o,r, ,d,a,i,l,y, ,u,s,e,., ,A,l,l, ,t,h,e, ,f,e,a,t,u,r,e,s, ,o,f, ,#,m,i, ,a,r,e, ,j,u,s,t, ,a,w,e,s,o,m,e,., ,I, ,r,e,a,l,l,y, ,r,e,c,o,m,m,e,n,d,#,m,i, ,t,o, ,m,y, ,f,r,i,e,n,d,s, ,a,n,d, ,r,e,l,a,t,i,v,e,s,., ,T,h,e, ,p,e,r,f,o,r,m,a,n,c,e, ,i,s, ,j,u,s,t, ,e,x,c,e,l,l,e,n,t, ,a,n,d, ,t,h,e, ,f,i,n,g,e,r,p,r,i,n,t, ,s,e,n,s,o,r, ,i,s, ,a,l,s,o, ,v,e,r,y, ,f,a,s,t,.,.
V,e,r,y, ,n,i,c,e, ,p,r,o,d,u,c,t,., ,I,a,m, ,v,e,r,y, ,h,a,p,p,y, ,t,o, ,s,e,e, ,t,h,i,s, ,p,r,o,d,u,c,t,., ,q,u,a,l,i,t,y, ,o,f, ,p,r,o,d,u,c,t, ,i,s, ,v,e,r,y, ,g,o,o,d, ,a,n,d, ,p,a,c,k,a,g,i,n,g, ,i,s, ,v,e,r,y, ,g,o,o,d,., ,I, ,a,m, ,u,s,e, ,t,h,i,s, ,p,r,o,d,u,c,t, ,a,f,t,e,r, ,4,-,5, ,d,a,y,s, ,a,n,d, ,r,e,s,u,l,t,s, ,i,s, ,v,e,r,y, ,g,o,o,d,., ,I, ,s,u,g,g,e,s,t, ,t,o, ,a,l,l, ,p,e,r,s,o,n, ,t,o, ,b,u,y, ,t,h,i,s, ,p,r,o,d,u,c,t,., ,C,o,m,p,l,e,t,e,l,y, ,v,a,l,u,e, ,f,o,r, ,m,o,n,e,y
i, ,a,m, ,s,h,a,r,i,n,g, ,m,y, ,e,x,p,e,r,i,e,n,c,e, ,",",o,f, ,r,e,d,m,i, ,9, ,",",i,t,s, ,a, ,w,o,n,d,e,r,f,u,l, ,d,e,l,i,v,e,r,y, ,i, ,g,o,t, ,i,t, ,o,n, ,t,i,m,e, ,",", ,s,e,l,l,e,r, ,i,s, ,g,o,o,d, ,",", ,m,y, ,f,i,r,s,t, ,i,m,p,r,e,s,s,i,o,n, ,a,b,o,u,t, ,t,h,i,s, ,p,h,o,n,e, ,i,s, ,t,o,o, ,p,o,s,i,t,i,v,e, ,",", ,g,o,o,d, ,c,a,m,e,r,a, ,",", ,g,o,o,d, ,b,a,t,t,e,r,y,",", ,a,n,d, ,a, ,d,e,c,e,n,t, ,c,a,m,e,r,a, ,",",#,r,e,d,m,i,9, ,",", ,f,o,r, ,o,v,e,r,a,l,l, ,g,o,o,d, ,m,o,b,i,l,e, ,a,n,d, ,v,a,l,u,e, ,f,o,r, ,m,o,n,e,y
T,h,i,s, ,#,R,e,d,m,i,9, ,p,h,o,n,e, ,i,s, ,a,w,e,s,o,m,e, ,a,n,d, ,t,h,i,s, ,p,h,o,n,e, ,c,o,m,e,s, ,u,n,d,e,r, ,9,K, ,b,u,d,g,e,t, ,p,h,o,n,e,t,h,a,t,',s, ,w,h,y, ,I, ,l,o,v,e, ,#,M,i, ,A,n,d, ,I, ,t,h,i,n,k, ,n,o,t, ,e,v,e,n, ,t,o,t,a,l, ,i,n,d,i,a, ,s,h,o,u,l,d, ,l,o,v,e, ,t,h,i,s, ,p,h,o,n,e
E,v,e,r,y,t,h,i,n,g, ,i,s, ,a,c,c,e,p,t,a,b,l,e, ,b,u,t, ,f,i,r,s,t, ,o,n,e, ,i,s, ,o,n,e, ,d,u,m,m,y, ,c,a,m,e,r,a, ,i,s, ,m,a,k,i,n,g, ,f,o,o,l,i,s,h, ,t,o, ,c,u,s,t,o,m,e,r, ,&, ,2,n,d, ,t,h,i,n,g, ,i,s, ,c,a,m,e,r,a, ,q,u,a,l,i,t,y, ,i,s, ,s,o, ,p,o,o,r, ,s,o, ,c,a,m,e,r,a, ,l,o,v,e,r, ,p,l,s, ,i,f, ,y,o,u, ,l,o,o,k,i,n,g, ,t,h,i,s, ,p,h,o,n,e, ,f,o,r, ,s,e,l,f,i, ,r,e,l,a,t,e,d, ,t,h,a,n, ,s,t,r,i,c,t,l,y, ,p,r,o,h,i,b,i,t,e,d, ,f,o,r, ,p,u,r,c,h,a,s,e, ,t,h,i,s, ,o,n,e
G,o,o,d, ,p,e,r,f,o,r,m,a,n,c,e, ,a,n,d, ,s,u,p,e,r, ,d,i,s,p,l,a,y, ,b,u,t, ,c,a,m,e,r,a, ,i,s, ,b,a,d, ,n,o,t, ,w,o,r,t,h, ,1,3, ,m,p,., ,I,f, ,y,o,u, ,a,r,e, ,n,o,t, ,l,o,o,k,i,n,g, ,f,o,r, , ,g,o,o,d, , ,c,a,m,e,r,a, ,t,h,e, ,p,h,o,n,e, ,i,s, ,g,r,e,a,t,., ,G,o,o,d, ,b,a,t,t,e,r,y, ,g,r,e,a,t, ,p,e,r,f,o,r,m,a,n,c,e, ,u,i, ,i,s, ,n,o,t, ,g,o,o,d, ,b,u,t, ,o,k, ,b,u,t, ,c,a,m,e,r,a, ,i,s, ,p,o,o,r, ,o,p,e,n,i,n,g, ,c,a,m,e,r,a, ,l,o,o,k,s, ,l,i,k,e, ,p,l,a,y,i,n,g, ,s,d, ,v,i,d,e,o, ,o,n, ,4,k
M,i, ,p,h,o,n,e, ,i,s, ,v,a,l,u,e, ,f,o,r, ,m,o,n,e,y, ,p,h,o,n,e, ,e,s,p,e,c,i,a,l,l,y, ,r,e,d,m,i, ,9, ,i,f, ,y,o,u, ,t,h,i,n,k, ,a,b,o,u,t, ,p,h,o,n,e, ,i,n, ,1,0,k, ,r,a,n,g,e, ,i, ,s,u,g,g,e,s,t, ,u, ,r,e,d,m,i, ,9, ,t,h,i,s, ,p,h,o,n,e, ,h,a,s, ,g,o,o,d, ,l,o,o,k,i,n,g, ,p,h,o,n,e, ,b,a,t,t,e,r,y, ,l,i,f,e, ,i,s, ,t,o, ,l,o,n,g, ,a,n,d, ,d,i,s,p,l,a,y, ,q,u,a,l,i,t,y, ,f,e,e,l, ,b,e,t,t,e,r, ,t,h,a,n, ,a,n,o,t,h,e,r, ,p,h,o,n,e, ,a,n,d, ,p,r,o,c,e,s,s,o,r, ,i,s, ,g,o,o,d, ,#,R,e,d,m,i,9
M,o,b,i,l,e, ,i,s, ,o,k,a,y, ,b,u,t, ,C,a,m,e,r,a, ,i,s, ,a, ,c,r,a,p,",", ,n,o, ,h,e,a,d,s,e,t, ,a,n,d, ,n,o, ,b,a,c,k, ,c,o,v,e,r, ,w,i,t,h, ,t,h,i,s, ,m,o,b,i,l,e, ,a,l,s,o, ,t,h,i,s, ,i,s, ,n,o,t, ,a, ,f,a,s,t, ,c,h,a,r,g,i,n,g, ,m,o,b,i,l,e,R,e,s,t, ,a,l,l, ,i,s, ,f,i,n,e, ,r,u,n,s, ,s,m,o,o,t,h,l,y,.
V,e,r,y, ,g,o,o,d, ,m,o,b,i,l,e, ,i,n, ,t,h,i,s, ,p,r,i,c,e,.,.
I,',m, ,h,a,p,p,y, ,t,o, ,b,u,y, ,t,h,i,s, ,m,o,b,i,l,e, ,p,h,o,n,e,., ,B,e,s,t, ,q,u,a,l,i,t,y, ,i,n, ,t,h,a,t, ,p,r,i,c,e,., ,H,i,g,h, ,q,u,a,l,i,t,y, ,a,n,d, ,f,e,a,t,u,r,e,s, ,i,n, ,l,o,w, ,p,r,i,c,e, ,I,',m, ,v,e,r,y, ,e,x,c,i,t,e,d, ,t,o, ,g,e,t, ,t,h,i,s, ,m,o,b,i,l,e,.
L,a,r,g,e, ,D,i,s,p,l,a,y,",", ,B,e,t,t,e,r, ,p,e,r,f,o,r,m,a,n,c,e, ,a,t, ,l,o,w, ,p,r,i,c,e,",", ,t,h,e, ,h,y,p,e,r, ,e,n,g,i,n,e, ,p,r,o,v,i,d,e,d, ,b,y, ,M,e,d,i,a,t,e,k, ,m,a,k,e,s, ,t,h,e, ,g,a,m,i,n,g, ,e,x,p,e,r,i,e,n,c,e, ,s,m,o,o,t,h,",", ,a,n,d, ,5,0,0,0, ,m,A,h, ,b,a,t,t,e,r,y, ,p,r,o,v,i,d,e,s, ,u,n,i,n,t,e,r,r,u,p,t,e,d, ,s,e,r,v,i,c,e,s, ,t,h,r,o,u,g,h,o,u,t, ,t,h,e, ,d,a,y,.,#,m,i, ,#,r,e,d,m,i,9, ,#,m,e,d,i,a,t,e,k, ,#,h,y,p,e,r,_,e,n,g,i,n,e
S,u,p,e,r,b, ,a,n,d, ,a,s, ,e,x,p,e,c,t,e,d,W,o,n,d,e,r,f,u,l, ,m,u,s,t, ,b,u,y, ,t,h,i,s, ,p,h,o,n,e,s, ,i,t,',s, ,g,o,o,d, ,f,o,r, ,s,t,u,d,e,n,t,s,A,n,d, ,a,m,a,z,i,n,g, ,f,e,a,t,u,r,e,s, ,f,o,r, ,j,u,s,t, ,9,0,0,0, ,i,s, ,j,u,s,t, ,l,i,k,e, ,i,m,p,o,s,s,i,b,l,e
V,e,r,y, ,b,a,d, ,e,x,p,e,r,i,e,n,c,e, ,f,r,o,m, ,A,m,a,z,o,n,., ,V,e,r,y, ,b,a,d, ,c,a,m,e,r,a, ,q,u,a,l,i,t,y, ,o,f, ,t,h,e, ,p,h,o,n,e,., ,I, ,w,a,n,t, ,t,o, ,r,e,t,u,r,n, ,t,h,e, ,p,h,o,n,e,",", ,b,u,t, ,a,m,a,z,o,n, ,i,s, ,n,o,t, ,t,a,k,i,n,g, ,b,a,c,k, ,t,h,e, ,p,h,o,n,e,., ,I, ,d,o,n,',t, ,w,a,n,t, ,t,o, ,p,u,r,c,h,a,s,e, ,a,n,y, ,p,r,o,d,u,c,t, ,f,r,o,m, ,a,m,a,z,o,n, ,f,u,r,t,h,e,r,., ,L,e,a,v,i,n,g, ,a,m,a,z,o,n, ,a,p,p, ,p,e,r,m,a,n,e,n,t,l,y
O,s,m,A,m,a,z,i,n,g, ,e,x,p,e,r,i,e,n,c,e,A,l,l, ,i,n, ,o,n,e,M,i,n,d, ,b,l,o,w,i,n,g, ,p,h,o,n,e,S,p,e,c,i,a,l, ,t,h,a,n,k,s, ,t,o, ,m,r, ,m,a,n,u, ,j,a,i,n,C,o,-,f,o,u,n,d,e,r, ,m,i,L,o,t, ,o,f, ,t,h,a,n,k,s
F,r,o,n,t, ,c,a,m,e,r,a, ,i,s, ,n,o,t, ,t,h,a,t, ,g,o,o,d,., ,O,t,h,e,r, ,t,h,a,n, ,t,h,a,t, ,e,v,e,r,y,t,h,i,n,g, ,i,s, ,w,o,r,k,i,n,g, ,g,o,o,d,.,i, ,g,o,t, ,m,y, ,p,h,o,n,e, ,d,e,l,i,v,e,r,e,d, ,i,n, ,3, ,d,a,y,s
M,o,b,i,l,e, ,i,s, ,g,o,o,d, ,b,u,t, ,i, ,g,a,v,e, ,3, ,s,t,a,r, ,b,e,c,a,u,s,e, ,t,h,e, ,m,o,b,i,l,e, ,s,t,a,r,t,s, ,h,e,a,t,i,n,g, ,w,h,e,n, ,I, ,u,s,e, ,i,t, ,i,n, ,h,i,g,h, ,b,r,i,g,h,t,n,e,s,s
I,t, ,g,o,e,s, ,q,u,i,t,e, ,h,o,t,t,e,r,.,.,.,., ,D,o,n,',t, ,p,l,a,y, ,h,e,a,v,y, ,g,a,m,e,s,., ,G,o, ,f,o,r, ,l,i,g,h,t, ,g,a,m,e,s,.,.,., ,A,h,d, ,l,e,h,r, ,t,a,s,k,s, ,a,r,e, ,s,m,o,o,t,h, ,a,s, ,b,u,t,t,e,r,.,.,., ,4,g,b, ,i,s, ,e,n,o,u,g,h, ,f,o,r, ,s,o,c,i,a,l, ,m,e,d,i,a, ,u,s,a,g,e,B,e,s,t, ,p,r,i,c,e
I, ,m,e,a,n, ,t,h,e, ,p,h,o,n,e, ,i,s, ,w,a,y, ,g,o,o,d, ,f,o,r, ,i,t,',s, ,b,u,d,g,e,t,., ,C,a,m,e,r,a, ,q,u,a,l,i,t,y, ,i,s, ,a,l,s,o, ,g,r,e,a,t,., ,O,v,e,r,a,l,l, ,a, ,s,a,t,i,s,f,i,e,d, ,d,e,a,l,., ,L,o,o,k, ,w,i,s,e, ,a,l,s,o, ,t,h,e, ,p,h,o,n,e, ,i,s, ,g,r,e,a,t,., ,T,o,t,a,l,l,y, ,b,e,a,u,t,f,i,u,l, ,d,i,s,p,l,a,y, ,a,s, ,w,e,l,l,., ,B,a,t,t,e,r,y, ,l,a,s,t,s, ,l,o,n,g,., ,N,o, ,p,r,o,b,l,e,m, ,f,a,c,e,d,.
G,r,e,a,t, ,d,e,v,i,c,e, ,a,t, ,s,u,c,h, ,a, ,p,r,i,c,e,., ,L,o,v,e,d, ,t,h,e, ,l,o,o,k,",", ,c,o,l,o,u,r, ,a,n,d, ,t,h,e, ,t,o,u,c,h, ,r,e,s,p,o,n,s,e, ,i,s, ,r,e,a,l,l,y, ,f,a,s,t,., ,F,a,c,t,o,r,y, ,s,e,t,t,i,n,g,s, ,h,a,v,e, ,p,r,o,v,i,d,e,d, ,e,v,e,r,y,t,h,i,n,g, ,w,e, ,n,e,e,d,., ,T,h,a,n,k,s, ,a, ,l,o,t, ,f,o,r, ,t,h,e, ,d,e,a,l, ,a,m,a,z,o,n, ,a,n,d, ,X,i,a,o,m,i,.
C,a,m,e,r,a, ,q,u,a,l,i,t,y, ,i,s, ,v,e,r,y, ,i,m,p,r,e,s,s,i,v,e, ,#,m,i, ,a,n,d, ,n,i,g,h,t, ,m,o,d,e, ,i,s, ,v,e,r,y, ,g,o,o,d, ,a,t, ,t,h,i,s, ,b,u,g,e,t, ,#,m,i, ,a,n,d, ,s,l,o,w, ,m,o,t,i,o,n, ,v,i,d,e,o, ,s,h,o,o,t, ,i,s, ,a, ,v,e,r,y, ,b,a,l,a,n,c,e,d, ,t,h,i,n,g, ,#,m,i,P,r,o,c,e,s,s,o,r, ,i,s, ,v,e,r,y, ,g,o,o,d, ,t,i,l,l, ,t,o,d,a,y, ,i, ,d,i,d,n,',t, ,g,o,t, ,a,n,y, ,l,a,g, ,#,M,I
I, ,a,m, ,h,a,v,i,n,g, ,a,l,l, ,t,h,e,s,e, ,i,s,s,u,e,s, ,i,n, ,m,y, ,n,e,w, ,p,h,o,n,e,1,),C,a,m,e,r,a, ,q,u,a,l,i,t,y, ,i,s, ,v,e,r,y, ,d,u,l,l,2,),i, ,c,a,n,t, ,i,n,s,t,a,l,l, ,a,p,p,s, ,f,r,o,m, ,g,o,o,g,l,e, ,c,h,r,o,m,e, ,o,r, ,f,i,l,e, ,m,a,n,a,g,e,r,3,),H,a,v,i,n,g, ,o,v,e,r,h,e,a,t, ,p,r,o,b,l,e,m,s, ,a,n,d, ,b,a,t,t,e,r,y, ,d,r,a,i,n, ,p,r,o,b,l,e,m, ,w,h,i,l,e, ,g,a,m,i,n,g
D,i,d,n,',t, ,g,e,t, ,s,c,r,e,e,n,g,u,a,r,d, ,a,n,d, ,b,a,c,k, ,c,o,v,e,r
I, ,l,i,k,e, ,t,h,e, ,b,r,a,n,d, ,o,f, ,s,m,a,r,t, ,p,h,o,n,e, ,b,u,t, ,d,i,s,l,i,k,e,d, ,t,h,e, ,f,e,a,t,u,r,e,s, ,o,f, ,i,t,.
B,a,t,t,e,r,y, ,i,s, ,g,o,o,d,., ,P,e,r,f,o,r,m,a,n,c,e, ,i,s, ,g,o,o,d,.,C,a,m,e,r,a, ,i,s, ,o,k,., ,N,o, ,n,o,t,i,f,i,c,a,t,i,o,n, ,l,i,g,h,t,., ,T,h,e,r,e, ,a,r,e, ,f,e,w, ,a,l,r,e,a,d,y, ,i,n,s,t,a,l,l,e,d, ,a,p,p,l,i,c,a,t,i,o,n,s, ,w,h,i,c,h, ,m,i,g,h,t, ,n,o,t, ,b,e, ,n,e,c,e,s,s,a,r,y,., ,I,t, ,d,o,e,s, ,n,o,t, ,h,a,v,e, ,M,I, ,r,e,m,o,t,e, ,f,a,c,i,l,i,t,y,.
b,a,t,t,e,r,y, ,p,e,r,f,o,r,m,a,n,c,e, ,i,s, ,n,o,t, ,s,a,t,i,s,f,i,e,d,.,i,t, ,i,s, ,s,a,i,d, ,o,n, ,t,h,e, ,l,a,b,e,l, ,5,0,0,0, ,m,a,h, ,b,u,t, ,i,t, ,a,c,t,s, ,l,i,k,e, ,2,0,0,0, ,m,a,h, ,b,a,t,t,e,r,y,.
T,h,i,s, ,p,h,e,n,e, ,c,a,m,e,r,a, ,q,u,a,l,i,t,y, ,i,s, ,v,e,r,y, ,g,o,o,d, ,., ,A,n,d, ,g,o,o,d, ,b,u,d,g,e,t, ,p,h,o,n,e, ,., ,B,a,t,t,e,r,y, ,B,a,c,k,u,p, ,i,s, ,t,o,o, ,l,o,n,g, ,a,n,d, ,t,o,t,a,l,l,y, ,t,h,i,s, ,p,h,o,n,e, ,i,s, ,v,a,l,u,e, ,f,o,r, ,m,o,n,e,y, ,., ,A,n,d, ,d,i,s,p,l,a,y, ,h,a,s, ,t,o, ,s,m,o,o,t,h, ,i, ,r,e,a,l,l,y, ,e,n,j,o,y,e,d, ,t,h,i,s, ,p,h,o,n,e, ,#,R,e,d,m,i,9
r,e,a,l,y, ,#,r,e,d,m,i,9, ,i,s, ,a, ,m,o,s,t, ,v,a,l,u,a,b,l,e, ,p,r,o,d,u,c,t, ,f,o,r, ,m,e,T,h,a,n,k, ,y,o,u, ,#,m,i,I, ,r,e,a,l,y, ,a,p,p,r,e,c,i,a,t,e, ,y,o,u,r, ,e,f,f,o,r,t,s, ,t,o, ,s,e,r,v,e, ,y,o,u,r, ,c,o,u,s,t,o,m,e,r,s,G,o,o,d, ,b,a,t,t,e,r,y, ,l,i,f,e, ,a,n,d, ,c,a,m,e,r,a, ,e,x,p,e,r,i,e,n,c,e,#,r,e,d,m,i,9,_,i,s,_,l,u,b
A,w,e,s,o,m,e, ,p,h,o,n,e, ,i,s, ,r,e,d,m,i, ,9, ,i,t, ,h,a,s, ,a, ,l,o,n,g, ,b,a,t,t,e,r,y, ,l,i,f,e, ,t,o, ,e,n,o,u,g,h, ,p,r,o,s,e,s,s,o,r, ,f,o,r, ,g,a,m,i,n,g, ,t,h,i,s, ,p,h,o,n,e, ,h,a,s, ,c,a,m,e,r,a, ,l,i,t,t,l,e, ,b,i,t, ,s,h,o,c,k, ,a,b,o,u,t, ,q,u,a,l,i,t,y, ,b,u,t, ,a,l,l, ,o,v,e,r, ,t,h,i,s, ,p,h,o,n,e, ,i,s, ,v,a,l,u,e, ,f,o,r, ,m,o,n,e,y, ,p,h,o,n,e, ,#,R,e,d,m,i,9
D,i,s,l,i,k,e, ,h,a,n,g, , ,m,o,b,i,l,e, ,V,e,r,y, ,s,l,o,w, , ,n,e,t, ,V,e,r,y, ,s,l,o,w
B,e,s,t, ,p,h,o,n,e, ,u,n,d,e,r, ,t,h,i,s, ,r,a,n,g,e, ,üòç,üòç,., ,E,x,c,e,l,l,e,n,t, ,c,a,m,e,r,a, ,",", ,w,e,l,l, ,f,e,a,t,u,r,e,s, ,",", ,s,m,o,o,t,h, ,e,x,p,e,r,i,e,n,c,e,.,I, ,r,e,a,l,l,y, ,r,e,c,o,m,m,e,n,d, ,t,o, ,e,v,e,r,y,o,n,e, ,w,h,o, ,l,o,o,k,i,n,g, ,f,o,r, ,b,e,s,t, ,p,h,o,n,e, ,u,n,d,e,r, ,t,h,i,s, ,p,r,i,c,e, ,r,a,n,g,e,., ,üèª,üèª,üòç,üòç,üòç
I, ,p,u,r,c,h,a,s,e, ,f,r,o,m, ,m,y, ,p,o,c,k,e,t, ,m,o,n,e,y, ,s,a,v,i,n,g, ,a,n,d, ,i, ,m,u,s,t, ,s,a,y, ,t,h,a,t, ,i, ,g,o,t, ,f,u,l,l, ,v,a,l,u,e, ,o,f, ,m,o,n,e,y, ,p,r,o,d,u,c,t, ,w,h,i,c,h, ,g,i,v,e,s, ,m,e, ,s,u,p,e,r, ,p,e,r,f,o,r,m,a,n,c,e,#,m,i
T,h,i,s, ,p,h,o,n,e, ,h,a,s, ,a,m,a,z,i,n,g, ,l,a,r,g,e, ,5,0,0,0, ,M,a,h, ,c,a,p,a,c,i,t,y, ,b,a,t,t,e,r,y, ,.,i,t, ,g,i,v,e,s, ,2, ,d,a,y,s, ,b,a,t,t,e,r,y, ,l,i,f,e, ,a,n,d, ,a,l,s,o, ,h,a,s, ,p,o,w,e,r,f,u,l, ,p,r,o,s,e,s,o,r,#,r,e,d,m,i,9
I,t,s, ,a, ,n,i,c,e, ,p,r,o,d,u,c,t, ,., ,M,i, ,g,i,v,e, ,u,s, ,a, ,p,a,c,k,a,g,e, ,o,f, ,g,o,o,d, ,h,a,n,d,s,e,t, ,i,n, ,a, ,g,o,o,d, ,b,u,d,g,e,t,r,e,d,m,i, ,9, ,h,a,s, ,a, ,g,o,o,d, ,b,a,t,e,r,y, ,b,a,c,k,u,p, ,a,n,d, ,a,l,s,o, ,a, ,g,o,o,d, ,s,t,o,r,a,g,e, ,c,a,p,a,c,i,t,y,.,#,M,i,",",#,R,e,d,m,i,9,",",#,R,e,d,m,i,9,_,i,z,_,l,u,b
G,o,o,d, ,a,t, ,t,h,i,s, ,p,r,i,c,e,B,a,t,t,e,r,y, ,g,o,o,d,L,o,o,k, ,g,o,o,d,P,e,r,f,o,r,m,a,n,c,e, ,g,o,o,d,C,a,m,e,r,a, ,b,a,d
T,h,i,s, ,p,h,o,n,e, ,i,s, ,l,i,c, ,f,o,r, ,m,y, ,l,i,f,e, ,h,a,v,i,n,g, ,b,r,i,l,l,i,a,n,t, ,b,a,t,t,e,r,y, ,n,i,c,e, ,d,u,a,l, ,c,a,m,e,r,a, ,&, ,g,r,e,a,t, ,f,e,a,t,u,r,e,s, ,i,n, ,t,h,i,s, ,p,r,i,c,e, ,i,n,c,l,u,d,e,s, ,c,h,a,r,g,e,r, ,f,a,s,t, ,#,R,e,d,m,i,9, ,m,i, ,d,o,e,s, ,g,r,e,a,t, ,w,o,r,k, ,i,n, ,t,e,c,h,n,i,c,a,l, ,f,i,e,l,d
B,e,s,t, ,p,h,o,n,e, ,f,o,r, ,o,n,l,i,n,e, ,c,l,a,s,s,e,s, , ,b,a,t,t,e,r,y, ,b,a,c,k,u,p, ,a,l,s,o, ,e,x,c,e,l,l,e,n,t,., ,I, ,a,m, ,g,i,v,i,n,g, ,o,n,e, ,m,o,n,t,h, ,r,e,v,i,e,w, ,f,r,o,m, ,t,h,e, ,o,n,e, ,m,o,n,t,h, ,I, ,a,m, ,u,s,i,n,g, ,t,h,i,s, ,p,h,o,n,e, ,n,o, ,p,r,o,b,l,e,m, ,a,t, ,a,l,l,.
V,e,r,y, ,n,i,c,e, ,p,r,o,d,u,c,t, ,#,r,e,d,m,i,9, ,#,r,e,d,m,i,_,l,o,v,e, ,c,a,m,e,r,a, ,q,u,a,l,i,t,y, ,i,s, ,t,o,o, ,g,o,o,d, ,a,m,a,z,i,n,g, ,p,r,o,d,u,c,t, ,i,n, ,t,h,i,s, ,p,r,i,c,e, ,r,a,n,g,e,.,.,I, ,l,i,k,e, ,t,h,i,s, ,p,r,o,d,u,c,t, ,v,e,r,y, ,m,u,c,h, ,a,n,d, ,r,e,c,o,m,m,e,n,d, ,t,o, ,a,l,l, ,m,y, ,f,a,m,i,l,y
B,e,s,t, ,p,h,o,n,e, ,i,n, ,l,e,s,s, ,p,r,i,c,e, ,., ,N,i,c,e, ,c,a,m,e,r,a, ,q,u,a,l,i,t,y, ,a,n,d, ,b,a,t,t,e,r,y, ,b,a,c,k,u,p, ,a,n,d, ,p,h,o,n,e, ,w,a,s, ,d,e,g,i,n, ,v,e,r,y, ,t,h,i,c,k,n,e,s,s, ,a,n,d, ,s,h,e,e,r,n,e,s,s,., ,F,a,s,t, ,d,e,l,i,v,e,r,y, ,b,y, ,A,m,a,z,o,n,.
N,i,c,e, ,p,h,o,n,e, ,i,n, ,t,h,i,s, ,r,a,n,g,e,., ,G,o, ,f,o,r, ,i,t,.
V,a,l,u,e, ,f,o,r, ,m,o,n,e,y,",", ,b,e,s,t, ,p,e,r,f,o,r,m,a,n,c,e, ,r,o,u,g,h, ,a,n,d, ,t,o,u,g,h, ,u,s,e, ,",", ,#,m,i,l,o,v,e, ,",", ,n,o, ,h,e,a,t,i,n,g, ,f,o,r, ,g,a,m,i,n,g, ,m,o,d,e, ,",", ,c,a,m,e,r,a, ,q,u,a,l,i,t,y, ,s,u,p,e,r,r,r, ,",", ,b,a,t,t,e,r,y, ,b,a,c,k,u,p, ,s,o, ,g,o,o,d,",", ,a,n,d, ,a,v,e,r,a,g,e, ,f,a,s,t, ,c,h,a,r,g,e
T,h,a,n,k, ,y,o,u, ,#,m,i,l,o,v,e, ,f,o,r, ,t,h,i,s, ,a,w,e,s,o,m,e, ,p,h,o,n,e, , ,o,n,e, ,o,f, ,t,h,e, ,b,e,s,t, ,p,h,o,n,e, ,I, ,h,a,v,e, , ,#,r,e,d,m,i,9, ,I, ,l,o,v,e, ,p,h,o,t,o,g,r,a,p,h,y, ,w,h,i,c,h, ,I, ,l,o,v,e, ,d,o,i,n,g, ,f,r,o,m, ,t,h,i,s, ,p,h,o,n,e, ,",", ,p,o,w,e,r,f,u,l,l, ,p,r,o,c,e,s,s,o,r
T,h,e,r,e, ,w,e,r,e, ,s,c,r,a,t,c,h,e,s, ,p,r,e,s,e,n,t, ,o,n, ,t,h,e, ,s,c,r,e,e,n,!,I, ,d,o,n,',t, ,u,n,d,e,r,s,t,a,n,d, ,h,o,w, ,i,s, ,t,h,i,s, ,p,o,s,s,i,b,l,e, ,b,u,t, ,r,e,d,m,i, ,h,a,s, ,s,h,o,w,n, ,c,o,l,o,u,r,s, ,o,f, ,a, ,C,h,i,n,e,s,e, ,c,o,m,p,a,n,y
G,o,o,d, ,q,u,a,l,i,t,y, ,a,n,d, ,d,i,s,p,l,a,y, ,i,s, ,a,v,e,r,a,g,e
5,s,t,a,r, ,f,o,r, ,m,o,b,i,l,e, ,p,h,o,n,e,., ,B,u,t, ,n,o, ,s,t,a,r, ,f,o,r, ,p,a,c,k,a,g,i,n,g,., ,T,h,e,r,e, ,w,a,s, ,n,o, ,b,a,c,k, ,c,a,s,e,., ,T,h,e, ,c,a,s,e,',s, ,b,o,x, ,w,a,s, ,e,m,p,t,y,., ,T,h,e, ,C,a,s,e,',s, ,b,o,x, ,c,o,n,t,a,i,n,s, ,o,n,l,y, ,u,s,e,r, ,m,a,n,u,a,l, ,a,n,d, ,s,i,m, ,e,j,e,c,t,o,r, ,s,l,o,t,.
R,e,d,m,i, ,p,h,o,n,e, ,a,r,e, ,a,l,w,a,y,s, ,b,e,s,t,.
S,I,M, ,e,j,e,c,t,i,o,n, ,t,o,o,l, ,i,s, ,m,i,s,s,i,n,g
F,r,o,n,t, ,c,a,m,e,r,a, ,i,s, ,n,o,t, ,w,o,r,k,i,n,g, ,i,n, ,n,e,w, ,p,h,o,n,e, ,i, ,b,o,u,g,h,t, ,i,t, ,y,e,s,t,e,r,d,a,y,., ,A,n,d, ,f,a,c,e, ,l,o,c,k, ,i,s, ,a,l,s,o, ,n,o,t, ,w,o,r,k,i,n,g,., ,I, ,m, ,n,o,t, ,s,a,t,i,s,f,i,e,d, ,w,i,t,h, ,A,m,a,z,o,n,',s, ,a,n,d, ,m,i, ,',s, ,s,e,r,v,i,c,e
#,R,e,d,m,i,9, ,p,e,r,f,o,r,m,a,n,c,e, ,i,s, ,a,w,e,s,o,m,e, ,.,., ,I, ,g,i,f,t,e,d, ,t,h,i,s, ,p,h,o,n,e, ,t,o, ,m,y, ,B,r,o,t,h,e,r, ,o,n, ,B,i,r,t,h,d,a,y,.,.,L,o,v,e,d, ,T,h,e, ,p,e,r,f,o,r,m,a,n,c,e,.,.,., ,#,M,i, ,i,s, ,a,l,w,a,y,s, ,b,e,s,t, ,p,h,o,n,e, ,u,n,d,e,r, ,b,u,d,g,e,t, ,s,e,g,m,e,n,t
V,e,r,y, ,g,o,o,d, ,p,h,o,n,e, ,u,n,d,e,r, ,t,h,i,s, ,p,r,i,c,e,üëå,üëå
M,i, ,m,a,k,i,n,g, ,l,i,k,e, ,e,a,s,y, ,d,a,y, ,b,y, ,d,a,y, ,b,y, ,t,h,e,s,e, ,t,y,p,e, ,o,f, ,b,r,i,l,l,i,a,n,t, ,p,h,o,n,e, ,#,R,e,d,m,i,9, , ,e,v,e,r,y,t,h,i,n,g, ,i,n, ,t,h,i,s, ,p,h,o,n,e, ,i,s, ,b,r,i,l,l,i,a,n,t, ,n,o, ,c,o,m,p,r,o,m,i,s,e, ,w,i,t,h, ,c,u,s,t,o,m,e,r, ,w,h,o, ,l,o,v,e,s, ,m,i, ,p,h,o,n,e,s
w,a,s,t,e, ,d,o,n,t, ,b,u,y, ,w,a,t,e, ,o,f, ,m,o,n,e,y, ,f,u,l,l,y, ,l,a,g,i,n,g, ,n,o,r,m,a,l, ,i,f, ,w,e, ,g,o, ,t,o, ,c,o,n,t,a,c,t, ,i,t, ,w,i,l,l, ,l,a,g, ,d,o,n,t, ,b,u,y
V,e,r,y, ,n,i,c,e, ,p,h,o,n,e, ,i,n, ,l,e,s,s, ,p,r,i,c,e, ,., ,T,h,i,s, ,p,h,o,n,e, , ,h,a,v,e, ,n,i,c,e, ,b,a,t,t,e,r,y, ,l,i,f,e, ,a,n,d, ,f,a,n,t,a,s,t,i,c, ,c,a,m,e,r,a,.,F,a,s,t, ,d,e,l,i,v,e,r,y, ,b,y, ,A,m,a,z,o,n
#,r,e,d,m,i,9, ,i,s, ,l,o,v,e,T,h,i,s, ,p,h,o,n,e, ,i,s, ,a,w,e,s,o,m,e, ,i, ,j,u,s,t, ,l,o,v,e, ,t,h,i,s,., ,B,a,t,t,e,r,y, ,l,i,f,e, ,i,s, ,v,e,r,y, ,p,e,r,f,e,c,t,",", ,c,a,m,e,r,a, ,i,s, ,e,x,c,e,l,l,e,n,t, ,a,n,d, ,p,r,o,c,e,s,s,o,r, ,i,s, ,v,e,r,y, ,f,a,s,t,.,., ,T,h,a,n,k, ,#,m,i
P,h,o,n,e, ,i,n, ,B,u,d,g,e,t, ,i,n, ,c,o,m,p,a,r,i,s,o,n, ,o,f, ,S,a,m,s,u,n,g
I,t, ,i,s, ,v,e,r,y, ,n,i,c,e, ,p,h,o,n,e, ,e,x,c,e,l,l,e,n,t, ,p,e,r,f,o,r,m,a,n,c,e, ,a,n,d, ,b,a,t,t,e,r,y, ,l,i,f,e, ,a,n,d, ,p,i,c,t,u,r,e, ,q,u,a,l,i,t,y, ,i,s, ,v,e,r,y, ,g,o,o,d, ,b,u,t, ,i,t,',s, ,p,r,o,c,e,s,s,o,r, ,i,s, ,s,o,m,e,t,i,m,e, ,w,e,a,k
