H,e,l,l,o,., ,T,h,e, ,R,e,d,m,i, ,9, ,A, ,p,h,o,n,e, ,I, ,b,o,u,g,h,t, ,i,s, ,f,i,n,e,., ,I, ,k,n,o,w, ,R,e,d,m,i, ,w,i,l,l, ,a,l,w,a,y,s, ,b,e, ,t,h,e, ,b,e,s,t,., ,B,e,c,a,u,s,e, ,I, ,h,a,v,e, ,b,e,e,n, ,a, ,R,e,d,m,i, ,c,u,s,t,o,m,e,r, ,f,o,r, ,a,b,o,u,t, ,5, ,1,/,2, ,y,e,a,r,s,., ,M,y, ,f,i,r,s,t, ,R,e,d,m,i, ,p,h,o,n,e, ,w,a,s, ,t,h,e, ,R,e,d,m,i, ,2, ,P,r,i,m,e,., ,B,u,t, ,t,h,e, ,R,e,d,m,i, ,9, ,A, ,p,h,o,n,e, ,I, ,j,u,s,t, ,b,o,u,g,h,t, ,h,a,s, ,b,e,e,n, ,o,p,e,n,e,d, ,b,y, ,t,h,e, ,s,e,l,l,e,r,., ,T,h,e, ,l,a,m,i,n,a,t,i,o,n, ,c,o,v,e,r, ,o,f, ,t,h,e, ,b,o,x, ,w,a,s, ,p,e,e,l,e,d, ,o,f,f,., ,T,h,e, ,s,e,a,l,i,n,g, ,s,t,i,c,k,e,r, ,o,n, ,b,o,t,h, ,s,i,d,e,s, ,o,f, ,t,h,e, ,b,o,x, ,w,a,s, ,d,i,s,a,s,s,e,m,b,l,e,d, ,a,n,d, ,t,h,e,n, ,p,a,s,t,e,d,.,I, ,d,i,d, ,n,o,t, ,s,e,n,d, ,t,h,i,s, ,p,h,o,n,e, ,b,a,c,k, ,a,s, ,I, ,d,o, ,n,o,t, ,w,a,n,t, ,t,o, ,r,e,t,u,r,n, ,t,h,e, ,R,e,d,m,i, ,p,h,o,n,e, ,a,n,d, ,i,t, ,i,s, ,d,i,f,f,i,c,u,l,t, ,t,o, ,g,e,t, ,t,h,e, ,p,h,o,n,e, ,o,n, ,f,l,a,s,h, ,s,a,l,e,., ,I, ,w,o,u,l,d, ,l,i,k,e, ,t,o, ,s,e,v,e,r, ,t,h,e, ,A,m,a,z,o,n, ,r,e,l,a,t,i,o,n,s,h,i,p, ,w,i,t,h, ,t,h,i,s,., ,I,t, ,w,a,s, ,a, ,v,e,r,y, ,b,a,d, ,e,x,p,e,r,i,e,n,c,e, ,f,o,r, ,m,e,., ,g,o,o,d, ,b,y,e, ,A,m,a,z,o,n,.
B,o,t,h, ,1,3, ,M,P, ,a,n,d, ,5,M,P, ,C,a,m,e,r,a, ,q,u,a,l,i,t,y, ,i,s, ,g,o,o,d,., ,H,a,v,e, ,l,o,t, ,o,f, ,p,r,e, ,i,n,s,t,a,l,l,e,d, ,a,p,p,s,., ,B,u,t, ,c,a,n, ,b,e, ,u,n,i,n,s,t,a,l,l,e,d, ,i,f, ,n,o,t, ,r,e,q,u,i,r,e,d,., ,O,v,e,r,a,l,l, ,g,o,o,d, ,p,e,r,f,o,r,m,a,n,c,e, ,., ,I, ,a,m, ,u,s,i,n,g, ,A,s,u,s, ,z,e,n,f,o,n,e, ,m,a,x, ,a,n,d, ,a,c,c,o,r,d,i,n,g, ,t,o, ,m,e, ,f,a,r, ,b,e,t,t,e,r, ,t,h,a,n, ,A,s,u,s, ,e,x,c,e,p,t, ,C,a,m,e,r,a, ,q,u,a,l,i,t,y,., ,I,t, ,c,o,m,e,s, ,i,n, ,5,0,0,0, ,m,a,h, ,b,a,t,t,e,r,y, ,a,n,d, ,o,n,e, ,c,a,n,',t, ,g,e,t, ,a, ,b,e,t,t,e,r, ,o,p,t,i,o,n, ,a,t, ,t,h,i,s, ,p,r,i,c,e, ,r,a,n,g,e,., ,G,o, ,f,o,r, ,i,t,., ,I,t,',s, ,r,e,a,l,l,y, ,g,o,o,d,A,f,t,e,r, ,o,n,e, ,w,e,e,k, ,u,s,e,E,d,i,t,:,-, ,p,l,e,a,s,e, ,d,o,n,',t, ,b,u,y, ,t,h,i,s, ,p,h,o,n,e,., ,I,t, ,h,a,n,g,s, ,a, ,l,o,t, ,a,n,d, ,s,o,m,e,t,i,m,e,s, ,t,h,e,r,e, ,i,s, ,p,r,o,b,l,e,m, ,i,n, ,t,o,u,c,h, ,s,c,r,e,e,n,.
I,f, ,y,o,u, ,a,r,e, ,l,o,o,k,i,n,g, ,f,o,r, ,l,o,w, ,b,u,d,g,e,t, ,p,h,o,n,e, ,t,h,i,s, ,c,a,n, ,b,e, ,a, ,g,o,o,d, ,c,h,o,i,c,e, ,f,o,r, ,y,o,u,.,I,f, ,y,o,u, ,w,a,n,n,a, ,a,n,d,r,o,i,d, ,p,h,o,n,e, ,j,u,s,t, ,f,o,r, ,d,a,y, ,t,o, ,d,a,y, ,w,o,r,k, ,t,h,e,n, ,i,t,',s, ,r,e,a,l,l,y, ,g,o,o,d,.,O,n, ,p,l,a,y,i,n,g, ,h,e,a,v,y, ,g,a,m,e,s, ,i,t, ,w,i,l,l, ,h,a,n,g,e, ,o,b,v,i,o,u,s,l,y,., ,C,a,m,e,r,a, ,i,s, ,f,i,n,e, ,a,t, ,t,h,i,s, ,r,a,n,g,e,., ,W,h,e,n, ,y,o,u, ,s,t,a,r,t, ,y,o,u,r, ,n,e,w, ,d,e,v,i,c,e, ,i,t, ,t,a,k,e, ,s,o,m,e, ,t,i,m,e, ,b,u,t, ,l,a,t,e,r, ,i,t, ,w,i,l,l, ,w,o,r,k, ,s,m,o,o,t,h,l,y,.,P,h,o,n,e, ,i,s, ,l,i,g,h,t, ,w,e,i,g,h,t, ,w,i,t,h, ,a, ,g,o,o,d, ,l,o,o,k
M,a,d,e, ,i,n, ,C,h,i,n,a, ,p,r,o,d,u,c,t
M,a,d,e, ,i,n, ,c,h,i,n,a,.,.,.,T,h,e, ,c,o,u,n,t,r,y, ,o,f, ,o,r,i,g,i,n, ,s,h,o,u,l,d, ,b,e, ,m,e,n,t,i,o,n,e,d, ,i,n, ,t,h,e, ,d,e,s,c,r,i,p,t,i,o,n,.,.,.,R,e,t,u,r,n,i,n,g, ,t,h,e, ,C,h,i,n,e,s,e, ,c,r,a,p
G,o,o,d, ,b,a,t,t,e,r,y,., ,B,u,t, ,p,h,o,n,e, ,h,a,n,g,s, ,a,.,l,o,t,., ,n,e,e,d, ,t,o, ,r,e,s,t,a,r,t, ,m,u,l,t,i,p,l,e, ,t,i,m,e,s
D,o, ,n,o,t, ,g,o, ,f,o,r, ,i,t,.,.,.,F,i,r,s,t, ,m,o,b,i,l,e, ,f,r,o,m, ,R,e,d,m,i, ,w,h,o, ,h,a,v,e, ,l,o,t,s, ,o,f, ,i,s,s,u,e,.,.,.,I, ,b,o,o,t, ,m,y, ,p,h,o,n,e, ,a,n,d, ,i,t, ,h,a,n,g,.,.,., ,T,o,u,c,h, ,n,o,t, ,w,o,r,k,i,n,g, ,p,r,o,p,e,r,l,y,.,.,.,s,c,r,e,e,n, ,i,s, ,l,a,r,g,e,S,l,o,w, ,w,o,r,k,i,n,g,.,.,.,.,.
N,i,c,e, ,p,h,o,n,e,",", ,l,o,o,k,s, ,p,r,e,t,t,y,.,g,o,o,d, ,b,a,c,k,u,p, ,o,f, ,b,a,t,t,e,r,y, ,T,h,a,n,k,s, ,A,m,a,z,o,n
L,o,v,e,l,y, ,l,o,w, ,b,u,d,g,e,t, ,m,o,b,i,l,e, ,l,o,v,e, ,u, ,r,e,d,m,i, ,n,i,c,e, ,l,o,o,k, ,m,o,b,i,l,e
W,o,r,s,t, ,c,a,m,e,r,a, ,e,v,e,r,.,.,.,b,o,t,h, ,f,r,o,n,t, ,&, ,b,a,c,k,.,.,., ,&, ,S,c,r,e,e,n, ,r,e,s,o,l,u,t,i,o,n, ,i,s, ,n,o,t, ,g,o,o,d,.
A, ,l,i,t,t,l,e, ,b,i,t, ,s,l,o,w,.,.,I, ,t,h,i,n,k, ,i,t, ,w,i,l,l, ,m,o,r,e, ,l,a,g,g,e,d, ,a,f,t,e,r,w,a,r,d,s,.,.,B,i,g, ,s,c,r,e,e,n,.,C,a,m,e,r,a, ,i,s, ,n,o,t, ,g,o,o,d,.,., ,A,s, ,w,e,l,l, ,a,s, ,s,e,l,f,i,e,.,.,P,h, ,i,s, ,F,o,r, ,n,o,r,m,a,l, ,u,s,e,r,s,.,.
#,G,o,o,d, ,P,h,o,n,e,#,B,a,t,t,e,r,y, ,G,o,o,d,#,D,i,s,p,l,a,y, ,G,o,o,d,#, ,A,l,l, ,G,o,o,d, ,‚úî,Ô∏è,üòç
I,f, ,y,o,u,',r,e, ,a, ,l,o,w, ,t,o, ,a,v,e,r,a,g,e, ,u,s,e,r, ,-, , ,t,h,e, ,g,o, ,f,o,r, ,t,h,i,s, ,m,o,d,e,l, ,w,i,t,h,o,u,t, ,a,n,y, ,d,o,u,b,t,.,N,i,c,e, ,c,o,l,o,r,A,v,g, ,c,a,m,e,r,a,N,i,c,e, ,H,u,g,e, ,d,i,s,p,l,a,y, ,f,o,r, ,t,h,i,s, ,p,r,i,c,e, ,r,a,n,g,e,G,o,o,d, ,b,a,t,t,e,r,y, ,b,a,c,k,u,p,M,I,U,I, ,1,2, ,h,a,s, ,a,d,d,e,d, ,s,o,m,e, ,a,d,d,i,t,i,o,n,a,l, ,a,d,v,a,n,t,a,g,e,s, ,t,o, ,t,h,i,s, ,p,h,o,n,e,B,e,s,t, ,f,o,r, ,p,a,r,e,n,t,s,!
F,i,r,s,t,",", ,t,h,i,s, ,p,h,o,n,e, ,i,s, ,v,e,r,y, ,g,o,o,d, ,f,o,r, ,n,o,r,m,a,l, ,u,s,e,.,I,t, ,h,a,v,e, ,e,n,t,r,y, ,l,e,v,e,l, ,p,r,o,c,e,s,s,o,r, ,w,h,i,c,h, ,i,s, ,g,o,o,d, ,f,o,r, ,n,o,r,m,a,l, ,u,s,e, ,b,u,t, ,i, ,w,o,n,d,e,r, ,w,h,y, ,x,i,o,m,i, ,n,o,t, ,p,r,o,v,i,d,e, ,a,n,y, ,s,c,r,e,e,n,g,u,a,r,d, ,o,r, ,b,a,c,k, ,c,o,v,e,r, ,w,i,t,h, ,t,h,i,s, ,p,h,o,n,e,.,., , ,m,o,s,t, ,o,f, ,b,r,a,n,d, ,p,r,o,v,i,d,e, ,t,h,e, ,s,a,m,e, ,w,i,t,h, ,t,h,e,i,r, ,n,e,w, ,p,h,o,n,e, ,b,u,t, ,t,h,i,s, ,p,h,o,n,e, ,n,o,t, ,h,a,v,e, ,a,n,y,.,P,r,o,-,:, ,G,O,O,D, ,B,A,T,T,E,R,Y, ,B,A,C,K,U,P,.,-,:, ,A,T,T,R,A,C,T,I,V,E, ,L,O,O,K,S, ,W,I,T,H, ,H,D, ,D,I,S,P,L,A,Y,.,-,:, ,T,I,L,L, ,N,O,W, ,I, ,D,O,N,T, ,F,E,E,L, ,A,N,Y, ,H,E,A,T,I,N,G, ,I,S,S,U,E,.,C,O,N,S,-,:, ,N,O, ,G,O,R,I,L,L,A, ,G,L,A,S,S,(, ,s,i,n,c,e, ,x,i,o,m,i, ,n,o,t, ,d,e,c,l,a,r,e, ,i,s, ,i,t, ,h,a,v,e, ,g,o,r,i,l,l,a, ,g,l,a,s,s, ,o,r, ,n,o,t, ,s,o, ,m,a,y, ,b,e, ,i,t, ,i,s, ,n,o,r,m,a,l, ,g,l,a,s,s,),.,-,:,e,n,t,r,y, ,l,e,v,e,l, ,g,a,m,i,n,g, ,p,r,o,c,e,s,s,o,r,.,., ,m,a,y, ,b,e, ,y,o,u, ,f,e,e,l, ,s,o,m,e, ,i,s,s,u,e, ,w,h,i,l,e, ,p,l,a,y,i,n,g, ,h,e,a,v,y, ,g,a,m,e,.,-,:, ,m,a,n,y, ,p,r,e,i,n,s,t,a,l,l,e,d, ,a,p,p,.,-,:, ,x,i,o,m,i, ,n,o,t, ,p,r,o,v,i,d,e, ,a,n,y, ,p,r,o,t,e,c,t,i,v,e, ,s,c,r,e,e,n,g,u,a,r,d, ,o,r, ,b,a,c,k, ,c,o,v,e,r, ,s,o, , ,i,t, ,i,s, ,b,e,t,t,e,r, ,y,o,u, ,p,r,e,o,r,d,e,r, ,f,o,r, ,s,c,r,e,e,n, ,g,u,a,r,d, ,a,n,d, ,c,o,v,e,r,.,.,S,i,n,c,e, ,i,t, ,i,s, ,n,e,w,l,y, ,l,a,u,n,c,h,e,d, ,p,h,o,n,e,",", ,i, ,a,m, ,h,a,v,i,n,g, ,d,i,f,f,i,c,u,l,t,y, ,i,n, ,g,e,t,t,i,n,g, ,f,l,i,p, ,c,o,v,e,r, ,f,o,r, ,t,h,i,s, ,p,h,o,n,e, ,i,n, ,m,a,r,k,e,t,., ,A,N,D, ,I,T, ,I,S, ,T,H,E, ,R,E,A,S,O,N, ,F,O,R,2, ,S,T,A,R, ,R,A,T,I,N,G,.,-,:, ,n,o,r,m,a,l, ,1,0, ,w,a,t,t, ,c,h,a,r,g,e,r,.,(, ,I, ,t,h,i,n,k, ,a,s, ,t,h,e, ,t,e,c,h,n,o,l,o,g,y, ,c,h,a,n,g,i,n,g, ,r,a,p,i,d,l,y,",", ,x,i,a,o,m,i, ,m,u,s,t, ,p,r,o,v,i,d,e, ,u,p,g,r,a,d,e,d, ,c,h,a,r,g,i,n,g, ,o,p,t,i,o,n,.,),-,:, ,n,o, ,t,y,p,e, ,c, ,u,s,b, ,c,a,b,l,e,., , ,(,I,t, ,i,s, ,n,e,w, ,l,a,u,n,c,h, ,p,h,o,n,e, ,a,n,d, ,p,r,e,s,e,n,t,l,y, ,m,o,s,t, ,o,f, ,p,h,o,n,e, ,h,a,v,e, ,t,h,i,s,.,),.,-,:, ,e, ,c,o,m,p,a,s,s, ,n,o,t, ,w,o,r,k,i,n,g,., ,(,X,i,a,o,m,i, ,s,a,y,s, ,i,t, ,h,a,s, ,e, ,c,o,m,p,a,s,s, ,s,e,n,s,o,r, ,b,u,t, ,w,h,e,n, ,i, ,t,r,y, , ,i,t, ,s,h,o,w,s, ,e,r,r,o,r,),-,:, ,a, ,l,o,t, ,h,a,n,g,i,n,g, ,i,s,s,u,e, ,w,h,i,l,e, ,p,l,a,y,i,n,g, ,g,a,m,e,s,.
S,o, ,h,e,r,e, ,i,s, ,m,y, ,h,o,n,e,s,t, ,r,e,v,i,e,w, ,o,n, ,t,h,i,s, ,g,a,d,g,e,t,., ,I, ,h,o,p,e, ,y,o,u, ,w,i,l,l, ,f,i,n,d, ,i,t, ,h,e,l,p,f,u,l,.,:,),F,i,r,s,t,l,y,",", ,R,e,d,m,i, ,d,i,d, ,a, ,g,r,e,a,t, ,j,o,b, ,b,y, ,i,n,t,r,o,d,u,c,i,n,g, ,c,h,e,a,p,e,s,t, ,p,h,o,n,e,s, ,w,i,t,h, ,t,r,y,i,n,g, ,t,o, ,i,n,c,o,r,p,o,r,a,t,e, ,t,h,e, ,f,e,a,t,u,r,e,s, ,o,f, ,m,i,d, ,r,a,n,g,e, ,p,h,o,n,e,s,., , ,5,‚≠ê, ,f,o,r, ,t,h,a,t,P,r,o,s,-,‚Ä¢,L,o,w, ,p,r,i,c,e,",", ,w,o,n,t, ,g,e,t, ,a,n,y, ,o,t,h,e,r, ,p,h,o,n,e,s, ,i,n, ,t,h,i,s, ,r,a,n,g,e,‚Ä¢, ,S,l,e,e,k, ,d,e,s,i,g,n,",", ,h,a,n,d,y, ,p,h,o,n,e, ,w,h,i,c,h, ,w,i,l,l, ,e,a,s,i,l,y, ,f,i,t, ,i,n, ,y,o,u,r, ,h,a,n,d,s, ,a,n,d, ,g,i,v,e,s, ,y,o,u, ,a, ,c,o,m,f,o,r,t,a,b,l,e, ,f,e,e,l,.,‚Ä¢,G,o,o,d, ,f,o,r, ,b,a,s,i,c, ,u,s,a,g,e,.,‚Ä¢,N,i,c,e, ,p,r,o,c,e,s,s,i,n,g, ,s,p,e,e,d, ,w,i,t,h, ,s,u,f,f,i,c,i,e,n,t, ,s,t,o,r,a,g,e, ,f,o,r, ,a, ,b,a,s,i,c, ,u,s,e, ,p,h,o,n,e,C,o,n,s,:,‚Ä¢,c,a,m,e,r,a, ,i,s, ,n,o,t, ,s,o, ,g,o,o,d, ,d,o,n,t, ,e,x,p,e,c,t, ,y,o,u,r, ,p,i,c,t,u,r,e,s, ,t,o, ,b,e, ,l,i,k,e, ,o,t,h,e,r, ,p,h,o,n,e,s, ,o,f, ,1,2,-,1,5,k, ,r,a,n,g,e,., ,I,t,s, ,a,n, ,O,K,A,Y, ,c,a,m,e,r,a,., ,I, ,f,e,e,l, ,C,o,u,l,d, ,h,a,v,e, ,d,o,n,e, ,b,e,t,t,e,r, ,f,o,r, ,c,a,m,e,r,a, ,:,),‚Ä¢,D,o,n,t, ,s,u,p,p,o,r,t, ,f,a,s,t, ,c,h,a,r,g,i,n,g,., ,T,o,d,a,y, ,a,l,m,o,s,t, ,e,v,e,r,y,o,n,e, ,w,a,n,t,s, ,f,a,s,t, ,c,h,a,r,g,i,n,g, ,p,h,o,n,e,s, ,a,s, ,i,t, ,i,s, ,t,h,e, ,n,e,w, ,n,e,e,d, ,f,o,r, ,u,s,e,r,s, ,n,o,w,.,O,v,e,r,a,l,l, ,c,o,n,c,l,u,s,i,o,n,:, , ,G,o, ,f,o,r, ,i,t, , ,i,f, ,y,o,u, ,a,r,e, ,l,o,o,k,i,n,g, ,f,o,r, ,b,a,s,i,c, ,u,s,e,‚≠ê
O,v,e,r,a,l,l, ,m,o,b,i,l,e, ,i,s, ,g,o,o,d, ,f,o,r, ,a,n, ,a,v,e,r,a,g,e, ,u,s,a,g,e,., ,I,t,s, ,c,a,m,e,r,a,",", ,a,u,d,i,o, ,q,u,a,l,i,t,y, ,i,s, ,a,v,e,r,a,g,e, ,t,o, ,g,o,o,d,., ,I,t,s, ,p,e,r,f,o,r,m,a,n,c,e, ,i,s, ,v,e,r,y, ,g,o,o,d, ,b,e,c,a,u,s,e, ,o,f, ,g,o,o,d, ,i,n,t,e,r,n,a,l, ,s,t,o,r,a,g,e,.,H,a,n,d,y, ,a,s, ,w,e,l,l, ,a,s, ,t,h,e, ,s,c,r,e,e,n, ,i,s, ,q,u,i,t,e, ,w,i,d,e, ,a,n,d, ,p,r,o,v,i,d,e,s, ,g,o,o,d, ,v,i,e,w,i,n,g, ,a,n,g,l,e,.,P,l,u,s, ,p,o,i,n,t, ,i,s, ,i,t,s, ,b,a,t,t,e,r,y, ,w,h,i,c,h, ,i,s, ,q,u,i,t,e, ,h,u,g,e,., ,H,a,s, ,m,i,c,r,o,u,s,b, ,s,l,o,t, ,a,n,d, ,c,h,a,r,g,e,r, ,i,s, ,o,f, ,1,0,W, ,t,h,a,t,s, ,w,h,y, ,c,h,a,r,g,i,n,g, ,m,i,g,h,t, ,b,e, ,s,o,m,e,w,h,a,t, ,s,l,o,w, ,(,n,o,t, ,t,h,a,t, ,f,a,s,t,),I,f, ,y,o,u, ,w,a,n,t, ,t,h,e, ,m,o,b,i,l,e, ,f,o,r, ,a,n, ,a,v,e,r,a,g,e, ,u,s,a,g,e, ,t,h,e,n, ,t,h,i,s, ,c,a,n, ,b,e, ,a, ,b,e,s,t, ,d,e,a,l, ,f,o,r, ,y,o,u,.,I, ,g,o,t, ,t,h,i,s, ,2,g,b, ,R,a,m, ,3,2,g,b, ,R,o,m, ,v,a,r,i,e,n,t, ,i,n, ,6,8,0,0, ,R,s,.,O,r, ,i,f, ,y,o,u,r, ,u,s,a,g,e, ,i,s, ,h,i,g,h, ,i, ,w,o,u,l,d, ,r,e,c,o,m,m,e,n,d, ,t,o, ,g,o, ,f,o,r, ,s,o,m,e, ,o,t,h,e,r, ,R,e,d,m,i, ,p,r,o,d,u,c,t,s, ,f,o,r, ,p,r,i,c,e, ,b,e,y,o,n,d, ,8,0,0,0, ,t,o, ,9,0,0,0,.,B,e,l,o,w, ,7,0,0,0, ,t,h,i,s, ,p,r,o,d,u,c,t, ,g,i,v,e,s, ,s,a,t,i,s,f,a,c,t,o,r,y, ,p,e,r,f,o,r,m,a,n,c,e,.
I, ,g,o,t, ,a, ,b,r,a,n,d, ,n,e,w, ,r,e,d,m,i, ,9,A, ,w,i,t,h, ,t,o,o, ,m,u,c,h, ,b,a,d, ,e,x,p,e,r,i,e,n,c,e,., ,F,r,o,m, ,u,n,b,o,x,i,n,g, ,i,t,s, ,n,o,t, ,w,o,r,k, ,p,r,o,p,e,r,l,y,., ,E,v,e,n, ,c,a,m,e,r,a, ,g,r,a,p,h,i,c,s, ,a,n,d, ,r,e,s,u,l,t, ,v,e,r,y, ,v,e,r,y, ,w,o,r,s,t,., ,A,l,s,o, ,r,e,t,u,r,n, ,o,p,t,i,o,n, ,n,o,t, ,a,v,a,i,l,a,b,l,e,., ,Y,o,u, ,c,a,n, ,r,e,p,l,a,c,e, ,o,n,l,y,., ,S,o,",", ,p,l,e,a,s,e, ,d,o,n,',t, ,b,u,y, ,t,h,i,s, ,w,o,r,s,t, ,p,r,o,d,u,c,t,., ,E,v,e,n, ,f,o,r, ,f,i,r,s,t, ,t,i,m,e, ,i,m, ,f,a,c,i,n,g, ,t,h,a,t, ,a,m,a,z,o,n, ,s,u,p,p,o,r,t, ,a,l,s,o, ,n,o,t, ,s,u,p,p,o,r,t,i,n,g, ,i,n, ,t,h,i,s, ,i,s,s,u,e,., ,I,',v,e, ,t,o,l,d, ,a,m,a,z,o,n, ,t,o, ,r,e,t,u,r,n, ,t,h,i,s, ,b,u,t, ,t,h,e,y, ,s,u,g,g,e,s,t, ,n, ,r,e,p,l,i,e,d, ,f,o,r, ,o,n,l,y, ,r,e,p,l,a,c,e,m,e,n,t,., , ,V,e,r,y, ,v,e,r,y, ,b,a,d, ,e,x,p,e,r,i,e,n,c,e, ,f,o,r, ,f,i,r,s,t, ,t,i,m,e, ,i,n, ,a,m,a,z,o,n,.
P,h,o,n,e, ,i,s, ,g,o,o,d, ,a,n,d, ,b,a,t,t,e,r,y, ,b,a,c,k,u,p, ,i,s, ,v,e,r,y, ,n,i,c,e,",",w,o,r,k,i,n,g, ,l,o,n,g, ,t,i,m,e,., ,B,u,t, ,o,n,e, ,t,h,i,n,g, ,i, ,f,a,c,e,d, ,t,h,a,t, ,i, ,b,o,u,g,h,t, ,o,n, ,f,i,r,s,t, ,s,a,l,e, ,i, ,f,o,u,n,d, ,o,n,e, ,p,r,o,b,l,e,m, ,t,h,a,t, ,v,i,d,e,o, ,r,e,c,o,r,d,i,n,g, ,a,u,d,i,o, ,n,o,t, ,g,o,o,d, ,v,e,r,y, ,l,o,w, ,h,e,a,r,i,n,g, ,t,h,e,n, ,i, ,r,e,t,u,r,n,e,d, ,t,h,a,t, ,o,n,e, ,a,n,d, ,g,e,t, ,c,h,a,n,g,e, , ,w,i,t,h, ,n,e,w,., ,A,f,t,e,r, ,g,e,t,t,i,n,g, ,n,e,w, ,o,n,e, ,i, ,f,o,u,n,d, ,t,h,a,t, ,p,r,o,b,l,e,m, ,i,s, ,s,a,m,e, ,a,n,d, ,t,h,a,t, ,n,o,t, ,p,r,o,b,l,e,m, ,i,t,s, ,p,h,o,n,e, ,p,r,o,b,l,e,m,., ,P,h,o,n,e, ,v,i,d,e,o, ,r,e,c,o,r,d,i,n,g, ,a,u,d,i,o, ,i,s, ,v,e,r,y, ,l,o,w, ,c,o,m,p,a,r,e, ,t,o, ,o,t,h,e,r,s, ,p,h,o,n,e,., ,I, ,c,a,n,',t, ,h,e,a,r, ,c,l,e,a,r, ,v,o,i,c,e, ,i,n, ,e,v,e,n, ,l,o,w, ,d,i,s,t,a,n,c,e, ,r,e,c,o,r,d,i,n,g,.
A,m,a,z,i,n,g, ,p,r,o,d,u,c,t, ,w,i,t,h, ,t,h,i,s, ,p,r,i,c,e
T,h,e, ,b,u,i,l,t, ,q,u,a,l,i,t,y, ,i,s, ,g,o,o,d, ,n,o,t, ,g,r,e,a,t, ,i,f, ,y,o,u, ,a,r,e, ,b,u,y,i,n,g, ,t,h,i,s, ,p,l,e,a,s,e, ,b,y, ,t,h,e, ,3,g,b, ,v,a,r,i,a,n,t, ,w,h,i,c,h, ,g,i,v,e,s, ,m,o,r,e, ,v,a,l,u,e, ,o,f, ,y,o,u, ,b,y, ,G,B, ,v,a,r,i,a,n,t, ,i,t, ,w,i,l,l, ,l,a,g, ,u,n,d,e,r, ,2, ,m,o,n,t,h,s
T,h,e, ,p,r,o,d,u,c,t, ,i,s, ,a,w,e,s,o,m,e,., ,L,o,o,k,i,n,g, ,d,r,o,p, ,d,e,a,d, ,e,y,e,‚ù§
S,i,m, ,e,j,e,c,t,i,o,n, ,m,e,c,h,a,n,i,s,m, ,i,s, ,n,o,t, ,w,o,r,k,i,n,g,.,.,.,.,., ,R,e,a,l,l,y, ,s,a,d, ,t,o, ,s,e,e, ,t,h,i,s, ,i,s, ,h,a,p,p,e,n,i,n,g,.,.,.,., ,D,i,d,n,',t, ,e,x,p,e,c,t, ,i,t, ,a,t, ,a,l,l,.
I, ,o,r,d,e,r,e,d, ,t,h,i,s, ,p,h,o,n,e, ,d,a,y, ,a,f,t,e,r, ,t,o,d,a,y, ,a,n,d, ,i,t, ,h,a,s, ,b,e,e,n, ,d,e,l,i,v,e,r,e,d, ,t,o, ,m,e,., ,I, ,d,i,d, ,n,o,t, ,l,i,k,e, ,t,h,i,s, ,p,h,o,n,e, ,a,t, ,a,l,l, ,b,e,c,a,u,s,e, ,t,h,i,s, ,p,h,o,n,e, ,h,e,a,t,s, ,u,p, ,q,u,i,c,k,l,y, ,a,n,d, ,t,h,e, ,s,o,u,n,d, ,o,f, ,t,h,e, ,p,h,o,n,e, ,s,p,e,a,k,e,r, ,i,s, ,a,l,s,o, ,v,e,r,y, ,l,o,w,., ,T,h,e,r,e,f,o,r,e,",", ,I, ,w,o,u,l,d, ,s,u,g,g,e,s,t, ,t,h,a,t, ,y,o,u, ,s,p,e,n,d, ,m,o,r,e, ,t,h,a,n, ,2,0,0,0, ,r,u,p,e,e,s,., ,A,n,d, ,b,u,y, ,o,t,h,e,r, ,s,m,a,r,t,p,h,o,n,e,s, ,o,f, ,R,e,a,l,m,e,.,B,u,t, ,i,n, ,t,h,i,s, ,M,R,P, ,i,t, ,i,s, ,g,o,o,d
B,e,s,t, ,s,m,a,r,t,p,h,o,n,e, ,@,t,h,i,s, ,p,r,i,c,e,.,.,.,.,., ,o,v,e,r,a,l,l, ,g,o,o,d, ,a,n,d, ,b,u,y, ,f,r,o,m, ,t,h,i,s, ,s,e,l,l,e,r, ,b,e,c,a,u,s,e, ,h,e, ,i,s, ,j,u,s,t, ,a,m,a,z,i,n,g, ,s,i,m,p,l,y, ,I, ,o,r,d,e,r,e,d, ,o,n, ,6,/,O,c,t, ,a,n,d, ,I, ,g,o,t, ,i,t, ,d,e,l,i,v,e,r,e,d, ,b,y, ,8,/,O,c,t, ,i,n, ,m,o,r,n,i,n,g, ,1,0,:,0,0, ,a,m, ,i,t,',s, ,r,e,a,l,l,y, ,u,n,b,e,l,i,e,v,a,b,l,e, ,i,n, ,s,u,c,h, ,p,a,n,d,e,m,i,c, ,s,i,t,u,a,t,i,o,n, ,r,i,g,h,t, ,n,o,w,.,.,.,., ,t,h,a,n,k,s, ,A,m,a,z,o,n, ,f,o,r, ,t,h,i,s, ,s,e,r,v,i,c,e,",",n,o, ,n,e,g,a,t,i,v,e, ,m,a,r,k,s
A, ,d,e,c,e,n,t, ,p,r,o,d,u,c,t,., ,., ,I, ,w,l, ,n,o,t, ,s,a,y, ,i,t,',s, ,a, ,g,o,o,d, ,p,h,o,n,e,",", ,b,u,t, ,o,v,e,r, ,a,l,l, ,o,k,k,k, , ,., ,M,i,s,s,i,n,g, ,t,h,e, ,f,i,n,g,e,r,p,r,i,n,t, ,s,e,n,s,o,r,., ,O,t,h,e,r,w,i,s,e, ,i,t,',s, ,a, ,g,o,o,d,., ,V,a,l,u,e, ,f,o,r, ,m,o,n,e,y, ,.
V,e,r,y, ,n,i,c,e, ,m,o,b,i,l,e, ,f,o,r, ,t,h,i,s, ,p,r,i,c,e, ,w,i,t,h, ,g,r,a,t,e, ,d,i,s,p,l,a,y, ,a,n,d, ,s,o,u,n,d,s, ,o,f, ,m,u,s,i,c,üé∂, ,a,n,d, ,w,o,n,d,e,r,f,u,l, ,b,a,t,t,e,r,y,üîã, ,c,a,r,e, ,t,o, ,b,u,y, ,b,e,c,a,u,s,e, ,t,h,i,s, ,m,o,d,e,l, ,m,o,b,i,l,e, ,c,o,m,e,s, ,w,i,t,h,o,u,t, ,f,i,n,g,e,r,p,r,i,n,t, ,s,e,n,c,e,r, ,b,u,t, ,i,t, ,h,a,s, ,f,a,c,e, ,u,n,l,o,c,k,T,h,a,n,k,s, ,y,o,u, ,A,m,a,z,o,n,.
T,h,e, ,p,h,o,n,e, ,i,s, ,r,e,a,l,l,y, ,g,o,o,d,., ,B,u,t, ,i, ,d,o,n,',t, ,w,h,y, ,i,t,',s, ,s,o, ,d,i,f,f,i,c,u,l,t, ,t,o, ,g,e,t, ,i,t,., ,I, ,t,r,i,e,d, ,i,t, ,i,n, ,s,o, ,m,a,n,y, ,f,l,a,s,h, ,s,a,l,e,s,., ,I, ,t,h,i,n,k, ,t,h,e, ,c,o,m,p,a,n,y, ,s,h,o,u,l,d, ,w,o,r,k, ,o,n, ,i,t, ,a,n,d, ,s,h,o,u,l,d, ,m,a,n,u,f,a,c,t,u,r,e, ,m,o,r,e
G,o,o,d, ,p,r,o,d,u,c,t,",", ,w,o,r,t,h, ,6,8,0,0, ,b,u,t, ,b,a,t,t,e,r,y, ,l,a,s,t,s, ,o,n,l,y, ,1, ,d,a,y,",", ,t,h,o,u,g,h, ,I, ,k,e,e,p, ,u,s,i,n,g, ,i,t, ,a,l,l, ,d,a,y
i,t,',s, ,b,e,s,t, ,l,o,o,k,i,n,g, ,p,h,o,n,e, ,h,a,v,i,n,g, ,b,e,s,t, ,b,o,d,y, ,p,a,r,t,s,.,.,., ,m,i,s,s,i,n,g, ,i,s, ,o,n,l,y, ,f,i,n,g,e,r,p,r,i,n,t,s,.,., ,o,v,e,r,a,l,l, ,v,a,l,u,e, ,f,o,r, ,m,o,n,e,y,.
T,o,t,a,l, ,v,a,l,u,e, ,f,o,r, ,m,o,n,e,y,B,e,s,t, ,m,o,b,i,l,e, ,y,o,u, ,c,a,n, ,g,e,t, ,t,h,i,s, ,p,r,i,c,e,B,o,u,g,h,t, ,2,g,b,/,3,2,g,b, ,v,a,r,i,e,n,t,E,v,e,n, ,i, ,c,a,n, ,p,l,a,y, ,C,a,l,l, ,o,f, ,d,u,t,y, ,s,m,o,o,t,h,l,y,.,.,.,!
M,A,N,U,F,A,C,T,U,R,E,D, ,F,A,U,L,T,Y, ,&, ,D,E,F,E,C,T,I,V,E, ,C,O,N,T,A,C,T, ,S,A,V,I,N,G, ,M,O,D,E, ,S,P,A,C,E,B,A,R, ,C,A,P,S, ,N,O,T, ,W,O,R,K,I,N,G,",",P,H, ,I,S, ,L,A,G,G,I,N,G,",", ,C,A,N,',T, ,F,I,N,D, ,S,E,C,O,N,D, ,S,P,A,C,E, ,(,D,U,A,L, ,A,P,P,S,), ,S,E,T,T,I,N,G,., ,A,R,R,A,N,G,E, ,N,E,W, ,P,H, ,W,I,T,H, ,O,R,I,G,I,N,A,L, ,T,E,M,P,E,R, ,G,L,A,S,S, ,A,S, ,W,E, ,S,P,E,N,T, ,4,7,5, ,I,N,R
V,e,r,y, ,g,o,o,d, ,o,p,t,i,o,n, ,i,n, ,e,n,t,r,y, ,l,e,v,e,l, ,s,e,g,m,e,n,t,., ,P,e,r,f,o,r,m,a,n,c,e, ,i,s, ,g,o,o,d,",", ,b,a,t,t,e,r,y, ,b,a,c,k,u,p, ,i,s, ,g,r,e,a,t,., ,C,a,m,e,r,a, ,q,u,a,l,i,t,y, ,i,s, ,o,k,., ,Y,o,u, ,w,o,n,',t, ,f,i,n,d, ,o,t,h,e,r, ,g,o,o,d, ,a,l,t,e,r,n,a,t,i,v,e, ,a,t, ,t,h,i,s, ,p,r,i,c,e, ,f,o,r, ,s,u,r,e,.
A,n, ,a,v,e,r,a,g,e, ,p,h,o,n,e,",", ,v,a,l,u,e, ,n,o,t, ,f,o,r, ,m,o,n,e,y,., ,P,h,o,n,e, ,d,o,e,s,n,',t, ,h,a,v,e, ,e,n,o,u,g,h, ,w,i,d,t,h,",", ,b,e,t,t,e,r, ,t,r,y, ,s,a,m,s,u,n,g, ,p,h,o,n,e,s,., ,T,h,o,s,e, ,f,o,u,r, ,c,a,m,e,r,a,s, ,a,r,e, ,w,o,r,s,t,",", ,n,o,t, ,p,l,a,c,e,d, ,p,u,r,p,o,s,e,f,u,l,l,y,., ,N,o,t, ,r,e,c,o,m,m,e,n,d,e,d,.
N,o,t, ,w,o,r,t,h, ,f,o,r, ,p,r,i,c,e, ,p,a,i,d, ,b,e,t,t,e,r, ,p,r,o,d,u,c,t,s, ,a,v,a,i,l,a,b,l,e, ,i,n, ,m,a,r,k,e,t,!
N,i,c,e, ,p,h,o,n,e,., ,I,t,',s, ,r,e,a,l,l,y, ,v,a,l,u,e, ,f,o,r, ,m,o,n,e,y, ,a,n,d, ,I, ,r,e,a,l,l,y, ,l,i,k,e,d, ,i,t,., ,N,i,c,e, ,p,r,o,c,e,s,s,o,r, ,a,n,d, ,c,a,m,e,r,a, ,a,l,s,o,., ,S,o, ,i,t, ,i,s, ,t,h,e, ,b,e,s,t, ,s,m,a,r,t,p,h,o,n,e, ,a,t, ,t,h,i,s, ,p,r,i,c,e, ,p,o,i,n,t, ,a,n,d, ,I, ,h,a,v,e, ,b,o,u,g,h,t, ,2,g,b, ,3,2,g,b, ,v,a,r,i,e,n,t,.
T,h,i,s, ,p,h,o,n,e, ,w,a,s, ,r,e,a,l,l,y, ,v,a,l,u,e, ,o,f, ,m,o,n,e,y, ,., ,S,m,o,o,t,h, ,e,x,p,e,r,i,e,n,c,e, ,., ,C,a,m,e,r,a, ,w,a,s, ,g,r,e,a,t, ,., ,L,o,o,k,s, ,a,w,e,s,o,m,e, ,., ,I, ,r,e,c,o,m,m,e,n,d, ,t,o, ,e,v,e,r,y,o,n,e, ,w,h,o, ,l,o,o,k,i,n,g, ,f,o,r, ,b,e,s,t, ,p,h,o,n,e, ,u,n,d,e,r, ,t,h,i,s, ,p,r,i,c,e, ,r,a,n,g,e
W,o,r,s,t, ,m,o,b,i,l,e, ,w,i,t,h,i,n, ,1,0, ,d,a,y,s, ,w,e, ,g,o,t, ,s,o,u,n,d, ,p,r,o,b,l,e,m,., ,W,h,a,t,e,v,e,r, ,I, ,a,m, ,p,l,a,y,i,n,g, ,n,o, ,s,o,u,n,d, ,a,t, ,a,l,l,., ,A,f,t,e,r, ,1,0, ,d,a,y,s, ,n,o, ,r,e,t,u,r,n, ,p,o,l,i,c,y,.
N,i,c,e,",", ,l,o,w, ,b,u,d,g,e,t, ,b,e,s,t
S,t,u,n,n,i,n,g, ,l,o,o,k, ,5,c,a,m,e,r,a, ,g,o,o,d, ,4,B,a,t,t,e,r,y, ,p,o,w,e,r,f,u,l, ,p,e,r,f,o,r,m,a,n,c,e, ,5,A,n,d,r,o,i,d, ,p,i,e, ,5,D,i,s,p,l,a,y, ,a,w,e,s,o,m,e, ,5,V,a,l,u,e, ,f,o,r, ,m,o,n,e,y, ,5
W,o,r,s,t, ,p,a,c,k,a,g,i,n,g,",",C,a,m,e,r,a, ,p,o,o,r, ,q,u,a,l,i,t,y,",",m,o,b,i,l,e, ,h,a,n,g,i,n,g, ,w,h,i,l,e, ,o,p,e,n,i,n,g, ,a,p,p,s, ,i,n, ,i,t,.,P,r,o,d,u,c,t, ,i,s, ,l,i,t,t,l,e, ,b,i,t, ,o,k,.
I,t,',s, ,b,a,t,t,e,r,y, ,l,i,f,e, ,a,n,d, ,m,e,m,o,r,y, ,a,r,e, ,r,e,m,a,r,k,a,b,l,e,., ,I,t,',s, ,a, ,g,r,e,a,t, ,e,x,p,e,r,i,e,n,c,e, ,t,o, ,u,s,e, ,a, ,r,e,d,m,i, ,p,h,o,n,e, ,i,n, ,t,h,i,s, ,p,r,i,c,e,., ,I,t,',s, ,r,e,a,l,l,y, ,a, ,g,r,e,a,t, ,p,r,o,d,u,c,t
H,u,g,e, ,d,i,s,p,l,a,y,",", ,h,e,a,v,y, ,b,a,t,t,e,r,y,",", ,g,o,o,d, ,p,r,o,c,e,s,s,o,r,",", ,c,l,e,a,r, ,s,o,u,n,d,",", ,s,o,l,i,d, ,b,u,i,l,t, ,q,u,a,l,i,t,y,-, ,a,l,l, ,t,h,e,s,e, ,c,o,m,e,s, ,w,i,t,h, ,a, ,m,i,n,i,m,a,l, ,p,r,i,c,e,., ,T,h,a,n,k,s, ,M,I, ,üëè,üëè,üëè,üëè
O,v,e,r,a,l,l, ,g,o,o,d, ,p,r,o,d,u,c,t,V,a,l,u,e, ,f,o,r, ,m,o,n,e,y,T,r,u,s,t, ,m,e, ,y,o,u, ,w,i,l,l, ,n,o,t, ,g,e,t, ,d,i,s,a,p,p,o,i,n,t,e,d
t,h,i,s, ,i,s, ,m,u,c,h, ,b,e,t,t,e,r, ,c,o,m,p,a,r,e,d, ,t,o, ,o,t,h,e,r, ,m,o,b,i,l,e, ,p,h,o,n,e,s, ,o,f, ,t,h,e, ,s,a,m,e, ,p,r,i,c,e, ,r,a,n,g,e,., ,a,t,t,r,a,c,t,i,v,e, ,d,e,s,i,g,n, ,a,n,d, ,g,o,o,d, ,d,i,s,p,l,a,y,., , ,b,u,t, ,m,u,s,t, ,b,e, ,i,m,p,r,o,v,e, ,t,h,e, ,f,r,o,n,t, ,c,a,m,.
R,e,d,m,i, ,9,A, ,i,s, ,d,e,f,i,n,i,t,e,l,y, ,a, ,d,e,c,e,n,t, ,a,d,d,i,t,i,o,n, ,i,n, ,t,h,e, ,b,u,d,g,e,t, ,r,a,n,g,e, ,e,s,p,e,c,i,a,l,l,y, ,w,i,t,h, ,t,h,e, ,n,e,w, ,m,e,d,i,a,t,e,k, ,c,h,i,p,s,e,t, ,a,n,d, ,t,h,e, ,m,a,s,s,i,v,e, ,5,0,0,0,m,A,h, ,b,a,t,t,e,r,y,.
T,h,e, ,p,h,o,n,e, ,i,s, ,w,o,r,k,i,n,g, ,w,e,l,l,., , ,T,h,e, ,c,a,m,e,r,a, ,i,s, ,a, ,b,i,t, ,u,s,e,l,e,s,s, ,b,u,t, ,g,o,o,d,., ,B,a,t,t,e,r,y, ,b,a,c,k,u,p, ,i,s, ,v,e,r,y, ,g,o,o,d,.,.,.,e,v,e,r,y,t,h,i,n,g, ,i,s, ,w,e,l,l
S,o,u,n,d, ,r,a,t,i,n,g, ,3, ,o,u,t, ,o,f, ,5,S,i,z,e, ,a,n,d, ,t,h,i,c,k,n,e,s,s, ,4, ,o,u,t, ,o,f, ,5
T,h,i,s, ,i,s, ,h,a,n,g,i,n,g, ,a, ,l,o,t, ,a,n,d, ,t,h,e,y, ,d,o,n,',t, ,r,e,t,u,r,n, ,i,t, ,.,.,.,.,., ,J,u,s,t, ,r,e,p,l,a,c,e, ,t,h,e, ,p,r,o,d,u,c,t, ,w,o,r,s,t, ,p,h,o,n,e, ,d,o,n,',t, ,g,o, ,f,o,r, ,i,t
V,a,l,u,e, ,f,o,r, ,m,o,n,e,y,.,.,B,e,s,t, ,s,m,a,r,t,p,h,o,n,e, ,i,n, ,‚Çπ,6,7,9,9,.,.,M,A,K,E, ,I,N, ,I,N,D,I,A,üáÆ,üá≥,‡§è,‡§ï, ,‡§î,‡§∞, ,‡§ï,‡§¶,‡§Æ, ,‡§°,‡§ø,‡§ú,‡•Ä,‡§ü,‡§≤, ,‡§≠,‡§æ,‡§∞,‡§§, ,‡§ï,‡•Ä, ,‡§ì,‡§∞,.,.,.,üáÆ,üá≥
A, ,v,e,r,y, ,g,o,o,d, ,p,h,o,n,e, ,f,o,r, ,c,h,e,a,p
P,r,o,d,u,c,t, ,i,s, ,v,e,r,y, ,g,o,o,d,.,.,.,., ,V,a,l,u,e, ,f,o,r, ,m,o,n,e,y,.,.,., ,A,m,a,z,o,n, ,d,e,l,i,v,e,r,y, ,m,a,n, ,g,o,o,d,.,.,.,., ,F,a,s,t,e,s,t, ,d,e,l,i,v,e,r,y,.,.,.,.,.,T,h,a,n,k, ,y,o,u, ,A,m,a,z,o,n
P,h,o,n,e, ,i,s, ,n,o,t, ,c,h,a,r,g,i,n,g,.,A,m,a,z,o,n, ,a,r,e, ,n,o,t, ,t,a,k,i,n,g, ,r,e,s,p,o,n,s,i,b,i,l,i,t,y,.,T,h,e,y, ,d,o, ,n,o,t, ,p,i,c,k, ,u,p, ,s,a,y,i,n,g, ,t,h,e,r,e, ,i,s, ,n,o, ,d,i,s,p,l,a,y,.
N,o,t, ,h,a,p,p,y, ,w,i,t,h, ,t,h,e, ,p,r,o,c,e,s,s,o,r, ,s,p,e,e,d,.
S,c,r,e,e,n, ,i,s, ,b,i,t, ,t,o,o, ,l,a,r,g,e, ,n,o, ,q,u,i,c,k, ,c,h,a,r,g,e,r
t,h,e, ,p,r,i,c,e, ,i,s, ,a,c,c,e,p,t,a,b,l,e, ,f,o,r, ,i,t,s, ,s,p,e,c,i,f,i,c,a,t,i,o,n,s, ,a,n,d, ,w,i,l,l, ,w,r,i,t,e, ,w,h,o,l,e, ,r,e,v,i,e,w, ,a,f,t,e,r, ,u,s,i,n,g, ,i,t, ,f,o,r, ,a,t, ,l,e,a,s,t, ,1,0, ,d,a,y,s,.,.,.,.
n,o,t, ,g,o,o,d,",",s,l,o,w, ,p,r,o,c,e,s,s,o,r,",",b,a,t,t,e,r,y, ,s,l,o,w, ,c,h,a,r,g,e,","
I,t, ,i,s, ,a, ,v,e,r,y, ,n,i,c,e, ,p,r,o,d,u,c,t, ,a,n,d, ,s,e,r,v,i,c,e, ,i,s, ,v,e,r,y, ,g,o,o,d,., ,I, ,l,i,k,e, ,i,t,.,I, ,s,u,r,e, ,t,h,i,s, ,w,i,t,h, ,o,u,r, ,f,a,m,i,l,y, ,a,n,d, ,f,r,i,e,n,d,s
B,a,t,t,e,r,y, ,b,a,c,k,u,p, ,i,s, ,v,e,r,y, ,p,o,o,r,",", ,a,n,d, ,a,l,s,o, ,w,h,i,l,e, ,p,l,a,y,i,n,g, ,p,u,b,g, ,i,t,s, ,l,o,t,s, ,o,f, ,h,a,n,g,",", ,a,n,d, ,a,v,e,r,a,g,e, ,c,a,m,e,r,a
B,a,t,t,e,r,y, ,a,n,d, ,c,a,m,e,r,a, ,i,s, ,v,e,r,y, ,a,v,e,r,a,g,e, ,a,n,d, ,i,t,',s, ,l,o,t, ,o,f, ,h,a,n,g,i,n,g, , ,w,h,i,l,e, ,p,l,a,y,i,n,g, ,g,a,m,e,s,",", ,b,a,t,t,e,r,y, ,b,a,c,k,u,p, ,i,s, ,v,e,r,y, ,p,o,o,r
V,e,r,y, ,g,o,o,d, ,p,h,o,n,e, ,i,n, ,t,h,i,s, ,p,r,i,c,e, ,r,a,n,g,e,., ,G,o,o,d, ,b,a,t,t,e,r,y,., ,G,o,o,d, ,s,p,e,e,d,., ,O,k, ,c,a,m,e,r,a,.
V,e,r,y, ,g,o,o,d, ,a,t, ,t,h,e, ,p,r,i,c,e, ,o,f, ,6,8,0,0
B,e,s,t, ,p,h,o,n,e, ,a,r,e, ,b,e,s,t, ,p,r,i,c,e, ,I, ,r,e,c,o,m,m,e,n,d, ,e,v,e,r,y,o,n,e, ,t,o, ,b,u,y, ,t,h,i,s, ,p,h,o,n,e, ,I, ,a,m, ,h,a,p,p,y, ,a,f,t,e,r, ,u,s,i,n,g, ,t,h,i,s, ,p,h,o,n,e
G,o,o,d, ,p,h,o,n,e,.,., ,N,o,t, ,s,u,g,g,e,s,t,e,d, ,f,o,r, ,h,e,a,v,y, ,g,a,m,e, ,u,s,e,r,s,., ,R,e,a,r, ,c,a,m,e,r,a, ,P,o,r,t,r,a,i,t, ,m,o,d,e, ,n,o,t, ,f,o,c,u,s,i,n,g, ,p,r,o,p,e,r,l,y
V,a,l,u,e, ,o,f, ,m,o,n,e,y,G,o,o,d, ,c,a,m,e,r,a,G,o,o,d, ,b,a,t,t,e,r,y, ,p,e,r,f,o,r,m,a,n,c,e,L,e,s,s, ,w,e,i,g,h,t,F,u,l,l, ,s,c,r,e,e,n
G,o,o,d, ,f,o,r, ,Y,o,u,T,u,b,e, ,a,n,d, ,h,o,t,s,t,a,r, ,u,s,a,g,e, ,p,e,r,s,o,n,s, ,n,o,t, ,g,o,o,d, ,f,o,r, ,a,n,i,m,a,t,e,d, ,g,a,m,e,s
B,i,g,g,e,r, ,d,i,s,p,l,a,y,.,b,i,g, ,b,a,t,t,e,r,y, ,., ,b,u,t, , ,i,t, ,d,o,e,s,n,',t, ,h,a,v,e, ,T,y,p,e,-,c, ,p,o,r,t
G,o,o,d, ,i,n, ,t,h,i,s, ,p,r,i,c,e, ,r,a,n,g,e
g,o,o,d, ,c,a,m,e,r,a,",", ,g,r,e,a,t, ,b,a,t,t,e,r,y, ,",", ,a,w,e,s,o,m,e, ,d,i,s,p,l,a,y,., ,b,a,c,k, ,c,o,v,e,r, ,c,a,s,e, ,s,h,o,u,l,d, ,b,e, ,a,t,t,a,c,h,e,d, ,w,i,t,h, ,b,o,x,.
G,o,o,d, ,p,e,r,f,o,r,m,a,n,c,e, ,a,n,d, ,s,p,e,e,d,., ,T,h,e, ,t,h,i,n,g, ,I, ,d,i,d,n,',t, ,l,i,k,e, ,i,s, ,b,a,t,t,e,r,y, ,l,i,f,e
G,o,o,d, ,b,u,t, ,i,t, ,i,s, ,m,a,d,e, ,i,n, ,c,h,i,n,a
S,u,p,e,r,.,., ,B,u,d,g,e,t, ,p,h,o,n,e,.,., ,F,a,n,t,a,s,t,i,c, ,c,a,m,e,r,a, ,q,u,a,l,i,t,y,.,., ,W,o,r,t,h, ,t,o, ,b,u,y
M,o,b,i,l,e, ,i,s, ,v,e,r,y, ,n,i,c,e,.,.,B,u,t, ,C,a,m,e,r,a, ,Q,u,a,l,i,t,y, ,i,s, ,n,o,t, ,s,o, ,g,o,o,d,.,.
V,e,r,y, ,g,o,o,d, ,p,h,o,n,e, ,i,n, ,t,h,i,s, ,r,a,n,g,e
P,r,i,c,e, ,r,a,n,g,e, ,i,s, ,p,e,r,f,e,c,t, ,",", ,g,o,o,d, ,p,r,o,d,u,c,t,","
B,i,g, ,b,a,t,t,t,e,r,y, ,g,o,o,d, ,c,a,m,r,a
I,t,',s, ,a, ,g,o,o,d, ,p,h,o,n,e, ,i,n, ,t,h,i,s, ,p,r,i,c,e,., ,b,a,t,t,e,r,y, ,a,n,d, ,d,i,s,p,l,a,y, ,a,r,e, ,a,w,e,s,o,m,e, ,‚ú®
p,r,o,d,u,c,t, ,i,s, ,g,o,o,d, ,o,v,e,r,a,l,l, ,b,u,t, ,t,h,e, ,l,e,n,g,t,h, ,o,f, ,c,h,a,r,g,i,n,g, ,c,a,b,l,e, ,i,s, ,t,o,o, ,s,h,o,r,t, ,üò¨
G,o,o,d, ,b,u,d,g,e,t, ,m,o,b,i,l,e, ,b,u,t, ,t,h,e,y, ,m,i,s,s,e,s, ,f,i,n,g,e,r, ,p,r,i,n,t, ,s,e,n,s,o,r,s
B,e,t,t,e,r, ,c,h,o,i,c,e, ,i,f, ,y,o,u, ,l,o,o,k,i,n,g, ,f,o,r, ,2,/,3,2, ,f,a,c,i,l,i,t,i,e,s, ,a,t, ,l,o,w,e,r, ,p,r,i,c,e
V,a,l,u,e, ,f,o,r, ,m,o,n,e,y,.,.,.,s,e,l,f,i,e, ,c,a,m,e,r,a, ,n,o,t, ,g,o,o,d,., ,I,n, ,t,h,i,s, ,p,r,i,c,e, ,m,o,b,i,l,e, ,i,s, ,g,o,o,d,.
N,i,c,e, ,a,n,d, ,c,o,o,l, ,p,h,o,n,e, ,i,n, ,t,h,i,s, ,p,r,i,c,e, ,r,a,n,g,e
G,o,o,d, ,o,n,e, ,o,f, ,t,h,o,s,e, ,p,r,i,c,e, ,r,a,n,g,e
I,t,',s, ,a,l,l, ,g,o,o,d, ,f,o,r, ,t,h,i,s, ,p,r,i,c,e,.
E,x,c,e,l,l,e,n,t, ,m,o,b,i,l,e, ,i,n, ,l,o,w, ,b,u,d,g,e,t,.,N,i,c,e, ,c,a,m,e,r,a,G,o,o,d, ,l,o,o,k,i,n,g,.
N,i,c,e, ,r,e,m,d,i, ,p,h,o,n,e,s, ,a,r,e, ,n,i,c,e, ,I, ,l,i,k,e,d, ,i,t,s, ,f,e,a,t,u,r,e,s, ,a,n,d, ,s,p,e,c,.
O,v,e,r, ,a,l,l, ,i,s, ,g,o,o,d, ,p,r,o,d,u,c,t,",", ,b,u,t, ,c,a,m,e,r,a, ,q,u,a,l,i,t,y, ,i,s, ,n,o,t, ,s,a,t,i,s,f,i,e,d,.,.,.,.
P,r,i,c,e, ,r,a,n,g,e, ,i,s, ,g,o,o,d,., ,G,e,t,t,i,n,g, ,h,e,a,t
B,u,d,g,e,t, ,p,h,o,n,e, ,o,f, ,t,h,i,s, ,p,r,i,c,e, ,r,a,n,g,e,.,., ,D,i,s,p,l,a,y, ,a,n,d, ,b,a,t,t,e,r,y, ,a,m,a,z,i,n,g,.,.
T,h,e, ,p,h,o,n,e, ,i,s, ,r,e,a,l,l,y, ,g,o,o,d,., ,I, ,h,a,v,e, ,u,s,e, ,i,t, ,f,o,r, ,o,n,e, ,d,a,y, ,a,s, ,o,f,f, ,n,o,w,.
S,u,p,p,e,r,b,b,.,.,t,h,i,s, ,p,r,i,c,e, ,r,a,n,g,e,.,üí™
L,o,w, ,P,r,i,c,e, ,S,m,a,r,t,p,h,o,n,e, ,w,i,t,h, ,m,u,l,t,i,p,l,e, ,f,e,a,t,u,r,e,s,., ,S,e,e,m,s, ,g,o,o,d, ,d,e,a,l
T,h,e, ,p,r,o,d,u,c,t, ,i,s, ,o,v,e,r,a,l,l, ,i,s, ,g,o,o,d, ,f,o,r, ,b,a,s,i,c, ,u,s,e,.
V,a,l,u,e, ,f,o,r, ,m,o,n,e,y,., ,G,o,o,d, ,p,r,o,d,u,c,t, ,t,o, ,b,u,y, ,a,t, ,t,h,i,s, ,p,r,i,c,e,.
I,t,',s, ,t,h,e, ,t,h,i,n,g, ,w,h,i,c,h, ,d,i,s,a,p,p,o,i,n,t,e,d, ,m,e, ,a,b,o,u,t, ,t,h,i,s, ,s,m,a,r,t,p,h,o,n,e,.
T,h,i,s, ,i,s, ,a, ,b,u,d,g,e,t, ,s,m,a,r,t,p,h,o,n,e, ,b,y, ,m,i,.
V,e,r,y, ,n,i,c,e, ,b,u,t, ,l,i,t,t,l,e, ,b,u,t, ,s,l,o,w, ,g,o, ,f,o,r, ,3, ,g,b, ,v,a,r,i,a,n,t
G,o,t, ,M,a,d,e, ,i,n, ,C,h,i,n,a, ,P,r,o,d,u,c,t
P,h,o,n,e, ,i,s, ,g,o,o,d, ,b,u,t, ,f,r,o,n,t, ,c,a,m,e,r,a, ,i,s, ,n,o,t, ,g,o,o,d,üôç,‚Äç,‚ôÇ,Ô∏è
G,o,o,d, ,m,o,b,i,l,e, ,b,u,t, ,f,i,n,g,e,r, ,p,r,i,n,t, ,i,s, ,M,i,s,s,i,n,g
p,h,n, ,s,a,h,i, ,h, ,p,r, ,b,a,c,k, ,c,o,v,e,r, ,n,h,i, ,d,i,y,a, ,h,r,r, ,m,o,b,i,l,e, ,m,e, ,m,i,l,t,a, ,h
R,e,a,l,l,y, ,g,r,e,a,t,",", ,v,a,l,u,e, ,f,o,r, ,m,o,n,e,y
N,i,c,e, ,p,h,o,n,e, ,g,o,o,d, ,l,o,o,k,i,n,g, , ,b,e,s,t, ,c,a,m,e,r,a
T,h,e, ,b,o,x, ,i,s, ,d,a,m,a,g,e,d, ,f,r,o,m, ,a,b,o,v,e,.,.,.,v,e,r,y, ,d,i,s,a,p,p,o,i,n,t,e,d,.
D,o,n,',t, ,b,u,y, ,t,h,i,s, ,p,h,o,n,e, ,",", ,i,t,',s, ,m,a,d,e, ,i,n, ,C,h,i,n,a
C,a,m,e,r,a, ,q,u,a,l,i,t,y, ,i,s, ,d,u,l,l,",", ,b,a,t,t,e,r,y, ,l,i,f,e, ,i,s, ,a,l,s,o, ,d,u,l,l
I,t,',s, ,a,m,a,z,i,n,g, ,f,o,r, ,m,i,d,-,r,a,n,g,e, ,p,h,o,n,e,.
C,a,m,e,r,a, ,q,u,a,l,i,t,y, ,i,s, ,b,a,d, ,w,h,e,n, ,c,o,m,p,a,r,e,d, ,t,o, ,r,e,a,l,m,e, ,c,2
W,o,r,t,h, ,m,o,n,e,y, ,p,r,o,d,u,c,t,.,.,., ,B,u,t, ,w,o,r,s,t, ,q,u,a,l,i,t,y, ,c,a,m,e,r,a
E,v,e,r,y, ,t,h,i,n,g, ,g,o,o,d,.,.,.,b,a,t,t,e,r, ,p,e,r,f,o,r,m,a,n,c,e, ,a,l,s,o, ,b,e,s,t
B,a,c,k, ,c,o,v,e,r, ,n,o,t, ,p,r,o,v,i,d,e,.
V,e,r,y, ,b,a,d, ,e,x,p,e,r,i,e,n,c,e, ,n,o,t, ,u,p, ,t,o, ,t,h,e, ,m,a,r,k
D,i,s,p,l,a,y, ,b,r,i,g,h,t, ,N,e,s,s, , ,s,m,a,l,l, ,i,s,s,u,e
G,o,o,d, ,p,r,o,d,u,c,t, ,b,u,t, ,M,A,D,E, ,I,N, ,C,H,I,N,A,., ,C,a,m,e,r,a, ,o,s, ,o,k,.
I,t,s, ,a,m,a,z,i,n,g, ,p,h,o,n,e, ,a,n,d, ,a,m,a,z,o,n, ,f,a,s,t,e,s,t, ,d,e,l,i,v,e,r,y
N,o, ,a,n,y,o,n,e, ,i,n, ,c,o,m,p,a,r,i,s,o,n, ,o,f, ,t,h,i,s, ,p,r,i,c,e, ,s,e,g,m,e,n,t
B,a,t,t,e,r,y, ,p,e,r,f,o,r,m,a,n,c,e, ,v,e,r,y, ,n,i,c,e
B,e,s,t, ,p,h,o,n,e, ,u,n,d,e,r, ,b,u,d,g,e,t, ,üëå,üëå
B,e,s,t, ,p,r,i,c,e, ,t,o, ,b,e,s,t, ,p,r,o,d,u,c,t,s
N,i,c,e, ,p,r,o,d,u,c,t, ,w,i,t,h, ,e,x,c,e,l,l,e,n,t, ,s,p,e,c,i,f,i,c,a,t,i,o,n,s
B,e,s,t, ,c,h,e,a,p, ,&, ,b,e,s,t, ,m,o,b,i,l,e, ,.
A,s, ,p,e,r, ,p,r,i,c,e,O,v,e,r,a,l,l, ,a,v,e,r,a,g,e, ,m,o,b,i,l,e
V,e,r,r,y, ,b,a,d,",", ,p,l,e,a,s,e, ,d,o,n,t, ,b,u,y, ,i, ,w,a,s, ,c,h,e,a,t,e,d
E,x,c,e,l,l,e,n,t, ,c,o,n,d,i,t,i,o,n, ,g,o,o,d, ,b,a,t,t,e,r,y, ,b,a,c,k,u,p
