h,o,w, ,c,o,u,l,d, ,y,o,u, ,t,h,i,n,k, ,",", ,i,t, ,c,a,n, ,c,o,m,p,e,t,e, ,o,t,h,e,r, ,b,r,a,n,d,s, ,b,y, ,l,o,w, ,p,h,o,t,o,g,r,a,p,h,y, ,w,h,e,r,e, ,o,t,h,e,r, ,b,r,a,n,d,s, ,c,o,m,e,s, ,w,i,t,h, ,4,8,M,P, ,q,u,a,d, ,r,e,a,r, ,c,a,m,e,r,a
L,o,o,k,i,n,g, ,a,w,e,s,o,m,e,.,.,., ,I, ,p,u,r,c,h,a,s,e,d, ,i,t, ,f,o,r, ,m,y, ,y,o,u,n,g,e,r, ,b,r,o,t,h,e,r, ,H,e, ,i,s, ,v,e,r,y, ,H,a,p,p,y, ,t,o, ,g,e,t, ,t,h,i,s, ,P,h,o,n,e,.,.,N,i,c,e, ,a,n,d, ,v,e,r,y, ,f,a,s,t, ,d,e,l,i,v,e,r,y,.,.,.,.,I, ,h,o,p,e, ,I,t,',s, ,c,a,m,e,r,a, ,a,n,d, ,p,e,r,f,o,r,m,a,n,c,e, ,w,i,l,l, ,b,e, ,g,o,o,d, ,a,l,s,o,.,.,.,I, ,w,i,l,l, ,R,e,v,i,e,w, ,i,t, ,a,g,a,i,n, ,a,f,t,e,r, ,s,o,m,e,d,a,y, ,o,f, ,u,s,i,n,g, ,i,t,.,.
N,i,c,e, ,p,h,o,n,e,.,.,.,b,u,t, ,p,r,i,c,e, ,l,i,t,t,l,e, ,b,i,t, ,h,i,g,h
C,h,o,s,e, ,t,h,i,s, ,m,o,b,i,l,e, ,b,e,c,a,u,s,e, ,f,e,w, ,o,t,h,e,r,s, ,w,e,r,e, ,h,a,v,i,n,g, ,l,a,t,e,r, ,d,e,l,i,v,e,r,y, ,a,n,d, ,o,u,r, ,a,r,e,a, ,w,a,s, ,t,o, ,g,o, ,i,n, ,f,o,r, ,l,o,c,k,d,o,w,n,.,P,r,i,m,e, ,v,e,r,y, ,f,a,s,t, ,d,e,l,i,v,e,r,y,., ,K,u,d,o,s, ,t,o, ,A,m,a,z,o,n,.,A,b,o,u,t, ,t,h,e, ,m,o,b,i,l,e, ,i,t,',s, ,a, ,g,o,o,d, ,p,i,e,c,e,., ,B,u,t, ,b,e,t,t,e,r, ,t,o, ,g,o, ,f,o,r, ,t,h,e, ,6, ,G,B, ,r,a,m, ,v,a,r,i,a,n,t,.,S,e,l,f,i,e, ,c,a,m,e,r,a, ,o,u,t,p,e,r,f,o,r,m,s, ,t,h,e, ,p,r,i,m,a,r,y, ,c,a,m,e,r,a, ,w,h,i,c,h, ,i,s, ,a,c,c,o,r,d,i,n,g, ,t,o, ,t,h,e, ,s,p,e,c,s,.,O,v,e,r,a,l,l, ,a, ,g,o,o,d, ,d,e,c,e,n,t, ,m,o,b,i,l,e, ,a,t, ,t,h,e, ,p,r,i,c,e, ,p,o,i,n,t,",", ,c,o,n,s,i,d,e,r,i,n,g, ,a,l,l, ,a,s,p,e,c,t,s,.,P,r,o,s, ,a,t, ,t,h,i,s, ,p,r,i,c,e,1,., ,6,.,5, ,i,n,c,h, ,f,u,l,l, ,h,d, ,i,s, ,g,o,o,d,2,., ,1,2,8, ,G,B, ,i,n,t,e,r,n,a,l, ,m,e,m,o,r,y,C,o,n,s, ,a,t, ,t,h,i,s, ,p,r,i,c,e,1,., ,P,r,i,m,a,r,y, ,c,a,m,e,r,a, ,i,s, ,a,c,t,u,a,l,l,y, ,b,a,d,2,., ,4,g,b, ,r,a,m,",", ,c,a,n,',t, ,m,u,l,t,i,t,a,s,k,.,3,., ,S,n,a,p,d,r,a,g,o,n, ,o,l,d,e,r,.
H,e,a,t,i,n,g, ,p,r,o,b,l,e,m, ,i,s, ,t,h,e,r,e,V,e,r,y, ,b,a,d, ,E,x,p,e,r,i,e,n,c,e
T,h,i,s, ,p,h,o,n,e, ,h,a,v,e, ,n,o, ,c,a,l,l, ,r,e,c,o,r,d,i,n,g, ,f,u,n,c,t,i,o,n,.
A,s, ,a, ,m,e,d,i,a, ,c,o,n,s,u,m,p,t,i,o,n, ,p,h,o,n,e, ,i,t,',s, ,t,h,e, ,b,e,s,t, ,p,h,o,n,e, ,u,n,d,e,r, ,R,s,., ,2,0,",",0,0,0, ,g,i,v,e,n, ,t,h,a,t, ,i,t,',s, ,t,h,e, ,o,n,l,y, ,o,n,e, ,w,i,t,h, ,s,t,e,r,e,o, ,s,p,e,a,k,e,r,s, ,w,h,i,c,h, ,a,r,e, ,w,e,l,l,-,b,a,l,a,n,c,e,d,., ,S,t,e,r,e,o, ,s,o,u,n,d, ,d,o,e,s, ,m,a,k,e, ,a, ,d,i,f,f,e,r,e,n,c,e, ,e,v,e,n, ,i,n, ,a, ,s,m,a,l,l, ,d,e,v,i,c,e,., ,C,o,u,p,l,e, ,t,h,a,t, ,w,i,t,h, ,a, ,s,h,a,r,p, ,F,H,D,+, ,s,c,r,e,e,n, ,(,i,t,s, ,T,F,T, ,L,C,D, ,s,c,r,e,e,n, ,i,s, ,p,e,r,f,e,c,t,l,y, ,f,i,n,e,;, ,A,M,O,L,E,D, ,i,s, ,u,n,n,e,c,e,s,s,a,r,i,l,y, ,h,y,p,e,d,), ,a,n,d, ,a, ,g,o,o,d, ,b,a,t,t,e,r,y,",", ,a,n,d, ,y,o,u, ,h,a,v,e, ,a, ,w,i,n,n,e,r,., ,W,e,l,l, ,d,o,n,e, ,O,p,p,o,., ,N,o,t, ,i,n,t,e,r,e,s,t,e,d, ,i,n, ,c,a,m,e,r,a, ,o,r, ,g,a,m,i,n,g, ,s,o, ,c,a,n,',t, ,c,o,m,m,e,n,t, ,o,n, ,t,h,a,t,., ,6,6,5, ,p,r,o,c,e,s,s,o,r, ,w,o,r,k,s, ,f,i,n,e, ,f,o,r, ,s,t,r,e,a,m,i,n,g, ,a,n,d, ,s,u,r,f,i,n,g,., ,B,e,s,t, ,d,e,a,l, ,f,o,r, ,6,G,B, ,R,A,M, ,v,e,r,s,i,o,n, ,w,o,u,l,d, ,b,e, ,w,i,t,h, ,e,x,c,h,a,n,g,e, ,o,r, ,s,o,m,e, ,o,f,f,e,r, ,t,o, ,b,r,i,n,g, ,i,t, ,u,n,d,e,r, ,R,s,., ,1,5,",",0,0,0,., ,T,h,e, ,4,G,B, ,o,n,e, ,c,a,n, ,b,e, ,n,u,d,g,e,d, ,c,l,o,s,e,r, ,t,o, ,e,v,e,n, ,R,s,.,1,0,",",0,0,0, ,w,h,i,c,h, ,w,o,u,l,d, ,b,e, ,a, ,s,t,e,a,l,.
D,o,n,',t, ,p,u,r,c,h,a,s,e, ,t,h,i,s, ,p,h,o,n,e, ,a,t, ,a,l,l,.,A,n,d, ,e,v,e,n, ,A,m,a,z,o,n, ,n,o,t, ,h,a,v,e, ,t,h,e, ,r,e,t,u,r,n, ,a,n,d, ,r,e,f,u,n,d, ,p,o,l,i,c,y, ,f,o,r, ,t,h,i,s, ,p,r,o,d,u,c,t,.,A,s, ,t,h,e,y, ,a,r,e, ,a,w,a,r,e, ,o,f, ,s,u,c,h, ,d,e,f,e,c,t,s,.
P,l,e,a,s,e, ,d,o,n,',t, ,r,e,f,e,r, ,t,o, ,a,n,y,o,n,e, ,t,h,i,s, ,i,s, ,6, ,G,B, ,r,a,m, ,b,u,t, ,w,h,e,n, ,w,e, ,a,r,e, ,i,n, ,n,o,r,m,a,l, ,w,o,r,k, ,l,i,k,e, ,m,o,v,i,e,s, ,w,a,t,c,h,i,n,g, ,a,n,d, ,t,e,x,t,i,n,g, ,l,a,g,g,i,n,g, ,t,o,o, ,m,u,c,h,.,.,.,., ,A,n,d, ,a,l,s,o, ,N,o,t,h,i,n,g, ,t,o, ,g,a,m,i,n,g, ,üòí, ,t,o,t,a,l, ,l,a,g,g,i,n,g,.,.,., ,I, ,f,a,i,l,e,d, ,t,o, ,c,h,o,o,s,e, ,t,h,i,s, ,p,h,o,n,e
P,h,o,n,e, ,i,s, ,h,a,n,g,i,n,g, ,m,i,d, ,a,p,p, ,o,p,e,n,i,n,g,.,H,a,v,e,n,',t, ,e,v,e,n, ,i,n,s,t,a,l,l,e,d, ,P,u,b,g, ,o,n, ,i,t,.,G,l,i,t,c,h,y, ,A,F,.,T,o,u,c,h, ,S,c,r,e,e,n, ,h,a,s, ,p,r,o,b,l,e,m, ,t,o,o,.,E,x,p,e,c,t,e,d, ,b,e,t,t,e,r, ,f,r,o,m, ,O,p,p,o,B,o,u,g,h,t, ,i,t, ,f,o,r, ,m,y, ,a,u,n,t, ,2, ,d,a,y,s, ,a,g,o, ,a,n,d, ,t,o,d,a,y, ,o,n,l,y, ,i,t, ,g,o,t, ,d,e,l,i,v,e,r,e,d,.,N,o,t, ,e,v,e,n, ,1,0, ,h,r,s, ,a,n,d, ,i,t, ,i,s, ,l,a,g,g,i,n,g, ,a,n,d, ,g,l,i,t,c,h,i,n,g,.
N,i,c,e, ,m,o,b,i,l,e, ,a,l,l, ,p,r,i,c,e, ,o,f, ,o,n,l,y, ,l,o,o,k,s, ,t,h,i,s, ,h,a,n,d,s,e,t, ,a,w,e,s,o,m,e, ,a,c,t,r,a,c,t,i,v
T,h,i,s, ,p,h,o,n,e, ,h,a,s, ,e,x,t,r,e,m,e,l,y, ,b,a,d, ,c,a,m,e,r,a, ,q,u,a,l,i,t,y, ,e,v,e,n, ,i,n, ,t,h,e, ,b,r,i,g,h,t, ,s,u,n,l,i,g,h,t,., ,p,l,e,a,s,e, ,d,o,n,',t, ,b,u,y, ,t,h,i,s, ,p,h,o,n,e,., ,T,h,i,s, ,p,h,o,n,e, ,d,o, ,n,o,t, ,g,e,t, ,e,a,s,i,l,y, ,r,e,p,l,a,c,e,d,., ,Y,o,u,r, ,m,o,n,e,y, ,w,i,l,l, ,b,e, ,w,a,s,t,e,d,.
T,h,a,n,k, ,u, ,o,p,p,o,.,.,.,.,v,e,r,y, ,g,o,o,d, ,p,h,o,n,e,.,.,., ,a,m,a,z,i,n,g, ,b,a,t,t,e,r,y,.,.,g,o,o,d, ,c,a,m,e,r,a,.,.,.
W,e,s,t, ,w,o,r,s,t, ,m,o,b,i,l,e, ,c,a,l,l, ,r,e,c,o,r,d, ,n,o,t, ,a,v,a,i,l,a,b,l,e, ,t,h,i,s, ,p,h,o,n,e, ,w,e,s,t, ,o,f, ,m,o,n,y
I, ,b,r,o,u,g,h,t, ,t,h,i,s, ,p,r,o,d,u,c,t, ,f,o,r, ,m,y, ,u,n,c,l,e, ,w,e,d,d,i,n,g, ,a,n,n,i,v,e,r,s,a,r,y, ,a,n,d, ,I, ,g,i,f,t,e,d, ,t,h,i,s, ,r,i,g,h,t, ,n,o,w, , ,a,n,d, ,I, ,g,o,t, ,s,u,r,p,r,i,s,e,d, ,t,h,a,t, ,t,h,e, ,m,o,b,i,l,e, ,p,h,o,n,e, ,d,i,s,p,l,a,y, ,i,s, ,a,l,r,e,a,d,y, ,b,r,o,k,e,n, ,i,n,s,i,d,e, ,t,h,e, ,p,a,c,k,a,g,e,., ,S,i,n,c,e, ,i,t,',s, ,a, ,g,i,f,t, ,I, ,d,i,d,n,',t, ,c,h,e,c,k, ,t,h,i,s, ,a,t, ,t,h,e, ,t,i,m,e, ,o,f, ,d,e,l,i,v,e,r,y,., ,N,o,w, ,I, ,h,u,r,r,i,e,d, ,t,o, ,r,e,t,u,r,n, ,t,h,i,s, ,p,r,o,d,u,c,t, ,b,u,t, ,i,t, ,w,a,s, ,c,l,o,s,e,d, ,a,n,d, ,I, ,a,m, ,u,n,a,b,l,e, ,t,o, ,r,e,t,u,r,n, ,t,h,i,s, ,n,o,w,., ,I, ,r,e,q,u,e,s,t,i,n,g, ,y,o,u, ,t,o, ,r,e,o,p,e,n, ,t,h,e, ,r,e,t,u,r,n, ,w,i,n,d,o,w, ,o,r, ,r,e,p,l,a,c,e, ,t,h,e, ,m,o,b,i,l,e,., ,I, ,h,a,d, ,a,t,t,a,c,h,e,d, ,t,h,e, ,s,c,r,e,e,n,s,h,o,t,s, ,o,f, ,t,h,e, ,m,o,b,i,l,e, ,p,h,o,n,e, ,f,o,r, ,y,o,u,r, ,r,e,f,e,r,e,n,c,e,.
P,r,o,d,u,c,t, ,Q,u,a,l,i,t,y, ,i,s, ,j,u,s,t, ,A,w,e,s,o,m,e,., ,S,c,r,e,e,n, ,r,e,s,o,l,u,t,i,o,n, ,i,s, ,t,h,e, ,B,e,s,t, ,o,n,e,., ,S,u,p,e,r,b, ,t,o,u,c,h, ,a,n,d, ,f,e,e,l,.,C,a,m,e,r,a, ,i,s, ,g,o,o,d, ,w,h,e,n, ,t,h,e, ,l,i,g,h,t,s, ,a,r,e, ,g,o,o,d,.,S,p,e,a,k,e,r, ,S,o,u,n,d, ,Q,u,a,l,i,t,y, ,i,s, ,M,i,n,d,-,b,l,o,w,i,n,g,., ,T,o,o, ,L,o,u,d,., ,S,e,c,u,r,i,t,y, ,i,s, ,a,l,s,o, ,G,o,o,d,., ,O,v,e,r,a,l,l, ,A, ,T,r,u,e, ,V,a,l,u,e, ,f,o,r, ,M,o,n,e,y,., ,L,o,v,e,d, ,i,t,., ,F,i,r,s,t, ,t,i,m,e, ,O,p,p,O,., ,V,e,r,y, ,H,a,p,p,y,., ,H,e,a,d,p,h,o,n,e,s, ,a,r,e, ,o,k, ,o,k,.
W,o,r,s,t, ,p,h,o,n,e, ,a,t, ,t,h,i,s, ,c,o,s,t,C,a,m,e,r,a, ,q,u,a,l,i,t,y, ,n,o,t, ,g,o,o,d,N,o, ,p,a,t,t,e,r,n, ,p,a,s,w,o,r,d, ,o,p,t,i,o,n,N,o, ,p,h,o,n,e, ,r,e,c,o,r,d,i,n,g, ,o,p,t,i,o,n
P,r,o,s,:,L,o,o,k,s, ,g,o,o,d,B,u,i,l,d, ,q,u,a,l,i,t,y, ,i,s, ,g,o,o,d,D,i,s,p,l,a,y, ,q,u,a,l,i,t,y, ,i,s, ,g,o,o,d,s,o,u,n,d, ,q,u,a,l,i,t,y, ,i,s, ,g,o,o,d,B,a,t,t,e,r,y, ,b,a,c,k, ,u,p, ,i,s, ,g,o,o,d,C,o,n,s,:,C,a,m,e,r,a,s, ,a,r,e, ,d,i,s,a,p,p,o,i,n,t,i,n,g,., ,E,s,p,e,c,i,a,l,l,y, ,t,h,e, ,f,r,o,n,t, ,c,a,m,e,r,a,., ,I,t,',s, ,u,s,e,l,e,s,s,., ,P,r,i,m,a,r,y, ,c,a,m,e,r,a, ,a,l,s,o, ,d,o,e,s, ,n,o,t, ,t,a,k,e, ,s,h,a,r,p, ,p,i,c,t,u,r,e,s,., ,N,o,t, ,a,t, ,a,l,l, ,g,o,o,d, ,f,o,r, ,t,h,e, ,p,r,i,c,e,., ,F,u,t,u,r,e, ,s,o,f,t,w,a,r,e, ,u,p,d,a,t,e, ,m,a,y, ,i,m,p,r,o,v,e, ,t,h,i,n,g,s,.,O,v,e,r,a,l,l, ,p,e,r,f,o,r,m,a,n,c,e, ,i,s, ,a,v,e,r,a,g,e,., ,T,h,e,r,e, ,a,r,e, ,o,c,c,a,s,i,o,n,a,l, ,s,t,u,t,t,e,r,s, ,w,h,i,l,e, ,b,r,o,w,s,i,n,g, ,i,n,t,e,r,n,e,t,.
F,i,r,s,t, ,-, ,P,h,o,n,e, ,l,a,g,s, ,a, ,l,o,t,., ,M,o,r,e, ,t,h,a,n, ,b,l,i,n,k, ,o,f, ,a,n, ,e,y,e, ,a,f,t,e,r, ,y,o,u, ,h,a,v,e, ,c,l,i,c,k,e,d, ,o,n, ,a,n, ,A,p,p,',s, ,i,c,o,n,.,W,o,r,s,t, ,f,r,o,n,t, ,c,a,m,e,r,a,., ,I, ,h,a,v,e, ,u,s,e,d, ,O,P,P,O, ,p,h,o,n,e, ,b,e,f,o,r,e,., ,I,n,f,c,a,t, ,m,y, ,l,a,s,t, ,p,h,o,n,e, ,w,a,s, ,o,p,p,o, ,a,s, ,w,e,l,l,., ,A,n,d, ,t,h,i,s, ,o,n,e, ,i,s, ,j,u,s,t, ,b,a,d,.,M,y, ,r,e,c,o,m,m,e,n,d,a,t,i,o,n,",", ,d,o, ,n,o,t, ,b,u,y,., ,P,l,e,a,s,e
R,e,v,i,e,w, ,a,f,t,e,r, ,u,s,i,n,g, ,t,h,e, ,m,o,b,i,l,e, ,f,o,r, ,5, ,d,a,y,s,:,B,a,t,t,e,r,y, ,b,a,c,k,u,p, ,i,s, ,g,r,e,a,t, ,a,n,d, ,c,h,a,r,g,i,n,g, ,i,s, ,a,l,s,o, ,f,a,s,t,e,r,., ,C,a,m,a,r,a, ,q,u,a,l,i,t,y, ,i,s, ,g,o,o,d,., ,S,i,d,e, ,m,o,u,n,t,e,d, ,F,i,n,g,e,r, ,p,r,i,n,t, ,s,e,n,s,o,r, ,i,s, ,t,h,e, ,b,e,s,t, ,i,n, ,s,e,g,m,e,n,t, ,w,h,i,c,h, ,w,o,r,k,s, ,l,i,k,e, ,a, ,c,h,a,r,m,., ,I, ,d,i,d, ,n,o,t, ,f,i,n,d, ,a,n,y, ,l,a,g, ,i,n, ,i,t,., ,I, ,h,a,v,e, ,b,o,u,g,h,t, ,6,g,b, ,1,2,8,g,b, ,v,a,r,i,a,n,t,., , ,T,h,o,u,g,h, ,t,h,e, ,b,a,t,t,e,r,y, ,i,s, ,5,0,0,0,m,a,h, ,t,h,e, ,p,h,o,n,e, ,i,s, ,l,i,g,h,t, ,w,e,i,g,h,t,., ,P,u,b,g, ,a,n,d, ,f,r,e,e, ,f,i,r,e, ,w,o,r,k,s, ,s,m,o,o,t,h,",", ,t,h,e,r,e, ,i,s, ,n,o, ,l,a,g, ,w,h,i,l,e, ,p,l,a,y,i,n,g, ,i,t, ,i,n, ,h,i,g,h, ,g,r,a,p,h,i,c,s, ,s,e,t,t,i,n,g,s, ,a,s, ,w,e,l,l,., ,O,n,l,y, ,p,r,o,b,l,e,m, ,i,s, ,t,h,e,r,e, ,i,s, ,n,o, ,c,a,l,l, ,r,e,c,o,r,d,i,n,g, ,o,p,t,i,o,n, ,b,y, ,d,e,f,a,u,l,t,., ,Y,o,u, ,n,e,e,d, ,t,o, ,d,o,w,n,l,o,a,d, ,t,h,i,r,d, ,p,a,r,t,y, ,a,p,p, ,f,r,o,m, ,p,l,a,y, ,s,t,o,r,e, ,f,o,r, ,c,a,l,l, ,r,e,c,o,r,d,i,n,g,.,O,v,e,r,a,l,l, ,t,h,e, ,p,h,o,n,e, ,i,s, ,v,e,r,y, ,g,o,o,d, ,a,n,d, ,v,a,l,u,e, ,f,o,r, ,m,o,n,e,y,., ,T,h,e, ,p,h,o,n,e, ,i,s, ,n,o,t, ,b,u,l,k,y, ,i,t,',s, ,v,e,r,y, ,s,l,i,m,.
B,a,t,t,e,r,y, ,t,a,k,i,n,g, ,a,r,o,u,n,d, ,2,.,3,0, ,h,o,u,r,s, ,t,o, ,c,o,m,p,l,e,t,e, ,t,h,e, ,1,0,0, ,p,e,r,c,e,n,t,.,E,v,e,n, ,8,g,b, ,r,a,m, ,a,p,p,l,i,c,a,t,i,o,n, ,a,r,e, ,l,a,g,g,i,n,g, ,w,h,i,l,e, ,d,o,i,n,g, ,m,u,l,t,i, ,t,a,s,k,i,n,g, ,l,i,k,e, ,I,G,",",w,h,a,t,s,a,p,p, ,a,n,d, ,m,e,s,s,e,n,g,e,r,.,T,h,i,s, ,m,y, ,s,e,c,o,n,d, ,n,e,w, ,o,n,e, ,a,f,t,e,r, ,g,e,t,t,i,n,g, ,r,e,p,l,a,c,e,m,e,n,t, ,b,o,t,h, ,p,h,o,n,e,s, ,a,r,e, ,l,a,g,g,i,n,g, ,a,n,d, ,h,a,v,i,n,g, ,s,o,m,e, ,t,o,u,c,h, ,i,s,s,u,e,s,.,O,n,l,y, ,g,o,o,d, ,t,h,i,n,g, ,i,s, ,d,o,l,b,y, ,s,o,u,n,d,",",4,k, ,v,i,d,e,o, ,s,u,p,p,o,r,t, ,a,n,d, ,b,a,c,k, ,c,a,m,e,r,a, ,i,s, ,g,o,o,d,.
A,f,t,e,r, ,u,s,i,n,g, ,i,t, ,f,o,r, ,3,w,k,s,",", ,I, ,c,a,n, ,s,a,y, ,o,v,e,r, ,a,l,l, ,p,h,o,n,e, ,p,r,i,c,e, ,i,s, ,t,o,o, ,h,i,g,h, ,1,8,9,9,0, ,f,o,r, ,(, ,A,5,2, ,8,g,b, ,1,2,8,g,b,),., ,O,p,p,o, ,t,r,y, ,t,o, ,i,n,c,r,e,a,s,e, ,t,h,e, ,r,a,m, ,s,i,z,e, ,(,8,g,b,), ,t,o, ,s,u,p,p,o,r,t, ,o,l,d, ,p,r,o,c,e,s,s,e,r, ,6,6,5, ,b,u,t, ,i,t,',s, ,n,o,t, ,w,o,r,k,i,n,g,., ,Y,o,u, ,l,l, ,a,l,w,a,y,s, ,f,i,l,l, ,p,h,o,n,e, ,i,s, ,l,a,g,g,i,n,g, ,a,n,d, ,n,o,t, ,w,o,r,k,i,n,g, ,a,s, ,p,e,r, ,t,h,e, ,c,o,n,f,i,g,u,r,a,t,i,o,n, ,p,r,o,v,i,d,e,d,.,R,a,t,i,n,g,C,a,m,e,r,a, ,1,/,5,P,r,o,c,e,s,s,e,r, ,3,/,5,B,a,t,t,e,r,y, ,3,/,5,(,m,a,x, ,o,n,e, ,a,n,d, ,h,a,l,f, ,d,a,y,-, ,5,0,0,0, ,m,a,h,),D,i,s,p,l,a,y, ,4,/,5, ,(,n,o,t, ,b,a,d,),C,h,a,r,g,i,n,g, ,s,p,e,e,d, ,3,/,5, ,s,l,o,w
W,a,s,t,e, ,o,f, ,m,o,n,e,y, ,d,o,n,',t, ,b,u,y, ,t,h,i,s, ,c,e,l,l, ,p,h,o,n,e,., ,S,a,m,s,u,n,g, ,i,s, ,b,e,s,t, ,p,h,o,n,e, ,t,h,i,s, ,p,r,i,c,e, ,r,a,n,g,e,., ,I, ,m, ,r,e,g,r,e,t,t,i,n,g, ,t,a,k,e, ,t,h,i,s, ,p,h,o,n,e, ,.,.,., ,C,a,m,e,r,a, ,q,u,a,l,i,t,y, ,i,s, ,n,o,t, ,g,o,o,d, ,m,o,b,i,l,e, ,c,h,a,r,g,e, ,h,e,a,t,i,n,g, ,p,r,o,b,l,e,m, ,a,n,d, ,m,o,b,i,l,e, ,c,h,a,r,g,i,n,g, ,v,e,r,y, ,s,l,o,w,.,.,., ,y,e,s,t,e,r,d,a,y, ,I, ,h,a,v,e, ,s,e,l,l, ,t,h,i,s, ,p,h,o,n,e, ,l,a,s,t, ,n,i,g,h,t, ,I, ,b,o,u,g,h,t, ,n,e,w, ,S,a,m,s,u,n,g, ,A,7,0,S, ,m,o,b,i,l,e
I, ,a,m, ,u,s,i,n,g, ,m,o,b,i,l,e, ,d,e,v,i,c,e,s, ,f,r,o,m, ,N,o,v,e,m,b,e,r, ,1,9,9,9,., ,F,i,r,s,t, ,t,i,m,e, ,I, ,a,m, ,f,a,c,i,n,g, ,s,o,f,t,w,a,r,e, ,d,e,f,e,c,t,s, ,i,n, ,a, ,s,e,a,l,e,d, ,o,p,e,n,e,d, ,n,e,w, ,m,o,b,i,l,e,., ,H,o,w, ,t,h,e, ,c,u,s,t,o,m,e,r,',s, ,m,i,n,d, ,w,i,l,l, ,f,e,e,l, ,h,a,v,e, ,t,o, ,k,n,o,w, ,o,p,p,o, ,m,a,n,u,f,a,c,t,u,r,e,r,s,., ,O,f, ,c,o,u,r,s,e, ,t,h,e,y, ,a,r,e, ,s,e,n,d,i,n,g, ,a,n,o,t,h,e,r, ,p,h,o,n,e, ,I, ,w,i,l,l, ,s,u,s,p,e,c,t, ,a,l,w,a,y,s, ,p,h,o,n,e, ,w,o,r,k,i,n,g,., ,T,o,d,a,y, ,I, ,r,e,c,e,i,v,e,d, ,N,e,w, ,s,e,a,l,e,d, ,g,o,o,d, ,p,a,c,k,i,n,g, ,m,o,b,i,l,e,., ,T,h,e, ,s,a,m,e, ,p,r,o,b,l,e,m, ,s,o,f,t,w,a,r,e, ,i,s,s,u,e,s, ,I, ,c,a,l,l,e,d, ,c,u,s,t,o,m,e,r, ,c,a,r,e, ,h,e, ,t,o,l,d, ,m,e, ,s,o,m,e, ,i,n,s,t,r,u,c,t,i,o,n,s, ,t,o, ,c,h,e,c,k, ,i,t,., ,N,o, ,p,r,o,b,l,e,m,s, ,s,o,l,v,e,d, ,f,i,n,a,l,l,y, ,r,e,t,u,r,n,e,d, ,v,e,r,y, ,h,e,a,d,a,c,h,e, ,m,o,b,i,l,e,., ,D,o,n,',t, ,g,o, ,t,o, ,b,u,y, ,t,h,i,s, ,o,p,p,o,a,5,2,., ,",",",",",",üò≠
B,a,t,t,e,r,y, ,c,o,m,e,s, ,o,n,l,y, ,a, ,d,a,y, ,f,u,l,l, ,w,h,e,n, ,I, ,u,s,e, ,n,e,t, ,i,t, ,i,s, ,n,o,t, ,w,o,r,k,i,n,g, ,(,l,o,n,g, ,l,a,s,t,i,n,g,), ,f,o,r, ,c,o,m,p,l,e,t,e, ,d,a,y,., ,T,h,e, ,b,a,t,t,e,r,y, ,q,u,a,l,i,t,y, ,m,a,y, ,n,o,t, ,b,e, ,t,h,a,t, ,m,u,c,h, ,q,u,a,l,i,t,a,t,i,v,e,., ,P,h,o,n,e, ,q,u,a,l,i,t,y, ,a,n,d, ,c,a,m,e,r,a, ,üì∏, ,q,u,a,l,i,t,y, ,i,s, ,a,l,s,o, ,n,o,t, ,s,a,t,i,s,f,a,c,t,o,r,y,.
F,o,r, ,O,P,P,O, ,A,5,2, ,m,o,b,i,l,e, ,i,t, ,d,o,e,s,n,',t, ,h,a,v,e, ,f,a,s,t, ,c,h,a,r,g,i,n,g, ,a,n,d, ,i,t, ,d,o,e,s,n,',t, ,h,a,v,e, ,c,a,l,l, ,r,e,c,o,r,d,i,n,g, ,f,a,c,i,l,i,t,y, ,f,r,o,m, ,o,p,p,o, ,c,o,m,p,a,n,y,., ,U,s,u,a,l,l,y, ,f,r,o,m, ,p,a,s,t, ,t,w,o, ,y,e,a,r,s, ,I, ,a,m, ,u,s,i,n,g, ,O,p,p,o, ,F,1,1, ,m,o,b,i,l,e, ,p,h,o,n,e, ,., ,I,t, ,h,a,s, ,c,a,l,l, ,r,e,c,o,r,d,i,n,g, ,f,a,c,i,l,i,t,y, ,w,h,i,c,h, ,w,a,s, ,g,i,v,e,n, ,b,y, ,o,p,p,o, ,c,o,m,p,a,n,y, ,f,r,o,m, ,t,h,e, ,m,a,n,u,f,a,c,t,u,r,e, ,., ,O,n,e, ,m,o,r,e, ,t,h,i,n,g, ,i,s, ,i,n, ,C,O,L,O,R, ,O,S, ,7,.,1, ,I, ,c,a,n,n,o,t, ,s,e,e, ,t,h,e, ,s,y,s,t,e,m, ,a,p,p,s, ,a,l,s,o,., ,T,h,e, ,p,r,o,d,u,c,t, ,w,a,s, ,a,b,s,o,l,u,t,e,l,y, ,g,o,o,d, ,p,r,o,d,u,c,t, ,., ,I, ,w,o,u,l,d, ,l,i,k,e, ,t,o, ,g,i,v,e, ,4,.,0, ,o,u,t, ,o,f, ,5, ,r,a,t,i,n,g,., ,I,f, ,I, ,a,b,o,v,e, ,f,e,a,t,u,r,e,s, ,w,h,i,c,h, ,I, ,m,e,n,t,i,o,n,e,d, ,a,b,o,v,e, ,t,h,e,n, ,I, ,w,i,l,l, ,g,i,v,e, ,4,.,7,5, ,o,u,t, ,o,f, ,5, ,r,a,t,i,n,g,.
I, ,h,a,v,e, ,r,e,c,e,i,v,e,d, ,a, ,d,e,f,e,c,t,i,v,e, ,p,r,o,d,u,c,t,., ,T,h,e,r,e, ,i,s, ,a, ,v,e,r,t,i,c,a,l, ,l,e,d, ,e,r,r,o,r, ,i,n, ,d,i,s,p,l,a,y,., ,S,o,m,e, ,h,o,w, ,I, ,d,i,d,n,',t, ,n,o,t,i,c,e, ,f,i,r,s,t,l,y, ,a,n,d, ,m,y, ,r,e,t,u,r,n,e,d, ,p,e,r,i,o,d, ,w,a,s, ,o,v,e,r, ,s,o, ,I, ,c,o,u,l,d, ,n,o,t, ,r,e,t,u,r,n, ,i,t,., ,H,o,w,e,v,e,r, ,r,e,s,t, ,f,u,n,c,t,i,o,n,s, ,a,r,e, ,w,o,r,k,i,n,g, ,p,r,o,p,e,r,l,y,",", ,b,u,t, ,a,s, ,a, ,m,o,b,i,l,e, ,l,o,v,e,r, ,I, ,a,m, ,n,o,t, ,s,a,t,i,s,f,i,e,d,., ,S,o, ,f,a,r, ,t,h,e, ,d,e,l,i,v,e,r,y, ,t,i,m,e, ,s,p,a,n, ,i,s, ,c,o,n,c,e,r,n,e,d, ,I, ,w,a,s, ,a,l,s,o, ,a, ,b,i,t, ,d,i,s,a,p,p,o,i,n,t,e,d,., ,H,o,w,e,v,e,r, ,o,v,e,r,a,l,l, ,e,x,p,e,r,i,e,n,c,e, ,w,a,s, ,n,o,t, ,g,o,o,d,.
A, ,v,e,r,y, ,n,i,c,e, ,p,h,o,n,e, ,I,A,M, ,j,u,s,t, ,l,o,v,i,n,g, ,i,t,",", ,A,m,a,z,o,n, ,i,s, ,t,h,e, ,b,e,s,t, ,E, ,c,o,m,m,e,r,c,e, ,w,e,b,s,i,t,e, ,p,r,o,v,i,d,e, ,b,r,a,n,d,e,d, ,m,o,b,i,l,e, ,a,t, ,l,o,w, ,c,o,s,t, ,a,n,d, ,1, ,d,a,y, ,d,e,l,i,v,e,r,y,T,h,a,n,k,s, ,A, ,l,o,t, ,A,m,a,z,o,n,L,o,v,e, ,u
I, ,h,a,v,e, ,u,s,e,d, ,t,h,i,s, ,p,h,o,n,e, ,f,o,r, ,a, ,m,o,n,t,h, ,a,n,d, ,m,y, ,i,n,t,e,n,t,i,o,n, ,t,o, ,h,e,l,p, ,p,e,o,p,l,e,P,l,e,a,s,e, ,d,o,n,',t, ,b,u,y, ,t,h,i,s, ,p,h,o,n, ,w,e,s,t, ,o,f, ,m,o,n,e,y, ,c,a,l,l, ,r,e,c,o,r,d,e,r, ,d,o,e,s,n,',t, ,w,o,r,k, ,p,h,o,n,e, ,o,f,f, ,a,u,t,o,m,a,t,i,c,a,l,l,y, ,a,n,y, ,t,i,m,e, ,d,i,s,p,l,a,y, ,h,a,n,g, ,a,n,y,t,i,m,e, ,E,v,e,n, ,y,o,u, ,c,a,n,',t, ,r,e,c,i,e,v,e, ,c,a,l,l,S,o, ,g,o, ,f,o,r, ,o,t,h,e,r, ,p,h,o,n,e
P,h,o,n,e, ,i,s, ,f,a,i,r, ,e,n,u,f,f, ,.,., ,t,h,e, ,b,a,c,k, ,c,a,m,e,r,a, ,c,o,u,l,d, ,h,a,v,e, ,b,e,e,n, ,l,i,t,t,l,e, ,b,e,t,t,e,r, ,t,h,a,t,',s, ,w,h,y, ,t,w,o, ,s,t,a,r, ,l,e,s,s, ,.,.,f,r,o,n,t, ,c,a,m,e,r,a, ,i,s, ,o,k, ,d,o,e,s, ,t,h,e, ,j,o,b, ,b,a,t,t,e,r,y, ,i,s, ,g,o,o,d, ,f,a,s,t, ,c,h,a,r,g,e,r, ,a,l,s,o, ,i,n, ,b,o,x
T,h,e,r,e, ,i,s, ,p,r,o,b,l,e,m, ,i,n, ,v,e,d,i,o, ,c,a,l,l, ,f,a,c,i,l,i,t,y, ,s,o,m,e, ,t,i,m,e, ,i,t, ,w,o,r,k, ,s,o,m,e,t,i,m,e, ,i,t, ,d,o,e,s,n,',t, ,w,o,r,k
A,w,e,s,o,m,e, ,p,r,o,d,u,c,t, ,I, ,d,o,n,',t, ,k,n,o,w, ,w,h,y, ,p,e,o,p,l,e, ,a,r,e, ,c,r,i,t,i,c,i,s,i,n,g, ,",", ,a, ,t,r,u,e, ,v,a,l,u,e, ,p,r,o,d,u,c,t, ,i,n, ,t,h,i,s, ,p,r,i,c,e, ,r,a,n,g,e, ,a,n,d, ,o,n,e, ,t,h,i,n,g, ,f,a,r, ,b,e,t,t,e,r, ,t,h,e,n, ,m,i, ,m,o,b,i,l,e,",", ,e,v,e,r,y,t,h,i,n,g, ,w,o,r,k, ,p,e,r,f,e,c,t,l,y
B,a,t,t,e,r,y, ,d,r,o,p,p,i,n,g, ,i,s, ,a,n, ,i,s,s,u,e,., ,O,n,e, ,m,o,r,e, ,t,h,i,n,g, ,t,h,a,t, ,I, ,a,m, ,f,a,c,i,n,g,",", ,t,h,o,u,g,h, ,i,t,',s, ,n,o,t, ,a, ,f,a,u,l,t, ,b,u,t, ,I, ,d,o,n,',t, ,k,n,o,w, ,o,t,h,e,r,s, ,a,r,e, ,f,a,c,i,n,g, ,o,r, ,n,o,t, ,-, ,w,h,i,l,e, ,t,y,p,i,n,g, ,i,n, ,s,o,c,i,a,l, ,a,p,p,s, ,s,o,m,e,t,i,m,e,s, ,t,h,e, ,a,p,p, ,c,l,o,s,e,d,o,w,n, ,a,n,d, ,g,o,e,s, ,i,n, ,m,u,l,t,i,t,a,s,k,i,n,g,",", ,b,e,c,a,u,s,e, ,o,f, ,t,h,e, ,h,o,m,e, ,p,a,g,e, ,b,u,t,t,o,n, ,i,s, ,j,u,s,t, ,b,e,l,o,w, ,t,h,e, ,s,p,a,c,e,-,b,a,r,., ,S,o,m,e,t,i,m,e,s, ,I, ,f,a,c,e, ,p,r,o,b,l,e,m, ,i,n, ,t,y,p,i,n,g, ,f,a,s,t,.
E,x,c,e,p,t, ,c,a,m,e,r,a,",", ,o,v,e,r,a,l,l, ,p,h,o,n,e, ,i,s, ,v,e,r,y, ,g,o,o,d, ,i,n,t,e,r,m,s, ,o,f, ,p,e,r,f,o,r,m,a,n,c,e,",", ,b,a,t,t,e,r,y,",", ,i,n,t,e,r,f,a,c,e,",", ,I, ,r,e,a,l,l,y, ,l,i,k,e, ,o,p,p,o, ,a,5,2, ,p,h,o,n,e, ,a,n,d, ,g,o,o,d, ,b,u,d,g,e,t, ,p,h,o,n,e,.
1,), ,T,H,E,R,E, ,I,S, ,N,O, ,A,U,T,O, ,C,A,L,L, ,R,E,C,O,R,D,E,R, ,A,V,A,I,L,A,B,L,E, ,I,N, ,T,H,I,S, ,P,H,O,N,E,2,), ,F,R,O,N,T, ,C,A,M,E,R,A, ,I,S, ,O,K, ,B,U,T, ,B,A,C,K, ,C,A,M,E,R,A, ,I,S, ,V,E,R,Y, ,P,O,O,R,I, ,A,D,V,I,C,E, ,T,O, ,O,P,P,O, ,P,L,E,A,S,E, ,U,P,D,A,T,E, ,A,U,T,O, ,C,A,L,L, ,R,E,C,O,R,D,E,R, ,I,N, ,T,H,I,S, ,P,H,O,N,E, ,A,N,D, ,I,M,P,R,O,V,E, ,C,A,M,E,R,A, ,Q,U,A,L,I,T,Y
G,r,e,a,t, ,p,h,o,n,e, ,f,o,r, ,i,t,s, ,p,r,i,c,e,., , ,B,o,x, ,c,o,n,t,a,i,n,s, ,t,h,e, ,p,r,o,t,e,c,t,i,v,e, ,b,a,c,k, ,c,o,v,e,r, ,w,h,i,c,h, ,i,s, ,a, ,a,d,d,e,d, ,b,e,n,e,f,i,t, ,a,n,d, ,a, ,g,o,o,d, ,e,a,r,p,h,o,n,e,., , ,C,h,a,r,g,i,n,g, ,t,a,k,e,s, ,t,i,m,e, ,i,f, ,c,o,m,p,l,e,t,e,l,y, ,d,r,a,i,n,e,d, ,w,h,i,c,h, ,i,s, ,a, ,s,l,i,g,h,t, ,i,r,r,i,t,a,n,t,., , ,E,l,s,e, ,g,o,o,d, ,r,e,c,o,m,m,e,n,d,.
I,t,',s, ,r,e,a,l,l,y, ,b,a,d, ,c,h,o,i,c,e,., ,D,o,n,',t, ,g,o, ,f,o,r, ,o,p,p,o, ,p,r,o,d,u,c,t,s,., ,I,t,',s, ,m,y, ,f,i,r,s,t, ,o,p,p,o, ,p,r,o,d,u,c,t,., ,I,t, ,s,t,a,r,t,s, ,s,h,o,w,i,n,g, ,o,v,e,r,h,e,a,t, ,w,a,r,n,i,n,g, ,a,l,l, ,t,h,e, ,t,i,m,e, ,f,r,o,m, ,s,t,a,r,t, ,u,p,.,I,t,s, ,h,a,n,g,i,n,g, ,w,h,e,n, ,p,l,a,y,i,n,g, ,g,a,m,e,s, ,a,n,d, ,r,e,l,l,y, ,n,o,t, ,f,o,r, ,m,u,l,t,i,t,a,s,k,i,n,g,.
I, ,l,o,v,e, ,t,h,i,s, ,p,h,o,n,e, ,v,e,r,y, ,m,u,c,h, ,",", ,s,m,o,o,t,h, ,f,u,n,c,t,i,o,n,P,r,o,s,G,o,o,d, ,b,a,t,t,e,r,y, ,l,i,f,e,G,o,o,d, ,c,a,m,e,r,a,S,m,o,o,t,h, ,p,e,r,f,o,r,m,a,n,c,e,S,i,m,p,l,y, ,a,w,e,s,o,m,e,D,e,d,i,c,a,t,e,d, ,s,l,o,t, ,a,l,s,o, ,a,v,a,i,l,a,b,l,e,C,o,n,s,S,e,e,m,s, ,b,i,t, ,d,e,l,a,y, ,i,n, ,c,h,a,r,g,i,n,g
B,e,s,t, ,a,f,f,o,r,d,a,b,l,e, ,p,r,o,d,u,c,t, ,f,r,o,m, , ,o,p,p,o,.,P,o,s,t,i,n,g, ,r,e,v,i,e,w, ,a,f,t,e,r, ,1,5, ,d,a,y,s, ,o,f, ,i,n,t,e,n,s,e, ,u,s,e,.,S,c,r,e,e,n, ,5,/,5,B,a,t,t,e,r,y, ,B,a,c,k,u,p, ,4,.,5,/,5,S,p,e,e,d, ,5,/,5,I,n, ,e,v,e,r,y, ,a,s,p,e,c,t,",", ,p,h,o,n,e, ,i,s, ,a,w,e,s,o,m,e,.
A,w,e,s,o,m,e, ,p,h,o,n,e,.,d,o,n,t, ,t,h,i,n,k, ,m,u,c,h, ,b,u,y, ,s,i,m,p,l,y,.,a,l,l, ,f,e,a,t,u,r,e,s, ,g,o,o,d,.,s,i,m,p,l,y, ,I, ,l,o,v,e, ,t,h,i,s, ,p,h,o,n,e,.,c,a,m,e,r,a, ,i,s, ,g,o,o,d,.,a,n,d, ,d,i,s,p,l,a,y, ,i,s, ,o,u,t,s,t,a,n,d,i,n,g,.,i,a,m, ,u,s,i,n,g, ,t,h,i,s, ,p,h,o,n,e, ,a,b,o,u,t, ,2,w,e,e,k,s, ,n,o, ,h,e,a,t,i,n,g, ,i,s,s,u,e,",",n,o, ,l,a,g,.,g,o,o,d, ,m,o,b,i,l,e, , ,b,y, ,O,p,p,o,.
G,o,o,d, ,c,h,o,i,c,e, ,i,n, ,r,s, ,1,7,0,0,0,/,-, ,c,a,m,e,r,a, ,i,s, ,a,v,e,r,a,g,e,.
M,y, ,o,l,d, ,m,o,b,i,l,e, , ,R,e,a,l,m,e, ,U,1, ,i,s, ,b,e,t,t,e,r, ,t,h,a,n, ,t,h,i,s, ,O,p,p,o, ,A,5,2, ,i,n, ,V,i,d,e,o,",", ,A,u,d,i,o,",", ,C,a,m,e,r,a,(,f,r,o,n,t, ,a,n,d, ,r,e,a,r,),",", ,S,c,r,e,e,n, ,b,r,i,g,h,t,n,e,s,s,",", ,a,n,d, ,c,o,l,o,r, ,r,e,p,r,o,d,u,c,t,i,o,n,., ,T,h,i,s, ,i,s, ,a,b,s,o,l,u,t,e, ,w,a,s,t,e, ,o,f, ,m,o,n,e,y,., ,A,l,s,o, ,n,o, ,r,e,t,u,r,n, ,a,v,a,i,l,a,b,l,e,., ,N,o,w, ,i, ,h,a,v,e, ,t,o, ,b,e,a,r, ,i,t,.
V,e,r,y, ,g,o,o,d, ,p,r,o,d,u,c,t,.,., ,W,o,r,t,h, ,m,o,n,e,y,.,.,.,.,., ,C,a,m,e,r,a, ,i,s, ,s,o, ,c,l,e,a,r, ,a,n,d, ,s,h,a,r,p,.,.,., ,L,o,n,g, , ,B,a,t,t,e,r,y, ,l,i,f,e,., , ,A,n,d, ,p,e,r,f,e,c,t, ,s,c,r,e,e,n, ,q,u,a,l,i,t,y,.,.,L,o,v,e,d, ,t,h,e, ,p,r,o,d,u,c,t,.,.,.
T,h,e,r,e, ,i,s, ,s,o,m,e,t,h,i,n,g, ,m,i,s,s,i,n,g, ,i,n, ,s,o,f,t,w,a,r,e, ,s,i,d,e,",", ,a,u,t,o, ,c,a,l,l, ,r,e,c,o,r,d,i,n,g,",", ,i,f, ,u, ,s,e,a,r,c,h, ,c,o,n,t,a,c,t,s, ,u,n,w,a,n,t,e,d, ,c,o,n,t,a,c,t,s, ,w,i,l,l, ,c,o,m,e, ,f,i,r,s,t,.,C,a,m,e,r,a, ,q,u,a,l,i,t,y, ,a,v,e,r,a,g,e,.
S,i,r, ,I,n, ,m,y, ,e,x,p,e,c,t,a,t,i,o,n, ,o,f, ,a,u,t,o, ,c,a,l,l, ,r,e,c,o,r,d,i,n,g,",", ,a,l,w,a,y,s, ,d,i,s,p,l,a,y, ,o,n, ,a,n,d, ,s,o,m,e, ,o,t,h,e,r, ,f,e,a,t,u,r,e,s, ,a,r,e, ,n,o,t, ,g,i,v,e,n, ,b,y, ,t,h,e, ,o,p,p,o, ,a,5,2,., ,H,e,n,c,e, ,r,e,t,u,r,n,., ,D,o,n,t, ,r,e,p,l,a,c,e, ,s,a,m,e, ,i,t,e,m,., ,I, ,w,a,n,t, ,b,u,y, ,a,n,o,t,h,e,r, ,n,e,w, ,o,n,e,.
T,h,e, ,p,h,o,n,e, ,H,a,n,g,s, ,w,h,e,n, ,s,i,n,g,l,e, ,a,p,p, ,u,s,e,d, ,m,u,l,t,i,p,l,e, ,T,i,m,e,s,., ,A,l,s,o, ,t,h,e,r,e, ,i,s, ,a, ,l,o,t, ,o,f, ,i,s,s,u,e, ,i,n, ,p,h,o,n,e, ,n,e,t,w,o,r,k,",", ,t,h,e, ,o,p,p,o,s,i,t,e, ,p,e,r,s,o,n, ,c,a,n,',t, ,l,i,s,t,e,n, ,u,n,l,e,s,s, ,u, ,r,e,b,o,o,t, ,t,h,e, ,p,h,o,n,e, ,a,f,t,e,r, ,4,/,6, ,c,a,l,l,s
T,h,e, ,c,a,m,e,r,a, ,q,u,a,l,i,t,y, ,i,s, ,v,e,r,y, ,b,a,d,",", ,t,h,e, ,i,m,a,g,e,s, ,a,r,e, ,v,e,r,y, ,d,u,l,l, ,a,n,d, ,t,h,e, ,c,o,l,o,u,r, ,r,e,p,r,o,d,u,c,t,i,o,n, ,i,s, ,b,a,d,., ,T,h,e, ,a,u,d,i,o, ,q,u,a,l,i,t,y, ,i,s, ,a,l,s,o, ,b,a,d, ,a,n,d, ,r,e,c,o,r,d,s, ,s,o,m,e, ,k,i,n,d, ,o,f, ,i,n,b,u,i,l,t, ,n,o,i,s,e, ,t,h,a,t, ,c,a,n,n,o,t, ,b,e, ,e,l,i,m,i,n,a,t,e,d, ,e,v,e,n, ,i,n, ,a, ,v,e,r,y, ,s,i,l,e,n,t, ,r,o,o,m,., ,T,h,e, ,s,p,e,a,k,e,r,s, ,a,r,e, ,g,o,o,d, ,w,i,t,h, ,s,u,r,r,o,u,n,d, ,s,o,u,n,d, ,e,n,a,b,l,e,d,.
T,h,e, ,b,a,t,t,e,r,y, ,d,r,a,i,n,e,d, ,t,o,o, ,f,a,s,t,., ,D,i,d,n,‚Äô,t, ,l,o,o,k, ,l,i,k,e, ,t,h,e, ,5,0,0,0, ,M,a,h, ,b,a,t,t,e,r,y,.,T,h,e, ,c,o,n,t,a,c,t,s, ,t,o,o,k, ,a, ,l,o,n,g, ,t,i,m,e, ,t,o, ,s,h,o,w,n, ,o,r, ,l,o,a,d, ,t,h,e, ,c,o,n,t,a,c,t,s,.
T,o,t,a,l,l,y, ,m,o,n,e,y, ,v,e,s,t, ,p,h,o,n,e, ,t,o, ,m,a,n,y, ,p,r,o,b,l,e,m,s, ,i,n, ,t,h,i,s, ,p,h,o,n,e, ,h,e,a,t, ,üî•, ,h,u,n,g, ,n,o,t, ,w,o,r,k,i,n,g, ,a,p,p,s, ,b,e,t,t,e,r,y, ,b,a,c,k,u,p, ,w,e,e,k, ,üëé,üèº,üëé,üèº,üëé,üèº,üò°,üò°,üò°, ,d,o,n,',t, ,b,u,y, , ,t,h,i,s, ,üî•
L,o,w, ,c,a,m,e,r,a, ,f,u,t,u,r,e,.,V,o,l,u,m,e, ,s,w,i,t,c,h, ,u,n,c,o,m,f,o,r,t,a,b,l,e,O,t,h,e,r,w,i,s,e, ,a,l,l, ,i,s, ,o,k
O,p,p,o, ,a,5,2, ,m,o,b,i,l,e, ,i,s, ,g,o,o,d, ,i,n, ,a,n,y, ,t,h,i,n,g, ,b,u,t, ,t,h,e, ,I, ,c,a,n, ,b,o,o,k,e,d, ,t,h,i,s, ,m,o,b,i,l,e, ,i,n, ,A,m,a,z,o,n, ,t,h,i,s, ,c,h,a,r,g,e,r, ,i,s, ,n,o,t, ,o,p,p,o, ,c,o,m,p,a,n,y, ,b,r,a,n,d,., ,A,m,a,z,o,n, ,g,i,v,i,n,g, ,d,u,p,l,i,c,a,t,e, ,c,h,a,r,g,e,r, ,t,h,i,s, ,i,s, ,f,o,r, ,g,v,e, ,t,h,e, ,o,p,p,o, ,c,o,m,p,a,n,y, ,c,h,a,r,g,e,r, ,t,o, ,e,v,e,r,y,o,n,e, ,., ,d,o,n,',t, ,g,i,v,e, ,t,h,e, ,l,o,c,a,l, ,c,h,a,r,g,e,r
S,u,p,e,r, ,p,h,o,n,e, ,o,s, ,i,s, ,s,m,o,o,t,h, ,c,a,m,e,r,a, ,i,s, ,g,o,o,d, ,",",f,r,o,n,t, ,s,e,l,f,i,e, ,c,a,m,e,r, ,i,s, ,o,k, ,",",m,u,s,i,c, ,a,n,d, ,v,i,d,e,o, ,e,x,p,e,r,i,e,n,c,e, ,i,s, ,s,u,p,e,r,i,o,r, ,o,v,e,r,-,a,l,l, ,g,o,o,d, ,p,h,o,n,e, ,i,n, ,t,h,i,s, ,p,r,i,c,e, ,r,a,n,g,e
O,p,p,o, ,A,5,2, ,i,s, ,a,w,e,s,o,m,e, ,p,h,o,n,e, ,.,L,o,o,k,i,n,g, ,i,s, ,s,o, ,c,o,o,l, ,&, ,s,l,i,m, ,.,t,h,e, ,c,a,m,e,r,a, ,q,u,a,l,i,t,y, ,i,s, ,g,o,o,d, ,&, ,b,a,t,t,e,r,y, ,b,a,c,k,u,p, ,i,s, , ,h,i,g,h, ,.,I,n, ,t,h,i,s, ,r,a,n,g,e, ,t,h,i,s, ,p,h,o,n,e, ,g,i,v,e, ,b,e,s,t, ,p,i,c,t,u,r,e, ,q,u,a,l,i,t,y, ,., ,I, ,a,m, ,s,o, ,h,a,p,p,y, ,t,o, ,b,u,y, ,t,h,i,s, ,p,r,o,d,u,c,t,.
T,h,e, ,b,e,s,t, ,t,h,i,n,g, ,a,b,o,u,t, ,t,h,i,s, ,p,h,o,n,e, ,i,s, ,i,t,s, ,c,a,m,e,r,a, ,üì∏, ,., ,I,f, ,y,o,u, ,a,r,e, ,a, ,m,o,b,i,l,e, ,p,h,o,t,o,g,r,a,p,h,e,r, ,s,u,r,e,l,y, ,g,o, ,f,o,r, ,i,t, ,a,n,d, ,i,f, ,y,o,u, ,a,r,e, ,a, ,g,a,m,e,r, ,y,o,u, ,c,a,n, ,g,o, ,f,o,r, ,i,t, ,t,o,o, ,i,t,s, ,a,n, ,m,a,g,i,c,a,l, ,p,h,o,n,e,., ,T,h,e,r,e,',s, ,o,n,l,y, ,o,n,e, ,p,r,o,b,l,e,m, ,t,h,e, ,q,u,a,l,i,t,y, ,o,f, ,t,h,e, ,s,l,o,w, ,m,o,t,i,o,n, ,i,s, ,q,u,i,t,e, ,l,o,w,.
G,o,o,d, ,b,u,t, ,w,i,d,t,h, ,i,s, ,s,m,a,l,l, ,s,c,r,e,e,n, ,s,o,f,t,w,a,r,e, ,V,e,r,y, ,g,o,o,d, ,n,i,c,e, ,a,n,d, ,m,o,b,i,l,e, ,i,s, ,a,v,a,i,l,a,b,l,e, ,c,a,l,l, ,r,e,c,o,r,d,e,r, ,p,r,e,s,s, ,t,h,e, ,s,p,e,a,k,e,r, ,a,n,d, ,c,a,l,l, ,r,e,c,o,r,d,e,r, ,a,v,a,i,l,a,b,l,e, ,w,h,e,n, ,w,e, ,c,a,l,l
T,h,i,s, ,m,o,b,i,l,e, ,a,t,t,a,c,h,e,d, ,e,a,r,p,h,o,n,e, ,l,e,f,t, ,s,i,d,e, ,i,s, ,n,o,t, ,w,o,r,k,e,d, ,I, ,a,m, ,h,o,w, ,c,l,a,i,m, ,t,h,e, ,e,a,r,p,h,o,n,e,V,e,r,y, ,w,o,r,s,t, ,e,a,r,p,h,o,n,e, ,s,o, ,d,o,n,',t, ,p,u,r,c,h,a,s,e, ,t,h,e, ,m,o,b,i,l,e, ,i,n, ,t,h,i,s, ,w,e,b, ,s,h,o,p
T,h,e, ,p,h,o,n,e, ,i,s, ,u,n,d,e,r, ,2, ,m,o,n,t,h,s, ,o,l,d, ,a,n,d, ,a,l,r,e,a,d,y, ,g,i,v,i,n,g, ,s,e,v,e,r,e, ,p,r,o,b,l,e,m,s,., ,H,a,n,g,i,n,g, ,a,l,l, ,t,h,e, ,t,i,m,e,., ,I,s, ,t,h,e, ,w,a,r,r,a,n,t,y, ,i,n, ,p,l,a,c,e,?,?, ,I, ,n,e,e,d, ,t,o, ,a,v,a,i,l, ,o,f, ,t,h,e, ,a,f,t,e,r, ,s,a,l,e,s, ,s,e,r,v,i,c,e,.
H,e,a,t,s, ,a,f,t,e,r, ,2, ,m,i,n,u,t,e,s, ,u,s,e, ,a,n,d, ,A,m,a,z,o,n, ,p,e,o,p,l,e,',s, ,a,r,e, ,r,e,c,k,l,e,s,s,.,.,.,N,e,v,e,r, ,u,n,d,e,r,s,t,a,n,d, ,c,u,s,t,o,m,e,r, ,p,r,o,b,l,e,m,.,.,t,o,t,a,l,l,y, ,d,i,s,a,p,p,o,i,n,t,e,d, ,w,i,t,h, ,a,m,z,o,n, ,s,e,r,v,i,c,e,.,., ,r,e,c,o,m,m,e,n,d, ,a,l,l, ,t,o, ,n,o,t, ,t,o, ,b,u,y, ,p,r,o,d,u,c,t,s, ,f,r,o,m, ,A,m,a,z,o,n, ,d,u,e, ,t,o, ,b,a,d, ,c,u,s,t,o,m,e,r, ,s,e,r,v,i,c,e,.
S,o, ,m,a,n,y, ,f,i,n,g,e,r, ,p,r,i,n,t,s, ,i,n, ,t,h,e, ,b,o,x, ,a,n,d, ,b,a,c,k, ,o,f, ,t,h,e, ,m,o,b,i,l,e, , ,s,c,r,a,t,c,h, ,a,n,d, ,c,r,a,c,k,s, ,i,s, ,t,h,e,r,e,T,o,t,a,l,l,y, ,d,a,m,a,g,e,d, ,p,r,o,d,u,c,t,I, ,r,e,a,l,l,y, ,d,i,s,a,p,p,o,i,n,t,e,d, ,w,i,t,h, ,t,h,e, ,s,e,r,v,i,c,e,U,n,h,a,p,p,y, ,w,i,t,h, ,b,r,a,n,d, ,a,n,d, ,p,r,o,d,u,c,t
N,i,c,e, ,p,h,o,n,e, ,f,o,r, ,t,h,i,s, ,p,r,i,c,e, ,r,a,n,g,e,.,.,., ,E,x,c,e,l,l,e,n,t, ,d,i,s,p,l,a,y,.,.,.
T,h,a,t,',s, ,p,h,o,n,e, ,i,s, ,o,n,l,y, ,f,o,r, ,c,a,l,l, ,a,n,d, ,l,i,s,t,i,n,g, ,s,o,n,g,s
P,h,o,n,e, ,l,a,g,s,., ,P,o,o,r, ,c,a,m,e,r,a,",", ,h,a,r,d, ,w,i,r,e, ,l,o,w, ,q,u,a,l,i,t,y, ,u,n,c,o,m,f,o,r,t,a,b,l,e, ,e,a,r,p,h,o,n,e,., ,P,h,o,n,e, ,h,e,a,t,s, ,u,p, ,w,h,i,l,e, ,c,h,a,r,g,i,n,g,., ,S,l,o,w, ,c,h,a,r,g,i,n,g,.
W,o,r,s,t, ,p,h,o,n,e,",", ,a,l,w,a,y,s, ,n,e,t,w,o,r,k, ,i,s,s,u,e, ,i,n, ,d,e,l,h,i
O,v,e,r, ,a,l,l, ,p,h,o,n,e, ,i,s, ,g,r,e,a,t, ,t,o, ,u,s,e, ,a,p,a,r,t, ,f,r,o,m, ,i,t,s, ,c,a,m,e,r,a, ,q,u,a,l,i,t,y, ,r,e,s,t, ,a,l,l, ,f,e,a,t,u,r,e,s, ,a,r,e, ,m,i,n,d, ,b,l,o,w,i,n,g,.
W,o,r,s,t, ,p,h,o,n,e, ,i,s, ,a,l,l, ,i, ,h,a,v,e, ,t,o, ,s,a,y,.,D,i,d,n,',t, ,r,e,c,e,i,v,e, ,e,a,r,p,h,o,n,e,s, ,b,o,t,h, ,t,h,e, ,t,i,m,e,s,.,R,e,p,l,a,c,e,d, ,a,n,d, ,r,e,t,u,r,n,e,d, ,i,t,.,W,o,r,s,t, ,e,x,p,e,r,i,e,n,c,e, ,a,m,a,z,o,n
I,t,',s, ,b,e,t,t,e,r, ,f,o,r, ,1,5,0,0,0
I,t, ,d,o,e,s,n,',t, ,v,a,l,u,e, ,y,o,u,r, ,m,o,n,e,y
G,o,o,d, ,p,h,o,n,e, ,s,p,e,c,i,f,i,c,a,t,i,o,n, ,n, ,t,h,i,s, ,p,r,i,c,e, ,r,a,n,g,e,g,o,o,d, ,c,a,m,e,r,a, ,a,n,d, ,b,a,t,t,e,r,y, ,m,u,s,t, ,b,u,y
T,h,e,r,e, ,i,s, ,n,o, ,c,a,l,l, ,r,e,c,o,r,d,i,n,g, ,f,e,a,t,u,r,e,., ,I, ,h,a,v,e, ,s,p,o,k,e, ,t,o, ,O,p,p,o, ,c,u,s,t,o,m,e,r, ,s,e,r,v,i,c,e, ,t,h,e,y, ,s,a,i,d, ,c,u,r,r,e,n,t, ,t,h,i,s, ,f,e,a,t,u,r,e, ,i,s, ,n,o,t, ,a,v,a,i,l,a,b,l,e,.
E,y,e, ,c,a,r,e, ,i,s, ,v,e,r,y, ,n,i,c,e, ,f,u,c,t,i,o,n, ,f,o,r, ,e,y,e,.,s,o, ,v,e,r,y, ,n,i,c,e, ,p,r,o,u,d,u,c,t, ,a,l,l, ,f,i,e,l,d,.,b,a,t,r,y, ,w,a,c,k,u,p, ,g,o,o,d,.,f,a,s,t, ,c,h,a,r,g,e,.,a,l,l, ,f,u,c,t,i,o,n, ,i,s, ,w,e,l,l,.
G,o,o,d, ,d,e,l,i,v,e,r,y, ,a,n,d, ,g,o,o,d, ,q,u,a,l,i,t,y
B,e,t,t,e,r, ,o,p,t,i,o,n, ,i,f, ,u, ,r, ,n,o,t, ,b,u,t, ,r,e,a,l,m,e, ,6, ,o,r, ,r,e,d,m,i, ,n,o,t,e, ,9, ,p,r,o
B,e,s,t, ,p,h,o,n,e, ,i,n, ,t,h,i,s, ,p,r,i,c,e, ,w,i,t,h, ,E,x,t,r,a, ,2,5,0,0,/,-, ,r,s, ,d,i,s,c,o,u,n,t,.,i, ,g,o,t, ,t,h,i,s, ,p,h,o,n,e, , ,j,u,s,t, ,r,s, ,1,1,6,5,0,/,-, ,w,i,t,h, ,e,x,c,h,a,n,g,e, ,m,y, ,o,l,d, ,o,p,p,o, ,A,8,3, ,p,h,o,n,e,.,i, ,m, ,v,e,r,y, ,h,a,p,p,y, ,üòÑ,üòÑ,üòÑ,üòÑ,üòÑ
B,a,t,t,e,r,y, ,l,i,f,e, ,i,s, ,p,e,r,f,e,c,t,.,.,.,.,c,a,m,e,r,a, ,q,u,a,l,i,t,y, ,i,s, ,n,o,t, ,t,h,a,t, ,m,u,c,h, ,g,o,o,d,.,.,.,.,.,i,t,s, ,v,a,l,u,e, ,f,o,r, ,m,o,n,e,y,.,.,.,.,.,.,i, ,r,e,a,l,l,y, ,l,o,v,e, ,t,h,i,s, ,m,o,b,i,l,e,.,.,.,.,.,i, ,i,n,s,e,r,t, ,c,h,a,r,g,e,r, ,o,n,l,y, ,f,o,r, ,a,n, ,h,o,u,r, ,i,n, ,4,8, ,h,o,u,r,s
G,u,y,s, ,p,l,e,a,s,e, ,d,o,n,',t, ,b,u,y, ,t,h,i,s, ,m,o,b,i,l,e, ,p,h,o,n,e,v,e,r,y, ,p,a,t,h,e,t,i,c, ,q,u,a,l,i,t,y, ,c,a,m,e,r,a, ,q,u,a,l,i,t,y, ,i,s, ,w,o,r,s,t, ,a,n,d, ,a,l,s,o, ,p,l,a,y,i,n,g, ,t,h,e, ,g,a,m,e, ,t,h,e,n, ,p,h,o,n,e, ,i,s, ,v,e,r,y, ,v,e,r,y, ,v,e,r,y, ,h,e,a,t
C,e,m,e,r,a, ,q,u,a,l,i,t,y, ,i,s, ,v,e,r,y, ,p,o,o,r, ,l,i,k,e, ,2, ,m,e,g,a,p,i,x,e,l,.,., , ,a,n,d, ,a,l,s,o, ,s,p,e,a,k, ,w,e, ,p,r,o,b,l,e,m, ,v,o,i,c,e, ,c,u,t, ,d,u,r,i,n,g, ,p,h,o,n,e, ,c,a,l,l,s, ,.,.,.,I, ,d,o,n,',t, ,a,c,c,e,p,t, , ,t,h,i,s, ,t,y,p,e, ,p,r,o,b,l,e,m, ,i,n, ,1,8,9,9,0,/,-, ,R,S, ,m,o,b,i,l,e, ,p,h,o,n,e
T,h,a,n,k,s, ,t,o, ,A,m,a,z,o,n, ,f,o,r, ,q,u,i,c,k, ,d,e,l,i,v,e,r,y,., ,C,a,m,e,r,a, ,n,o,t, ,s,o, ,b,a,d,., , ,5,0,0,0,m,a,h, ,B,a,t,t,e,r,y, ,b,u,t, ,a,v,e,r,a,g,e, ,b,a,c,k, ,u,p,., ,P,r,i,c,e, ,i,s, ,h,i,g,h,e,r, ,a,s, ,c,o,m,p,a,r,e,d, ,t,o, ,s,a,m,s,u,n,g, ,m,3,1,s, ,a,n,d, ,m,3,1,V,e,r,y, ,n,i,c,e, ,D,i,s,p,l,a,y
P,h,o,n,e, ,i,s, ,o,v,e,r,a,l,l, ,g,o,o,d,., ,F,o,r, ,b,a,t,t,e,r,y, ,l,i,f,e, ,i,s, ,i,m,p,o,r,t,a,n,t, ,r,a,t,h,e,r, ,t,h,a,n, ,i,t,s, ,c,a,m,e,r,a,.,.,., ,B,u,t, ,I, ,h,a,v,e, ,a, ,c,o,m,p,l,a,i,n, ,t,h,a,t, ,I, ,h,a,v,e,n,',t, ,r,e,c,e,i,v,e,d, ,a, ,b,i,l,l, ,o,f, ,m,y, ,p,r,o,d,u,c,t
B,o,t,h, ,c,a,m,e,r,a, ,p,a,t,h,e,t,i,c,",", ,v,e,r,y, ,p,o,o,r, ,p,e,r,f,o,r,m,a,n,c,e,.
T,h,e,i,r, ,i,s, ,a, ,s,o,m,e, ,i,s,s,u,e, ,i,n, ,t,h,i,s, ,p,h,o,n,e, ,w,h,e,n, ,c,a,l,l, ,r,e,c,o,r,d,e,r, ,i,s, ,o,n, ,t,h,e, ,v,o,i,c,e, ,o,f, ,r,e,c,o,r,d,e,r, ,l,i,s,t,i,n,g, ,t,o, ,o,t,h,e,r, ,p,e,r,s,o,n,.,.,p,l,s, ,s,l,o,v,e, ,t,h,i,s, ,p,r,o,b,l,e,m, ,o,p,p,o
s,o,m,e, ,m,o,b,i,l,e,s, ,a,r,e, ,d,e,f,e,c,t,i,v,e,",",n,o,t, ,c,h,a,r,g,i,n,g, ,v,i,a, ,a,n,y, ,c,h,a,r,g,e,r,.,s,o, ,i, ,r,e,t,u,r,n,e,d,!
A,s, ,o,f, ,n,o,w, ,t,h,e, ,p,r,o,d,u,c,t, ,i,s, ,g,o,o,d, ,b,u,t, ,i,t, ,g,e,t,',s, ,h,o,t, ,v,e,r,y, ,q,u,i,c,k,l,y, ,w,h,i,l,e, ,n,e,t, ,s,u,r,f,i,n,g,.,.,.,.,ü§®
P,l,e,a,s,e, ,h,e,l,p, ,i,n, ,c,a,n,c,e,l,l,a,t,i,o,n, ,o,f, ,t,h,i,s, ,r,e,t,u,r,n, ,o,r, ,r,e,p,l,a,c,e, ,o,r,d,e,r, ,I, ,l,o,v,e, ,t,h,i,s, ,p,h,o,n,e, ,m,o,r,e, ,p,l,e,a,s,e, ,c,a,n,c,e,l, ,t,h,i,s, ,o,r,d,e,r, ,t,h,i,s, ,w,a,s, ,d,o,n,e, ,b,y, ,m,y, ,c,h,i,l,d, ,I,',m, ,r,e,a,l,l,y, ,s,o,r,r,y, ,p,l,z, ,c,a,n,c,e,l, ,o,r,d,e,r
G,o,o,d, ,p,h,o,n,e, ,w,i,t,h, ,a,l,l, ,s,p,e,c,i,f,i,c,a,t,i,o,n,s,., ,1, ,s,t,a,r, ,l,e,s,s, ,a,d,d,e,d, ,i,n, ,r,a,t,i,n,g, ,b,e,c,o,z, ,C,a,m,e,r,a, ,s,h,o,u,l,d, ,h,a,v,e, ,b,e,e,n, ,g,i,v,e,n, ,b,e,t,t,e,r,.,., ,O,t,h,e,r,w,i,s,e, ,p,h,o,n,e, ,i,s, ,g,o,o,d,",", ,f,a,s,t, ,i,n, ,f,u,n,c,t,i,o,n,i,n,g,.,.
T,h,e, ,p,r,o,d,u,c,t, ,i,s, ,v,e,r,y, ,g,o,o,d, ,b,u,t, ,I, ,n,o,t, ,r,e,c,e,i,v,e,d, ,b,l,u,e,t,o,o,t,h, ,h,e,a,d,s,e,t, ,w,i,t,h, ,t,h,i,s, ,p,r,o,d,u,c,t, ,a,s, ,p,e,r, ,s,p,e,c,i,f,i,c,a,t,i,o,n, ,t,h,a,t, ,t,i,m,e,",", ,r,e,m,a,i,n,i,n,g, ,i,t, ,i,s, ,g,o,o,d,.
G,o,o,d, ,M,o,b,i,l,e,.,.,.,m,y, ,n,e,p,h,e,w, ,a,n,d, ,N,i,e,c,e, ,a,r,e, ,v,e,r,y, ,H,a,p,p,y, ,t,o, ,t,h,i,s, ,l,o,v,e,l,y, ,H,a,n,d,s,e,t,.,S,t,o,r,a,g,e, ,a,n,d, ,f,u,n,c,t,i,o,n, ,i,s, ,g,o,o,d,.
W,i,t,h,o,u,t, ,a,n,y, ,s,t,o,r,a,g,e,.,.,p,h,o,n,e, ,h,a,n,g,s, ,i,n, ,n,e,w,l,y, ,c,o,n,d,i,t,i,o,n
I, ,l,i,k,e, ,t,h,i,s, ,p,r,o,d,u,c,t, ,v,e,r,y, ,m,u,c,h, ,., ,B,u,t, ,t,h,e, ,o,n,e, ,p,r,o,b,l,e,m, ,i,s, ,t,h,a,t, ,-, ,I,t, ,h,e,a,t,s, ,d,u,r,i,n,g, ,c,h,a,r,g,i,n,g, ,p,l,e,a,s,e, ,s,u,g,g,e,s,t, ,m,e, ,h,o,w, ,s,h,o,u,l,d, ,I, ,c,h,a,r,g,e, ,i,t, ,.
N,o,t, ,v,a,l,u,e, ,f,o,r, ,m,o,n,e,y,",", ,o,n,l,i,n,e, ,p,h,o,n,e, ,q,u,a,l,i,t,y, ,i,s, ,n,o,t, ,g,o,o,d,",",i,t,s, ,l,i,k,e, ,s,o,m,e,t,h,i,n,g, ,w,r,o,n,g, ,i,n, ,o,r,i,g,i,n,a,l, ,m,o,b,i,l,e,",", ,h,e,a,d,p,h,o,n,e, ,n,o,t, ,w,o,r,k,i,n,g, ,p,r,o,p,e,r,l,y,.,.,., ,P,l,z, ,d,n,t, ,b,u,y
T,h,e, ,b,e,s,t, ,p,h,o,n,e, ,i,n, ,t,h,e, ,w,o,r,l,d,.,a,n,d, ,t,h,a,n,k,s, ,A,m,a,z,o,n, ,f,o,r, ,t,h,e, ,v,e,r,y, ,f,a,s,t, ,d,e,l,i,v,e,r,y,.,j,u,s,t, ,G,o, ,f,o,r, ,i,t,.,c,a,m,e,r,a, ,i,s, ,s,u,p,e,r, ,a,w,e,s,o,m,e,.,b,a,t,t,e,r,y, ,i,s, ,s,o, ,p,o,w,e,r,f,u,l,.,j,u,s,t, ,w,o,w
P,r,o,d,u,c,t, ,i,s, ,g,o,o,d, ,a,n,d, ,t,h,e, ,f,e,a,t,u,r,e,s, ,t,o,o,., ,B,u,t, ,n,e,e,d, ,a, ,p,r,o,p,e,r, ,h,a,b,i,t, ,o,f, ,u,s,i,n,g, ,i,t,., ,A,n,d, ,t,h,e, ,b,a,t,t,e,r,y, ,i,s, ,n,o,t, ,t,o,o, ,l,o,n,g, ,i,f, ,u, ,r, ,w,a,t,c,h,i,n,g, ,v,i,d,e,o,s, ,c,o,n,t,i,n,u,o,u,s,l,y,.
R,e,a,r, ,c,a,m,e,r,a, ,i,s, ,s,o, ,b,a,d,.,.,.,I, ,w,a,s,t,e,d, ,m,y, ,m,o,n,e,y, ,f,o,r, ,t,h,i,s, ,p,h,o,n,e,.,.,n,e,x,t, ,t,i,m,e, ,",",I, ,w,i,l,l, ,n,e,v,e,r, ,p,u,r,c,h,a,s,e, ,a,n,y, ,o,p,p,o, ,s,m,a,r,t,p,h,o,n,e,I, ,f,e,e,l, ,s,o, ,b,a,d, ,t,o, ,b,u,y, ,t,h,i,s, ,m,o,b,i,l,e
V,o,l,u,m,e, ,b,u,t,t,o,n, ,n,o,t, ,w,o,r,k,i,n,g, ,a,n,d, ,w,h,e,n, ,I, ,r,e,t,u,r,n, ,i,t, ,m,a,n, ,w,h,o, ,c,o,l,l,e,c,t,e,d, ,p,a,r,c,e,l,s, ,t,o,l,d, ,m,e, ,s,h,o,u,l,d,n,‚Äô,t, ,o,r,d,e,r, ,o,n,l,i,n,e, ,g,o, ,t,o, ,s,h,o,p, ,a,n,d, ,b,u,y, ,i,t, ,w,h,a,t, ,a, ,r,u,b,i,s,h
M,a,n,y, ,o,p,t,i,o,n, ,d,i,f,f,e,r,e,n,t, ,t,o, ,o,p,p,o,., ,A,u,t,o, ,c,a,l,l, ,r,e,c,o,r,d,i,n,g, ,n,o,.,.,.
G,o,o,d, ,a,t, ,t,i,s, ,p,r,i,c,e, ,r,a,n,g,e,.,.
C,a,m,e,r,a, ,q,u,a,l,i,t,y, ,i,s, ,v,e,r,y, ,v,e,r,y, ,b,a,d,P,l,z, ,r,e,t,u,r,n, ,m,y, ,o,d,e,r,I, ,m, ,n,o,t, ,s,e,r,t,i,f,i,d,e, ,y,o,u,r, ,A,m,a,z,o,n, ,c,o,m,p,a,n,y, ,a,n,d, ,y,o,u, ,p,r,o,d,e,t,P,l,z, ,c,h,n,g, ,m,y, ,p,h,o,n,e
i, ,t,h,i,n,k, ,i, ,b,u,y,e,d, ,r,e,a,l,l,y, ,e,x,p,e,n,s,i,v,e, ,p,h,o,n,e,",",I,n, ,1,7,k, ,b,u,d,g,e,t, ,i, ,f,o,u,n,d, ,o,u,t, ,m,o,r,e, ,c,o,n,v,e,n,i,e,n,t, ,p,h,o,n,e,s,.
N,i,c,e, ,m,o,b,i,l,e,G,o,o,d, ,c,a,m,e,r,a,B,a,t,t,e,r,y, ,b,a,c,k,u,p, ,g,o,o,d
T,h,e, ,m,o,b,i,l,e, ,s,u,d,d,e,n,l,y, ,s,t,o,p,s, ,f,u,n,c,t,i,o,n,i,n,g, ,a,n,d, ,t,h,e,n, ,s,t,a,r,t,s, ,a,g,a,i,n,., ,V,e,r,y, ,s,l,o,w, ,t,o, ,r,e,s,p,o,n,d,., ,C,a,n, ,I, ,r,e,p,l,a,c,e, ,i,t, ,n,o,w, ,n, ,p,u,r,c,h,a,s,e, ,a,n,o,t,h,e,r, ,o,n,e,?,?,?,?
W,a,s,t,e, ,p,h,o,n,e,",", ,i,n, ,m,o,n,t,h, ,u,s,a,g,e, ,v,i,s,i,t,e,d, ,s,e,r,v,i,c,e, ,c,e,n,t,e,r, ,t,w,i,c,e,",", ,p,r,o,b,l,e,m,s, ,a,r,e, ,r,e,p,o,r,t,e,d,",", ,t,i,l,l, ,m,y, ,p,h,o,n,e, ,i,n, ,s,e,r,v,i,c,e, ,c,e,n,t,e,r
O,p,p,o, ,n,e,e,d, ,t,o, ,u,p,g,r,a,d,e, ,t,h,e, ,c,a,m,e,r,a, ,f,e,a,t,u,r,e,s, ,i,n, ,t,h,i,s, ,p,a,r,t,i,c,u,l,a,r, ,p,h,o,n,e,.,W,o,r,s,t, ,n,i,g,h,t, ,m,o,d,e, ,q,u,a,l,i,t,y, ,p,h,o,t,o,s
E,a,r,p,h,o,n,e, ,i,s, ,m,i,s,s,i,n,g, ,üôÑ,üôÑ,üôÑ, , ,a,l,s,o, ,m,o,b,i,l,e, ,P,h,o,n,e, ,i,s, ,g,o,o,d, ,v,a,l,u,e, ,o,f,f, ,m,o,n,e,y
M,o,b,i,l,e, ,i,s, ,g,o,o,d, ,b,u,t, ,c,a,m,e,r,a, ,q,u,a,l,i,t,y, ,i,s, ,n,o,t, ,s,o,o, ,g,o,o,d
T,h,e, ,p,h,o,n,e, ,i,s, ,g,o,o,d,., ,U,s,e,f,u,l, ,f,o,r, ,m,y, ,d,a,y, ,t,o, ,d,a,y, ,r,e,q,u,i,r,e,m,e,n,t,s,., ,A,u,d,i,o, ,i,s, ,g,o,o,d,., ,P,r,i,c,e, ,i,s, ,r,e,a,s,o,n,a,b,l,e,., ,C,a,m,e,r,a, ,i,s, ,g,o,o,d, ,e,n,o,u,g,h,.
v,e,r,y, ,n,i,c,e, ,p,h,o,n,e,",", ,n,i,c,e, ,w,o,r,k,i,n,g, ,g,o,o,d, ,b,a,t,t,e,r,y, ,l,i,f,e, ,a,n,d, ,f,a,s,t, ,c,h,a,r,g,e,r,","
T,h,e, ,h,a,n,d,s,e,t, ,r,e,c,e,i,v,e,d, ,w,a,s, ,f,o,u,n,d, ,w,i,t,h, ,a,l,l, ,d,e,s,c,r,i,p,t,i,v,e, ,f,e,a,t,u,r,e,s, ,a,n,d, ,t,h,e, ,d,e,l,i,v,e,r,y, ,w,a,s, ,q,u,i,c,k, ,a,l,s,o,.,.,.
T,h,i,s, ,i,s, ,a,n, ,a,w,s,o,m,e, ,b,u,d,g,e,t, ,m,o,b,i,l,e, ,i,t, ,h,a,s, ,a,n, ,a,w,s,o,m,e, ,5,0,0,0,m,a,h, ,b,a,t,t,e,r,y,",",p,u,n,c,h, ,h,o,l,e, ,d,i,s,p,l,a,y,",",q,u,a,d, ,c,a,m,e,r,a, ,s,e,t,u,p
A,w,e,s,o,m,e, ,p,h,o,n,e, ,w,i,t,h, ,t,h,i,s, ,p,r,i,c,e,.,.,.,f,r,o,n,t, ,c,a,m,e,r,a, ,i,s, ,n,o,t, ,u,p, ,t,o, ,m,a,r,k
o,v,e,r, ,a,l,l, ,p,h,o,n,e, ,i,s, ,g,o,o,d, ,b,u,t, ,c,a,m,e,r,a, ,i,s, ,n,o,t, ,s,o, ,g,o,o,d
S,c,r,e,e,n, ,i,s, ,b,e,t,t,e,r, ,b,u,t, ,m,o,n,e,y, ,i,s, ,w,o,r,t,h
O,v,e,r,a,l,l, ,e,x,p,e,r,i,e,n,c,e, ,i,s, ,g,o,o,d
E,x,c,e,l,l,e,n,t, ,m,o,b,i,l,e,., ,B,e,s,t, ,c,a,m,e,r,a, ,a,n,d, ,b,a,t,t,e,r,y,.,N,e,w, ,U,s,e,f,u,l, ,f,e,a,t,u,r,e,s,.
N,i,c,e, ,P,r,o,d,u,c,t,., ,P,r,o,c,e,s,s,o,r, ,i,s, ,b,i,t, ,o,l,d, ,e,x,p,e,c,t,e,d, ,S,n,a,p,d,r,a,g,o,n, ,7,2,0, ,o,r, ,7,2,0,G, ,b,u,t, ,f,o,r, ,m,u,l,t,i,m,e,d,i,a, ,a,w,e,s,o,m,e, ,d,e,v,i,c,e
B,a,t,t,e,r,y, ,L,i,f,e, ,o,f, ,m,o,b,i,l,e, ,i,s, ,g,o,o,d, ,a,n,d, ,a,l,s,o, ,t,h,e, ,h,a,n,d, ,l,o,o,k, ,o,f, ,m,o,b,i,l,e, ,i,s, ,g,o,o,d,., ,B,u,t, ,t,h,e, ,C,a,m,e,r,a, ,Q,u,a,l,i,t,y, ,I,s, ,v,e,r,y, ,B,a,d,.
G,o,o,d, ,p,h,o,n,e,I, ,r,e,a,l,l,y, ,l,i,k,e,d, ,i,t, ,v,e,r,y, ,m,u,c,h, ,a,n,d, ,a,l,s,o, ,b,e,f,o,r,e, ,t,i,m,e, ,t,h,e, ,o,r,d,e,r, ,c,o,m,e,s, ,t,h,a,n,k,u, ,a,m,a,z,o,n, ,t,h,a,n,k,s, ,a, ,l,o,t
T,o,t,a,l,l,y, ,w,a,i,s,t,a,g,e, ,o,f, ,m,o,n,e,y,., ,C,o,n,f,i,g,u,r,a,t,i,o,n, ,a,n,d, ,p,e,r,f,o,r,m,a,n,c,e, ,d,i,d, ,n,o,t, ,m,a,t,c,h,.,W,o,r,s,t, ,c,a,m,e,r,a,.,A,f,t,e,r, ,6, ,G,B, ,o,f, ,o,f, ,R,A,M, ,i,t,s, ,l,a,g,.
C,a,l,l, ,r,e,c,o,r,d,i,n,g, ,c,a,n,',t, ,g,e,t
T,h,e, ,b,a,t,t,e,r,y, ,i,s, ,c,h,a,r,g,i,n,g, ,v,e,r,y, ,s,l,o,w,., , ,E,v,e,n, ,a,f,t,e,r, ,6, ,h,o,u,r,s, ,o,f, ,c,h,a,r,g,i,n,g,",", ,o,n,l,y, ,4,6,%, ,c,h,a,r,g,e,d,., ,V,e,r,y, ,d,i,s,a,p,p,o,i,n,t,e,d
C,a,m,e,r,a, ,q,u,a,l,i,t,y, ,i,s, ,a,v,e,r,a,g,e,",", ,s,l,o,w, ,b,a,t,t,e,r,y, ,c,h,a,r,g,e,","
G,o,o,d, ,p,h,o,n,e, ,b,u,t, ,h,e,a,t,s, ,u,p, ,d,u,r,i,n,g, ,c,h,a,r,g,i,n,g,.,.,.,., ,A,n,d, ,c,h,a,r,g,i,n,g, ,d,o,e,s,n,o,t, ,l,a,s,t,s, ,l,o,n,g
s,e,l,f,i,e, ,c,a,m,e,r,a, ,i,s, ,n,o,t, ,g,o,o,d, ,c,h,a,r,g,i,n,g, ,v,e,r,y, ,s,l,o,w, ,a,n,d, ,o,t,h,e,r, ,f,u,n,c,t,i,o,n,s, ,v,e,r,y, ,g,o,o,d
W,o,r,s,t, ,C,a,m,e,r,a, ,f,o,r, ,t,h,i,s, ,p,r,i,c,e,P,e,r,f,o,r,m,a,n,c,e, ,w,i,s,e, ,i,t, ,w,i,l,l, ,b,e, ,g,o,o,d,.
W,e, ,b,r,o,u,g,h,t, ,t,h,i,s, ,p,h,o,n,e, ,a,r,o,u,n,d, ,1,0, ,d,a,y,s, ,b,a,c,k,.,.,., ,p,h,o,n,e, ,r,e,s,t,a,r,t,i,n,g, ,a,n,d, ,a,s,k,i,n,g, ,f,o,r, ,a,c,c,o,u,n,t, ,c,o,n,f,i,g,u,r,a,t,i,o,n
I,n, ,t,h,i,s, ,b,u,d,g,e,t, ,t,h,e, ,c,a,m,e,r,a, ,M,P, ,I, ,a,m, ,n,o,t, ,s,a,t,i,s,f,i,e,d,.
o,p,p,o, ,a, ,5,2, ,i,s, ,B,e,t,t,e,r, ,a,n, ,A,m,a,z,o,n, ,p,l,a,c,e, ,I,s, ,g,o,o,d, ,P,r,o,d,u,c,t, ,b,u,t, ,m,y, ,p,r,o,d,u,c,t, ,D,a,m,e,g,e, ,A,m, ,S,e,r,i,o,u,s,l,y, ,B,u,t, ,M,y, ,B,a,d, ,l,u,c,k
D,i,s,p,l,a,y, ,g,o,o,d,S,p,e,a,k,e,r,s, ,e,x,c,e,l,l,e,n,t,B,a,t,t,e,r,y, ,s,u,p,e,r,C,a,m,e,r,a, ,a,v,e,r,a,g,e,O,v,e,r, ,a,l,l, ,n,i,c,e
A,f,t,e,r, ,u,s,i,n,g, ,2,0, ,d,a,y,s, ,I, ,o,b,s,e,r,v,e,d, ,t,o,o, ,m,u,c,h, ,o,f, ,h,e,e,t, ,w,h,i,l,e, ,c,h,a,r,g,i,n,g, ,a,n,d, ,a,l,s,o, ,p,r,o,b,l,e,m, ,i,n, ,m,i,c,r,o,p,h,o,n,e,.
L,i,k,e,d, ,t,h,e, ,p,r,o,d,u,c,t, ,v,e,r,y, ,m,u,c,h,",", ,u,s,i,n,g, ,i,t, ,f,o,r, ,n,o,w, ,m,o,r,e, ,t,h,a,n, ,a, ,m,o,n,t,h,",", ,h,a,p,p,y, ,!,!,!,!
G,o,o,d, ,p,h,o,n,e, ,b,u,t, ,i, ,a,m, ,n,o,t, ,h,a,p,p,y, ,w,i,t,h, ,i,t
T,h,i,s, ,p,h,o,n,e, ,i,s, ,a,p,p,r,o,p,r,i,a,t,e, ,a,s, ,p,e,r, ,m,y, ,n,e,e,d,s, ,a,n,d, ,e,x,p,e,n,d,i,t,u,r,e, ,b,r,a,c,k,e,t,.
