D,o,n,t, ,b,u,y,.,., ,a,f,t,e,r, ,1,0, ,t,o,.,1,5, ,m,i,n,s, ,g,a,m,i,n,g, ,p,h,o,n,e, ,l,a,g,g,i,n,g, ,t,o,o, ,m,u,c,h
G,o,o,d, ,p,h,o,n,e,D,e,c,e,n,t, ,l,o,o,k, ,a,n,d, ,l,o,o,k,s, ,s,t,y,l,i,s,h,C,a,m,e,r,a, ,a,n,d, ,b,a,t,t,e,r,y, ,q,u,a,l,i,t,y, ,a,r,e, ,s,u,p,e,r, ,g,o,o,d,G,o,o,d, ,p,h,o,n,e, ,i,n, ,t,h,i,s, ,r,a,n,g,e, ,B,u,t, ,d,e,l,i,v,e,r,y, ,s,e,r,v,i,c,e, ,i,s, ,n,o,t, ,g,o,o,d
N,o,t, ,g,o,o,d, ,p,h,o,n,e, ,s,t,o,p,p,e,d, ,w,o,r,k,i,n,g, ,a,f,t,e,r, ,s,o,m,e, ,t,i,m,e, ,s,o, ,i, ,d,i,d,n,',t, ,s,u,g,g,e,s,t, ,y,o,u, ,t,h,i,s,.,.,.
H,e,r,e, ,m,y, ,p,r,o,d,u,c,t, ,r,e,v,i,e,w, ,a,f,t,e,r, ,u,s,a,g,e, ,o,f, ,2, ,w,e,e,k,.,P,r,o,s,:,D,e,s,i,g,n, ,a,n,d, ,b,u,i,l,t, ,q,u,a,l,i,t,y, ,-, ,s,u,p,e,r,b,.,D,i,s,p,l,a,y, ,-, ,S,m,o,o,t,h,n,e,s,s, ,a,n,d, ,v,i,e,w, ,i,s, ,v,e,r,y, ,i,m,p,r,e,s,s,i,v,e,F,i,n,g,e,r, ,p,r,i,n,t, ,s,e,n,s,o,r, ,a,n,d, ,f,a,c,e, ,u,n,l,o,c,k, ,w,o,r,k,i,n,g, , ,p,e,r,f,e,c,t,.,R,e,a,r, ,c,a,m,e,r,a, ,-, ,G,o,o,d, ,a,s, ,c,o,n,s,i,d,e,r,i,n,g, ,t,h,e, ,p,r,i,c,e,.,R,a,m, ,m,a,n,a,g,e,m,e,n,t, ,a,n,d, ,m,u,l,t,i,t,a,s,k,i,n,g, ,-, ,J,u,s,t, ,o,k,., ,W,i,t,h,o,u,t, ,a,n,y, ,n,e,w, ,a,p,p,l,i,c,a,t,i,o,n,s, ,i,t,',s, ,c,o,n,s,u,m,i,n,g, ,1,.,8, ,g,b,.,C,a,l,l, ,q,u,a,l,i,t,y, ,v,e,r,y, ,f,i,n,e,C,o,n,s,:,G,a,m,i,n,g, ,-, ,M,o,b,i,l,e, ,h,e,a,t,i,n,g, ,a,n,d, ,l,a,g,g,i,n,g, ,w,h,e,n, ,y,o,u, ,p,l,a,y,i,n,g, ,h,i,g,h, ,g,r,a,p,h,i,c,s, ,g,a,m,e,B,a,t,t,e,r,y, ,-, ,5,0,2,0,m,A,h, ,b,a,t,t,e,r,y,., ,M,o,d,e,r,a,t,e, ,p,e,r,f,o,r,m,F,o,r, ,c,h,a,r,g,i,n,g, ,i,t,',s, ,t,a,k,e, ,2,.,4, ,h,r,s, ,p,e,r, ,d,a,y, ,f,r,o,m, ,0, ,t,o, ,1,0,0,., ,I, ,t,h,i,n,k, ,M,I, ,m,e,n,t,i,o,n,e,d, ,j,u,s,t, ,f,o,r, ,a,d,v,e,r,t,i,s,e,m,e,n,t,.,M,a,c,r,o, ,c,a,m,e,r,a, ,-, ,u,s,e,l,e,s,s, ,f,e,a,t,u,r,e,F,r,o,n,t, ,c,a,m,e,r,a, ,-, ,A,v,e,r,a,g,e,U,i, ,i,s, ,f,i,n,e, ,b,u,t, ,c,o,n,s,u,m,i,n,g, ,m,o,r,e, ,r,a,m,M,a,n,y, ,p,r,e,-,i,n,s,t,a,l,l,e,d, ,a,p,p,l,i,c,a,t,i,o,n, ,c,o,u,l,d, ,n,o,t, ,a,b,l,e, ,t,o, ,d,e,l,e,t,e, ,(, ,M,i, ,a,p,p,),.,F,i,n,a,l,N,o,r,m,a,l, ,u,s,e,r, ,y,o,u, ,c,a,n, ,g,o, ,(,I,f, ,y,o,u, ,a,r,e, ,o,k, ,t,o, ,c,h,a,r,g,e, ,t,w,i,c,e, ,a, ,d,a,y,),.,I,f, ,y,o,u, ,a,r,e, ,a, ,g,a,m,e, ,a,d,d,i,c,t, ,t,h,i,s, ,p,r,o,d,u,c,t, ,n,o,t, ,a,t, ,a,l,l, ,s,u,i,t,a,b,l,e, ,f,o,r, ,y,o,u,.,N,o,t,e,:, ,I, ,a,m, ,r,e,q,u,e,s,t,i,n,g, ,r,e,p,l,a,c,e,m,e,n,t, ,f,o,r, ,m,y, ,1,s,t, ,m,o,b,i,l,e, ,d,u,e, ,t,o, ,h,e,a,t,i,n,g, ,i,s,s,u,e,.,R,e,c,e,i,v,e,d, ,2,n,d, ,o,n,e, ,h,a,s, ,b,a,t,t,e,r,y, ,d,r,a,i,n,i,n,g, ,i,s,s,u,e,., ,I, ,a,m, ,r,e,a,l,l,y, ,d,i,s,a,p,p,o,i,n,t,e,d, ,t,o, ,c,h,a,r,g,e, ,t,w,i,c,e, ,a, ,d,a,y, ,(, ,5,h,r,s, ,p,e,r, ,d,a,y,),., ,I, ,s,u,g,g,e,s,t, ,p,l,e,a,s,e, ,b,u,y, ,s,o,m,e, ,o,t,h,e,r, ,b,r,a,n,d, ,d,o,n,',t, ,w,a,s,t,e, ,y,o,u,r, ,m,o,n,e,y, ,l,i,k,e, ,m,e,.
W,o,r,s,t, ,p,r,o,d,u,c,t,",", ,n,o,t, ,a,s, ,e,x,p,e,c,t,e,d, ,i,t,s, ,n,o,t, ,e,v,e,n, ,a, ,m,o,n,t,h, ,a,n,d, ,u,t, ,h,a,n,g,s, ,s,o, ,m,u,c,h,!, ,I,t,s, ,f,r,o,n,t, ,c,a,m,e,r,a, ,i,s, ,j,u,s,t, ,w,o,r,s,t,",", ,o,n,l,y, ,i,t,',s, ,f,i,r,s,t, ,l,o,o,k, ,i,s, ,g,o,o,d, ,n,o,t,h,i,n,g, ,e,l,s,e,., ,D,o,n,',t, ,g,o, ,f,o,r, ,i,t,!,!, ,R,e,d,m,i, ,n,o,t,e, ,8, ,a,n,d, ,e,v,e,n, ,n,o,t,e, ,5, ,i,s, ,m,u,c,h, ,b,e,t,t,e,r, ,t,h,a,n, ,i,t,!,üò§, ,C,o,m,p,l,e,t,e,l,y, ,d,i,s,a,p,p,o,i,n,t,e,d, ,üò§,üò§,üò§
A,w,e,s,o,m,e, ,p,r,o,d,u,c,t, ,üíé,V,a,l,u,e, ,f,o,r, ,m,o,n,e,y, ,üíµ,B,e,s,t, ,i,n, ,s,e,g,m,e,n,t,üì±,F,o,r, ,n,o,r,m,a,l, ,u,s,a,g,e, ,t,h,i,s, ,o,n,e, ,i,s, ,t,h,e, ,b,e,s,t, ,üôå,L,o,n,g, ,b,a,t,t,e,r,y, ,l,i,f,e, ,ü§≥, ,w,h,e,n, ,c,o,m,p,a,r,e,d, ,t,o, ,o,t,h,e,r, ,s,m,a,r,t,p,h,o,n,e,s,.,C,a,m,e,r,a, ,i,s, ,o,k, ,f,o,r, ,t,h,i,s, ,p,r,i,c,e,üì∏,C,h,a,r,g,i,n,g, ,i,s, ,c,o,m,p,a,r,i,t,i,v,e,l,y, ,s,l,o,w, ,i,t, ,t,a,k,e,s, ,2, ,-, ,2, ,a,n,d, ,h,a,l,f, ,h,r,s, ,o,r, ,m,o,r,e, ,t,o, ,g,e,t, ,f,u,l,l, ,c,h,a,r,g,e,d,.,üïï, ,O,v,e,r,a,l,l, ,i,t,s, ,b,e,s,t, ,f,o,r, ,t,h,e, ,p,r,i,c,e
M,y, ,M,o,b,i,l,e, ,p,h,o,n,e, ,h,a,s, ,s,o,m,e, ,s,c,r,e,e,n, ,i,s,s,u,e,., ,O,n, ,c,o,m,p,l,e,t,e,l,y, ,b,l,a,c,k, ,w,a,l,l, ,p,a,p,e,r, ,o,r, ,b,l,a,c,k, ,b,a,c,k,g,r,o,u,n,d, ,t,h,e,r,e,',s, ,a, ,p,e,r,m,a,n,e,n,t, ,w,h,i,t,e, ,d,o,t, ,(,l,i,k,e, ,s,c,r,e,e,n, ,i,s, ,d,e,f,e,c,t,i,v,e,), ,o,n, ,t,h,e, ,s,c,r,e,e,n, ,b,u,t, ,i, ,r,e,q,u,e,s,t,e,d, ,f,o,r, ,t,h,e, ,r,e,p,l,a,c,e,m,e,n,t, ,s,o,o,n, ,d,e,v,i,c,e, ,w,i,l,l, ,b,e, ,r,e,p,l,a,c,e,d,., ,A,l,t,h,o,u,g,h, ,d,e,v,i,c,e, ,i,s, ,p,r,e,e,t,y, ,a,v,e,r,a,g,e,",", ,r,a,m, ,m,a,n,a,g,e,m,e,n,t, ,i,s, ,n,o,t, ,t,h,a,t, ,g,o,o,d,.,g,o, ,f,o,r, ,t,h,e, ,s,n,a,p,d,r,a,g,o,n, ,r,a,t,h,e,r, ,t,h,a,n, ,m,e,d,i,a,t,e,k,.,P,u,b,g, ,l,a,g,s, ,s,o,m,e,t,i,m,e,s, ,o,n, ,m,e,d,i,u,m, ,s,e,t,t,i,n,g,s, ,a,n,d, ,t,h,e,r,e,',s, ,a, ,t,o,n, ,o,f, ,p,r,e,l,o,a,d,e,d, ,a,p,p,s, ,f,r,o,m, ,w,h,i,c,h, ,s,o,m,e, ,a,p,p,s, ,y,o,u, ,c,a,n,n,o,t, ,u,n,i,n,s,t,a,l,l,.,t,h,e,r,e, ,a,r,e, ,s,e,v,e,r,a,l, ,o,p,t,i,o,n,s, ,i,n, ,t,h,e, ,m,a,r,k,e,t, ,o,t,h,e,r, ,t,h,a,n, ,x,i,a,o,m,i,., ,S,o,",",c,h,o,o,s,e, ,y,o,u,r, ,d,e,v,i,c,e, ,w,i,s,e,l,y,.
V,e,r,y, ,n,i,c,e, ,P,h,o,n,e,.,., ,s,m,o,o,t,h, ,p,e,r,f,o,r,m,a,n,c,e,.,., ,c,h,a,r,g,e, ,s,e,r,v,i,c,e, ,d,e,c,e,n,t,.,., ,s,c,r,e,e,n, ,q,u,a,l,i,t,y, ,s,u,p,e,r,b,.,., ,s,o,u,n,d, ,o,k,.,., ,b,u,t, ,b,o,d,y, ,v,i,b,r,a,t,i,o,n, ,i,s,s,u,e, ,i,s, ,h,e,r,e,.,., ,i,n, ,s,p,e,a,k,e,r, ,m,o,d,e, ,o,r, ,a,t, ,t,i,m,e, ,o,f, ,c,a,l,l,i,n,g, ,b,o,d,y, ,v,i,b,r,a,t,i,o,n, ,p,r,e,s,e,n,t,.,., ,n,o, ,n,o,t,i,f,i,c,a,t,i,o,n, ,l,i,g,h,t,.,., ,o,v,e,r,a,l,l, ,d,e,c,e,n,t, ,p,e,r,f,o,r,m,a,n,c,e, ,a,t, ,t,h,i,s, ,p,r,i,c,e,.,., ,p,h,o,n,e, ,s,u,p,p,o,r,t, ,o,n,l,y, ,1,8, ,w,a,t,t, ,f,a,s,t, ,c,h,a,r,g,e,., ,B,u,t, ,c,h,a,r,g,e,r, ,s,u,p,p,o,r,t, ,2,2,.,5, ,w,a,t,t,.,.
T,o,t,a,l,l,y, ,i,m,p,r,e,s,s,e,d, ,b,y, ,t,h,e, ,b,u,i,l,t, ,a,n,d, ,l,o,o,k,s,., ,F,o,r, ,1,3,k, ,I, ,t,h,o,u,g,h,t, ,o,f, ,g,e,t,t,i,n,g, ,r,e,a,l,m,e, ,6,i, ,b,u,t, ,t,h,e, ,s,t,o,c,k,s, ,b,a,r,e,l,y, ,l,a,s,t,.,.,!,S,o, ,I, ,d,e,c,i,d,e,d, ,t,o, ,g,e,t, ,t,h,i,s, ,p,h,o,n,e,., ,T,h,e, ,p,h,o,n,e, ,i,s, ,g,r,e,a,t, ,a,n,d, ,s,m,o,o,t,h,., ,G,a,m,i,n,g, ,e,x,p,e,r,i,e,n,c,e, ,i,s, ,a,l,s,o, ,g,o,o,d, ,b,u,t, ,n,o,t, ,a,s, ,g,o,o,d, ,a,s, ,g,9,0,t,.,G,8,5, ,i,s, ,a, ,d,e,c,e,n,t, ,p,r,o,c,e,s,s,o,r, ,w,i,t,h, ,g,r,e,a,t, ,d,a,i,l,y, ,l,i,f,e, ,p,e,r,f,o,r,m,a,n,c,e,!,I,f, ,1,2,k, ,i,s, ,y,o,u,r, ,b,u,d,g,e,t, ,g,o, ,f,o,r, ,i,t,.,.,O,r, ,1,3,k,.,.,r,e,a,l,m,e, ,6,i, ,a,n,d, ,1,4,k,.,.,., ,G,o, ,f,o,r, ,p,o,c,o, ,m,2,., ,S,c,a,r,l,e,t, ,r,e,d, ,l,o,o,k,s, ,s,t,u,n,n,i,n,g,!,!
W,o,r,s,t, ,m,o,b,i,l,e,.,.,., ,O,r,d,e,r,e,d, ,m,o,b,i,l,e, ,o,n, ,A,u,g,u,s,t, ,0,3, ,a,n,d, ,r,e,c,e,i,v,e,d, ,o,n, ,2,2,n,d, ,a,n,d, ,l,o,o,k,i,n,g, ,a,t, ,m,o,b,i,l,e, ,d,i,s,p,l,a,y, ,i,s, ,g,o,o,d, ,b,u,t, ,i,t, ,s,w,i,t,c,h,e,d, ,o,f,f, ,i,t,s,e,l,f, ,a,n,d, ,n,o,t, ,w,o,r,k,i,n,g, ,e,v,e,n, ,t,h,o,u,g,h, ,i,f, ,I, ,t,r,i,e,d, ,t,o, ,c,h,a,r,g,e, ,i,t,',s, ,n,o,t, ,c,h,a,r,g,i,n,g,.,.,., ,I,t, ,w,a,s, ,c,o,m,p,l,e,t,e,l,y, ,d,e,a,d, ,n,o, ,p,o,w,e,r, ,i,n, ,m,o,b,i,l,e,I, ,r,e,c,e,i,v,e,d, ,a, ,d,e,f,e,c,t, ,p,i,e,c,e, ,t,h,e,n, ,I, ,t,r,y, ,t,o, ,r,e,t,u,r,n, ,t,h,e, ,m,o,b,i,l,e, ,n,o,b,o,d,y, ,i,s, ,c,o,m,i,n,g, ,f,o,r, ,p,i,c,k,u,p, ,f,r,o,m, ,A,m,a,z,o,n, ,a,n,d, ,n,o, ,r,e,f,u,n,d, ,o,p,t,i,o,n,.,B,u,y,i,n,g, ,m,o,b,i,l,e, ,i,n, ,A,m,a,z,o,n, ,i,s, ,a, ,w,o,r,s,t, ,d,e,c,i,s,i,o,n,.,S,o, ,a,g,a,i,n, ,a,f,t,e,r, ,m,u,l,t,i,p,l,e, ,f,o,l,l,o,w, ,u,p,s, ,s,o,m,e,o,n,e, ,F,r,o,m, ,A,m,a,z,o,n, ,p,i,c,k,e,d, ,u,p, ,t,h,e, ,p,h,o,n,e, ,t,o, ,r,e,t,u,r,n, ,b,u,t, ,i,t,',s, ,n,o,t, ,u,p,d,a,t,e,d, ,y,e,t, ,i,n, ,a,p,p, ,O,r, ,n,o, ,f,u,r,t,h,e,r, ,c,o,m,m,u,n,i,c,a,t,i,o,n, ,h,a,s, ,b,e,e,n, ,u,p,d,a,t,e,d, ,f,r,o,m, ,A,m,a,z,o,n,., ,I, ,c,a,l,l,e,d, ,A,m,a,z,o,n, ,c,u,s,t,o,m,e,r, ,s,e,r,v,i,c,e, ,c,a,r,e, ,f,o,r, ,t,h,e, ,t,h,e, ,s,a,m,e,.,.,., ,H,e, ,w,a,s, ,l,i,k,e, ,j,u,s,t, ,w,o,k,e, ,u,p, ,f,r,o,m, ,s,l,e,e,p,(,m,o,o,n,i,n,g,), ,a,n,d, ,a,s,k,e,d, ,m,e, ,t,o, ,w,a,i,t, ,f,o,r, ,o,n, ,h,o,l,d, ,a,n,d, ,h,e, ,n,e,v,e,r, ,c,a,m,e, ,b,a,c,k, ,t,o, ,t,a,l,k, ,t,o, ,m,e,., ,I, ,f,e,l,t, ,s,t,r,a,n,g,e, ,a,n,d, ,c,a,l,l, ,w,a,s, ,d,i,s,c,o,n,n,e,c,t,e,d,.,I,t,',s, ,a, ,s,t,r,a,n,g,e, ,b,e,h,a,v,i,o,r, ,f,r,o,m, ,A,m,a,z,o,n, ,I, ,h,a,v,e, ,b,e,e,n, ,r,e,g,u,l,a,r, ,n,d, ,a,u,t,h,o,r,i,z,e,d, ,c,u,s,t,o,m,e,r, ,f,o,r, ,A,m,a,z,o,n, ,s,i,n,c,e, , ,o,v,e,r, ,t,h,e, ,y,e,a,r,s,.
H,i, ,I, ,a,m, ,w,r,i,t,i,n,g, ,t,h,i,s, ,r,e,v,i,e,w, ,p,o,s,t, ,u,s,a,g,e, ,o,f, ,7, ,d,a,y,s,",",1,., ,T,h,e, ,D,s,i,p,l,a,y, ,i,s, ,p,e,r,f,e,c,t, ,b,e,t,t,e,r, ,t,h,a,n, ,S,a,m,s,u,n,g, ,M,2,1, ,i,n, ,t,h,e, ,s,i,m,i,l,a,r, ,p,r,i,c,e, ,r,a,n,g,e,., ,T,h,e, ,d,i,s,p,l,a,y, ,i,s, ,F,u,l,l, ,H,D,+, ,w,h,e,r,e,a,s, ,i,t,s, ,c,o,u,n,t,e,r, ,p,a,r,t,s, ,a,r,e, ,n,o,t, ,o,f,f,e,r,i,n,g, ,t,h,a,t,.,2,., ,T,h,e, ,c,a,m,e,r,a, ,s,c,o,r,e,s, ,o,v,e,r, ,i,t,s, ,c,o,u,n,t,e,r, ,p,a,r,t,s, ,w,h,e,r,e,a,s, ,n,o,t, ,m,u,c,h, ,v,a,r,i,a,t,i,o,n,s, ,a,v,a,i,l,a,b,l,e, ,i,n, ,S,e,l,f,i,e, ,b,u,t, ,f,a,n,t,a,s,t,i,c, ,a,t, ,t,h,i,s, ,p,r,i,c,e,.,3,., ,T,h,e, ,s,p,e,c,i,f,i,c,a,t,i,o,n,s, ,a,r,e, ,m,o,r,e, ,o,r, ,l,e,s,s, ,s,i,m,i,l,a,r, ,t,o, ,M,i, ,N,o,t,e, ,8, ,e,x,c,e,p,t, ,t,h,e, ,p,r,o,c,e,s,s,o,r,",", ,i,t,',s, ,H,e,l,i,o,s, ,G,8,5, ,i,n, ,t,h,i,s, ,o,n,e, ,w,h,e,r,e,a,s, ,i,t,s, ,Q,u,a,l,c,o,m,m, ,i,n, ,N,o,t,e, ,8, ,i,.,e, ,6,2,5,.,4,., ,N,o,t,e, ,8, ,h,a,d, ,4,K, ,v,i,d,e,o, ,c,a,p,t,u,r,e, ,o,p,t,i,o,n, ,b,u,t, ,n,o,t, ,w,i,t,h, ,t,h,e, ,l,a,t,e,s,t, , ,N,o,t,e, ,9,.,5,., ,T,h,e, ,b,a,t,t,e,r,y, ,s,t,a,y,s, ,l,o,n,g, ,a,s, ,p,r,o,m,i,s,e,d, ,a,s, ,I, ,a,m, ,n,o,t, ,a, ,g,a,m,e,r, ,t,h,e, ,b,a,t,t,e,r,y, ,l,a,s,t,s, ,f,o,r, ,o,v,e,r, ,a, ,d,a,y, ,a,n,d, ,h,a,l,f,.,6,., ,T,h,i,s, ,h,a,d, ,P,2,i, ,p,r,o,t,e,c,t,i,o,n, ,t,o,w,a,r,d,s, ,s,p,l,a,s,h, ,b,u,t, ,n,o,t, ,w,i,t,h, ,N,o,t,e, ,8,.,7,., ,T,o, ,c,o,n,c,l,u,d,e, ,I, ,s,h,a,l,l, ,r,e,c,o,m,m,e,n,d, ,t,h,i,s, ,p,h,o,n,e, ,a,s, ,n,o, ,b,r,a,n,d,s, ,a,v,a,i,l,a,b,l,e, ,a,t, ,s,u,c,h, ,g,o,o,d, ,p,r,i,c,e,.,T,h,a,n,k,s, ,f,o,r, ,r,e,a,d,i,n,g, ,g,o,d, ,b,l,e,s,s, ,., ,E,n,j,o,y
G,o,o,d, ,P,h,o,n,e,-,-,-,-,M,I, ,M,o,b,i,l,e, ,i,s, ,O,K, ,.,B,a,t,t,e,r,y, ,i,s, ,E,x,c,e,l,l,e,n,t,P,r,o,c,e,s,s,o,r, ,i,s, ,V,e,r,y, ,F,a,s,t,C,a,m,e,r,a, ,N,o,t, ,U,p,t,o, ,M,a,r,k,T,h,i,s, ,i,s, ,n,o,t, ,4,8, ,M,e,g,a,p,i,x,e,l, ,C,a,m,e,r,a,R,e,a,l,l,y, ,G,o,o,d, ,C,a,m,e,r,a, ,B,u,t, ,N,o,t, ,4,8, ,M,P, ,",", ,S,e,l,f,i,e, ,A,l,s,o, ,i,s, ,n,o,t, ,U,p,t,o, ,M,a,r,k,D,i,s,p,l,a,y, ,Q,u,a,l,i,t,y, ,i,s, ,V,e,r,y, ,G,o,o,d, ,",", ,C,o,l,o,u,r, ,i,s, ,P,u,n,c,h,y, ,(,1,0,8,0,), ,P,S,o,u,n,d, ,Q,u,a,l,i,t,y, ,i,s, ,N,i,c,e, , ,",", ,B,u,t, ,N,o,t,e, ,t,h,i,s, ,i,s, ,N,o,t, ,D,o,l,b,y, ,A,t,m,o,s
N,i,c,e, ,c,o,l,o,r, ,a,s, ,o,f, ,n,o,w, ,w,o,r,k,i,n,g, ,f,i,n,e, ,n,o, ,h,a,n,g, ,o,r, ,l,a,g, ,f,r,o,n,t, ,c,a,m,e,r,a, ,i,s, ,a,w,e,s,o,m,e, ,s,o,u,n,d, ,l,o,u,d, ,a,n,d, ,c,l,e,a,r,N,e,t,w,o,r,k, ,c,o,n,n,e,c,t,i,v,i,t,y, ,i,s, ,a,l,s,o, ,s,t,r,o,n,g, ,.,.,.,.,.,.,.,G,o, ,f,o,r, ,i,t, ,i,f, ,y,o,u, ,h,a,v,e, ,b,u,d,g,e,t, ,o,f, ,1,2,0,0,0, ,i,f, ,y,o,u, ,c,a,n, ,a,d,d, ,m,o,r,e, ,2,0,0,0, ,t,h,e,n, ,g,o, ,f,o,r, ,r,e,d,m,i, ,n,o,t,e, ,9, ,p,r,o,C,H,A,R,G,E,R, ,N,O,T, ,W,O,R,K,I,N,G, ,A,F,T,E,R, ,2,0, ,M,I,N, ,O,F, ,C,H,A,R,G,I,N,G, ,O,R,D,E,R, ,F,O,R, ,R,E,P,L,A,C,E,M,E,N,T, ,.,.,T,H,A,N,K,S, ,A,M,A,Z,O,N, ,F,O,R, ,R,E,P,L,A,C,E,M,E,N,T
G,o,o,d, ,P,e,r,f,o,r,m,a,n,c,e, ,a,n,d, ,n,i,c,e, ,d,i,s,p,l,a,y
G,o,o,d, ,M,o,b,i,l,e,.,.,.,.,.,.,B,u,t, ,l,i,t,t,l,e, ,b,i,t, ,d,i,s,a,p,p,o,i,n,t,e,d, ,w,i,t,h, ,P,r,o,c,e,s,s,o,r, ,a,n,d, ,H,i,g,h, ,C,o,s,t
I, ,l,i,k,e,d, ,t,h,e, ,p,r,o,d,u,c,t,I, ,a,m, ,g,i,v,i,n,g, ,t,h,e, ,r,e,v,i,e,w, ,a,f,t,e,r, ,3,3,d,a,y,s,R,e,a,r, ,c,a,m,e,r,a,-,9,/,1,0, ,i,t, ,i,s, ,a,m,a,z,i,n,g,F,r,o,n,t, ,c,a,m,e,r,a,-, ,7,.,5,/,1,0, ,i,t, ,i,s, ,d,e,c,e,n,t,O,v,e,r,v,i,e,w, ,-,1,0,/,1,0, ,i,t,s, ,d,a,m,m, ,g,o,o,d,P,e,r,f,o,r,m,a,n,c,e,-, ,9,/,1,0, ,i, ,p,l,a,y, ,F,r,e,e,f,i,r,e, ,a,n,d, ,i,t,s, ,a,m,a,z,i,n,g, ,l,a,g, ,f,r,e,e, ,e,x,p,e,r,i,e,n,c,e,B,a,t,t,e,r,y, ,-, ,1,0,/,1,0, ,A,m,a,z,i,n,g, ,m,y, ,u,s,a,g,e, ,i,s, ,1,0,-,1,1, ,h,r,s, ,a,n,d, ,s,t,i,l,l, ,t,h,e,r,e, ,i,s, ,2,0,-,2,7,p,e,r,c,e,n,t, ,b,a,t,t,e,r,y, ,l,e,f,t,S,c,r,e,e,n, ,q,u,a,l,i,t,y, ,8,.,5,/,1,0, ,i,t,s, ,g,o,o,d,R,a,m, ,M,a,n,a,g,e,m,e,n,t, ,-, ,7,/,1,0, ,i,t,s, ,o,k, ,",", ,i,t, ,o,n,l,y, ,k,e,e,p, ,l,a,s,t, ,s,i,x, ,a,p,p, ,i,n, ,b,a,c,k,g,r,o,u,n,d, ,a,n,d, ,a,f,t,e,r, ,t,h,a,t, ,t,h,e, ,a,a,p, ,r,e,s,t,a,r,t,s,I,n,h,a,n,d, ,f,e,e,l, ,-, ,1,0,/,1,0, ,G,o,o,d, ,b,u,t, ,i,t,s, ,l,i,t,t,l,e, ,b,i,t, ,w,i,d,e,C,h,a,r,g,i,n,g, ,-, ,8,/,1,0, ,t,a,k,e,s, ,2,h,r,s,., ,B,u,t, ,i,t, ,i,s, ,o,k, ,u, ,h,a,v,e, ,t,o, ,c,h,a,r,g,e, ,o,n,l,y, ,o,n,c,e, ,a, ,d,a,y,L,a,g, ,f,r,e,e, ,e,x,p,e,r,i,e,n,c,e,V,a,l,u,e, ,o,f, ,m,o,n,e,y, ,-,9,.,5,/,1,0,N,o, ,h,e,a,t,i,n,g, ,i,s,s,u,e,U, ,c,a,n, ,g,o, ,f,o,r, ,i,t
p,l,z, ,h,e,l,p, ,m,e, ,i, ,d,n,t, ,r,e,c,i,v,e, ,c,h,a,r,g,e,r, ,w,i,t,h, ,t,h,e, ,p,h,o,n,e
T,h,i,s, ,p,r,o,d,u,c,t, ,i,s, ,n,o,t, ,g,o,o,d, ,a,t, ,a,l,l,.,I, ,r,e,q,u,e,s,t, ,y,o,u, ,t,o, ,n,o,t, ,b,u,y, ,t,h,i,s, ,p,r,o,d,u,c,t,.,I, ,h,a,v,e, ,p,r,o,b,l,e,m, ,w,i,t,h, ,t,h,i,s, ,d,e,v,i,c,e, ,&, ,I, ,d,i,d, ,n,o,t, ,g,e,t, ,a,n,y, ,r,e,s,o,l,u,t,i,o,n,.
A,w,e,s,o,m,e, ,p,r,o,d,u,c,t,.,.,g,o, ,f,o,r, ,i,t, ,g,u,y,s,.,.,d,e,l,e,v,e,r,y, ,a,n,d, ,p,a,c,k,i,n,g, ,i,s, ,a,l,s,o, ,g,o,o,d,.,.,i, ,g,o,t, ,i,t, ,o,n,l,y, ,i,n, ,t,w,o, ,d,a,y,s
R,e,a,l,l,y, ,D,i,s,a,p,p,o,i,n,t,e,d,.,"""",M,a,d,e, ,I,n, ,C,h,i,n,a,"""", ,p,r,o,d,u,c,t,!,N,o, ,"""",M,a,d,e, ,i,n, ,I,n,d,i,a, ,b,y, ,R,e,d,m,i,"""", ,?, ,(,t,h,e, ,r,e,a,s,o,n,",", ,I, ,s,e,l,e,c,t,e,d, ,R,e,d,m,i,., ,b,u,t, ,d,i,s,a,p,p,o,i,n,t,e,d,),G,i,v,i,n,g, ,',1,s,t,a,r,', ,b,e,c,a,u,s,e,",",n,o, ,',0,s,t,a,r,', ,o,p,t,i,o,n, ,i,s, ,t,h,e,r,e,!,!,!,!,[,1,., ,G,i,v,i,n,g, ,1,s,t,a,r, ,t,o, ,',m,a,d,e, ,i,n, ,c,h,i,n,a,',., ,2,., ,N,o,t, ,r,e,v,i,e,w,i,n,g, ,f,o,r, ,',Q,u,a,l,i,t,y, ,&, ,a,l,l,',]
U,l,t,i,m,a,t,e, ,üì∑,.,.,.,.,., ,üîã, ,b,a,c,k,u,p, ,i,s, ,v,e,r,y, ,g,o,o,d,.,.,.,.,.,üëå
G,o,o,d, ,f,o,r, ,t,h,i,s, ,p,r,i,c,e, ,r,a,n,g,e,.,.
L,o,o,k,s, ,p,r,e,m,i,u,m, ,a,n,d, ,m,i, ,c,l,a,i,m,s, ,t,h,a,t, ,i,t, ,h,a,s, ,q,u,i,t,e, ,a, ,l,o,t, ,o,f, ,f,e,a,t,u,r,e,s,., ,H,a,s, ,a, ,b,e,t,t,e,r, ,I,R, ,b,l,a,s,t,e,r, ,f,o,r, ,r,e,m,o,t,e, ,a,c,c,e,s,s,i,b,i,l,i,t,y,., ,O,n,l,y, ,t,h,e, ,c,a,m,e,r,a, ,i,s, ,t,h,e, ,b,e,s,t, ,i,n, ,t,h,e, ,p,r,i,c,e, ,r,a,n,g,e, ,a,n,d, ,o,t,h,e,r, ,a,s,p,e,c,t,s, ,i,t,‚Äô,s, ,a, ,P,i,e,c,e, ,o,f, ,s,h,i,t,.,K,i,n,d,l,y, ,d,o,n,‚Äô,t, ,b,u,y, ,B,e,c,o,z, ,i,t,‚Äô,s, ,w,o,r,t,h, ,o,n,l,y, ,f,o,r, ,8,-,9,k, ,M,o,v,e, ,t,o, ,S,a,m,s,u,n,g, ,o,r, ,a,n,y, ,o,t,h,e,r, ,p,h,o,n,e,., ,F,e,d,u,p, ,w,i,t,h, ,t,h,e, ,p,e,r,f,o,r,m,a,n,c,e, ,o,f, ,t,h,e, ,p,h,o,n,e, ,i,n, ,t,h,e, ,v,e,r,y, ,f,i,r,s,t, ,d,a,y,., ,T,h,e, ,2,s,t,a,r,s, ,a,r,e, ,o,n,l,y, ,f,o,r, ,t,h,e, ,c,a,m,e,r,a, ,Q,u,a,l,i,t,y, ,a,n,d, ,I,R, ,b,l,a,s,t,e,r,., ,P,h,o,n,e, ,l,a,g,s, ,m,u,c,h, ,a,n,d, ,G,a,m,i,n,g, ,p,e,r,f,o,r,m,a,n,c,e, ,i,s, ,t,o,o, ,p,o,o,r, ,a,n,d, ,w,a,y, ,o,f, ,h,a,n,d,l,i,n,g, ,t,h,i,s, ,p,h,o,n,e, ,r,e,q,u,i,r,e,s, ,a, ,l,o,t, ,o,f, ,p,a,t,i,e,n,c,e, ,a,s, ,i,t, ,l,o,a,d,s, ,f,o,r, ,l,o,n,g,e,r, ,t,i,m,e, ,f,o,r, ,s,o,m,e, ,o,f, ,t,h,e, ,a,p,p, ,d,e,t,a,i,l,s,., ,B,a,t,t,e,r,y, ,l,a,s,t, ,b,e,t,t,e,r, ,a,n,d, ,C,a,m,e,r,a, ,q,u,a,l,i,t,y, ,i,s, ,g,o,o,d, ,t,h,a,t,‚Äô,s, ,a,l,l,., ,N,o,t, ,w,o,r,t,h,y, ,f,o,r, ,1,3,.,5,k,.,P,l,s, ,d,o,n,‚Äô,t, ,b,u,y, ,i,t, ,i,f, ,y,o,u, ,e,x,p,e,c,t, ,p,e,r,f,o,r,m,a,n,c,e, ,f,r,o,m, ,t,h,i,s, ,p,h,o,n,e, ,o,r, ,i,f, ,y,o,u, ,t,h,i,n,k, ,y,o,u, ,c,a,n, ,h,a,v,e, ,b,e,t,t,e,r, ,f,e,a,t,u,r,e,s, ,p,h,o,n,e,.
P,r,i,c,e, ,i,s, ,t,o,o, ,h,i,g,h, ,c,o,m,p,a,r,e,d, ,t,o, ,s,p,e,c,s,S,h,o,u,l,d, ,h,a,v,e, ,g,o,n,e, ,f,o,r, ,m,2,1
I, ,b,r,o,u,g,h,t, ,t,h,i,s, ,p,h,o,n,e,., ,F,l,a,s,h, ,i,s, ,n,o,t, ,w,o,r,k,i,n,g, ,p,r,o,p,e,r,l,y,., ,N,o, ,i,n,t,e,n,s,i,f,i,c,a,t,i,o,n, ,i,n, ,f,l,a,s,h,., ,I,t, ,w,o,r,k,i,n,g, ,l,i,k,e, ,t,o,u,c,h, ,i,s, ,o,n,., ,I, ,c,o,m,p,l,a,i,n,e,d, ,t,o, ,c,u,s,t,o,m,e,r, ,c,a,r,e,., ,T,h,e,y, ,s,e,n,t, ,A,C, ,r,e,p,a,i,r,m,a,n,., ,I, ,s,a,i,d, ,h,e, ,i,s, ,A,C, ,r,e,p,a,i,r,m,a,n, ,t,h,e,y, ,s,a,i,d, ,h,e, ,i,s, ,a,l,l, ,i,n, ,o,n,e,., ,H,e, ,j,u,s,t, ,r,e,s,e,t, ,t,h,e, ,p,h,o,n,e, ,a,n,d, ,s,a,i,d, ,n,o,w, ,i,t, ,w,o,r,k,s, ,w,e,l,l, ,b,u,t, ,t,h,e,r,e, ,i,s, ,n,o, ,c,h,a,n,g,e, ,i,n, ,p,r,e,v,i,o,u,s, ,r,e,s,u,l,t, ,a,n,d, ,t,h,e, ,o,n,e, ,a,f,t,e,r, ,r,e,s,e,t,.
E,x,c,e,l,l,e,n,t, ,p,i,c,t,u,r,e, ,q,u,a,l,i,t,y,",",g,r,e,a,t, ,b,a,t,t,e,r,y, ,b,a,c,k,u,p
T,h,i,s, ,i,s, ,i,n,f,o,r,m, ,t,h,a,t, ,i, ,p,l,a,c,e,d, ,m,y, ,r,e,d,m,i, ,n,o,t,e, ,9, ,m,o,b,i,l,e, ,2,4,t,h, ,j,u,l,y, ,2,0,2,0,",", ,b,u,t, ,i, ,h,a,v,e, ,o,p,e,n, ,m,y, ,h,a,n,d,s,e,t, ,o,n, ,1,2,t,h, ,a,u,g,u,s,t, ,b,u,t, ,m,y, ,m,o,b,i,l,e, ,i,s, ,c,h,a,r,g,e,d, ,a,n,d, ,n,o,t, ,s,t,a,r,t, ,t,h,e,r,e, ,i,s, ,a, ,p,r,o,b,l,e,m,., ,t,h,e,n, ,p,l,s, ,s,u,g,g,e,s,t, ,m,e, ,w,h,a,t, ,i, ,d,o,?,a,m,a,z,o,n, ,r,e,t,u,r,n, ,d,a,t,e, ,i,s, ,a,l,s,o, ,o,v,e,r,?,p,l,s, ,h,e,l,p, ,m,e
V,e,r,y, ,g,o,o,d, ,i,n, ,q,u,a,l,i,t,y, ,n,i,c,e, ,c,a,m,e,r,a,2,2,.,5, ,w, ,g,i,v,e,n, ,b,u,t, ,i,t,',s, ,s,u,p,p,o,r,t,i,n,g, ,1,8,w, ,D,e,l,i,v,e,r,y, ,i,s, ,f,i,n,e, ,w,o,r,t,h, ,f,o,r, ,p,r,i,c,e,B,a,t,t,e,r,y, ,b,a,c,k,u,p, ,i,s, ,v,e,r,y, ,g,o,o,d
A,w,e,s,o,m,e, ,p,r,o,d,u,c,t, ,b,y, ,r,e,d,m,i,B,e,s,t, ,p,h,o,t,o, ,q,u,a,l,i,t,y, ,b,e,s,t, ,s,c,r,e,e,n, ,s,u,p,e,r,b, ,d,e,s,i,g,n, ,a,n,d, ,e,v,e,r,y,t,h,i,n,g, ,i,s, ,b,e,s,t, ,w,i,t,h, ,1,2,8, ,g,b, ,i,n,t,e,r,n,a,l, ,a,n,d, ,6, ,g,b, ,r,a,m, ,u,n,d,e,r, ,t,h,i,s, ,p,r,i,c,e, ,r,a,n,g,e,üî•
M,i,s,g,u,i,d,i,n,g, ,i,n,f,o,r,m,a,t,i,o,n,!,!,!,!,!,!,I,n, ,t,h,e, ,b,a,n,n,e,r, ,i,t, ,s,a,y,s, ,"""",M,a,d,e, ,i,n, ,I,n,d,i,a,"""",., ,B,u,t, ,i,n, ,r,e,a,l,i,t,y, ,i,t, ,i,s, ,"""",M,a,d,e, ,i,n, ,C,h,i,n,a,"""",., ,I,t, ,i,s, ,a, ,b,l,a,t,a,n,t, ,a,t,t,a,c,k, ,o,n, ,t,r,u,s,t,., ,T,h,i,s, ,c,a,n,',t, ,b,e, ,t,o,l,e,r,a,t,e,d,!,!,B,e,w,a,r,e, ,o,f, ,m,i,s,g,u,i,d,i,n,g, ,i,n,f,o,r,m,a,t,i,o,n,.,.,.,.
I, ,b,r,o,u,g,h,t, ,t,h,i,s, ,p,h,o,n,e, ,f,o,r, ,m,y, ,y,o,u,t,u,b,e, ,c,h,a,n,n,e,l, ,r,e,v,i,e,w,",",I, ,t,h,i,n,k,s, ,t,h,a,t, ,i,t,',s, ,a, ,g,r,e,a,t, ,p,a,r,t, ,p,r,o,d,u,c,t, ,f,o,r, ,m,e, ,b,e,c,a,u,s,e, ,i,t,',s, ,F,o,u,r, ,c,a,m,e,r,a,s, ,o,n, ,t,h,e, ,b,a,c,k,",", ,p,u,n,c,h,-,h,o,l,e, ,o,n, ,t,h,e, ,f,r,o,n,t, ,",", ,c,a,m,e,r,a, ,i,s, ,p,e,r,f,e,c,t,",", ,I,t,',s, ,m,e, ,c,h,a,n,g,e,d, ,m,y, ,s,t,a,t,u,s, ,a,n,d, ,o,n,e, ,o,f, ,t,h,e, ,b,e,s,t, ,p,h,o,n,e, ,i, ,e,v,e,r, ,h,a,d, ,r,e,v,i,e,w, ,i,n, ,l,a,s,t, ,f,e,w, ,d,a,y,s, , ,p,h,o,n,e, ,c,a,p,a,c,i,t,y, ,1,2,8,G,B, ,k,i,l,l,e,r, ,m,e,m,o,r,y,",", ,G,o,o,d, ,b,a,t,t,e,r,y, ,i,t, ,l,a,s,t, ,1, ,t,o, ,2, ,d,a,y,s, ,w,i,t,h, ,n,o,r,m,a,l, ,u,s,e,d,., ,H,o,w,e,v,e,r,",", ,M,o,b,i,l,e, ,l,e,g,e,n,d, ,h,a,s, ,a, ,l,o,t, ,o,f, ,f,r,a,m,e, ,d,r,o,p, ,w,h,e,n, ,y,o,u, ,s,e,t, ,i,t, ,i,n,t,o, ,H,i,g,h, ,G,r,a,p,h,i,c, ,b,u,t, ,s,t,i,l,l, ,m,a,n,a,g,e,a,b,l,e, ,w,h,e,n, ,y,o,u, ,s,e,t, ,t,o, ,m,e,d,i,u,m, ,g,r,a,p,h,i,c,., ,S,o, ,s,a,d,",", ,I, ,t,h,o,u,g,h,t, ,t,h,i,s, ,i,s, ,m,u,c,h, ,b,e,t,t,e,r, ,c,o,m,p,a,r,e,d, ,t,o, ,l,a,s,t,e,d, ,r,e,d,m,i, ,p,h,o,n,e,s,",",T,h,e, ,q,u,a,d,-,c,a,m,e,r,a, ,s,e,t,u,p, ,i,s, ,a,l,m,o,s,t, ,t,h,e, ,s,a,m,e, ,a,s, ,o,n, ,t,h,e, ,N,o,t,e, ,9,S, ,b,u,t, ,w,i,t,h, ,o,n,e, ,s,m,a,l,l, ,d,i,f,f,e,r,e,n,c,e, ,-, ,t,h,e, ,5,M,P, ,f,/,2,.,4, ,c,a,m,e,r,a, ,h,a,s, ,b,e,e,n, ,s,w,a,p,p,e,d, ,f,o,r, ,a, ,2,M,P, ,f,/,2,.,4, ,o,n,e, ,w,i,t,h, ,a,u,t,o,f,o,c,u,s,",", ,w,h,i,c,h, ,i,s, ,a, ,v,e,r,y, ,w,e,l,c,o,m,e, ,f,e,a,t,u,r,e, ,b,e,c,a,u,s,e, ,i,t, ,m,a,k,e,s, ,m,a,c,r,o, ,p,h,o,t,o,g,r,a,p,h,y, ,t,h,a,t, ,m,u,c,h, ,e,a,s,i,e,r,.,T,h,e, ,m,a,i,n, ,c,a,m,e,r,a, ,h,a,s, ,b,e,e,n, ,b,o,r,r,o,w,e,d, ,-, ,4,8,M,P, ,w,i,t,h, ,f,/,1,.,8, ,a,p,e,r,t,u,r,e, ,a,s, ,w,e,l,l, ,a,s, ,t,h,e, ,u,l,t,r,a,-,w,i,d,e, ,u,n,i,t, ,-, ,8,M,P, ,w,i,t,h, ,f,/,2,.,2, ,a,p,e,r,t,u,r,e,., ,T,h,e, ,u,l,t,r,a,-,w,i,d,e,',s, ,s,e,n,s,o,r, ,i,s, ,q,u,i,t,e, ,s,m,a,l,l, ,m,e,a,s,u,r,i,n,g, ,a,t, ,1,/,4,.,0,"""", ,w,i,t,h, ,1,.,1,2,¬µ,m,., ,A,n,d,",", ,o,f, ,c,o,u,r,s,e,",", ,t,h,e, ,2,M,P, ,d,e,p,t,h, ,s,e,n,s,o,r,",", ,w,h,i,c,h, ,s,e,r,v,e,s, ,m,o,r,e, ,o,f, ,a,n, ,a,e,s,t,h,e,t,i,c, ,p,u,r,p,o,s,e, ,t,h,a,n, ,f,u,n,c,t,i,o,n,a,l, ,o,n,e,.,Ôº∂,ÔΩâ,ÔΩÑ,ÔΩÖ,ÔΩè, ,ÔΩí,ÔΩÖ,ÔΩÉ,ÔΩè,ÔΩí,ÔΩÑ,ÔΩâ,ÔΩé,ÔΩá,U,n,f,o,r,t,u,n,a,t,e,l,y,",", ,t,h,e, ,p,h,o,n,e, ,s,u,p,p,o,r,t,s, ,v,i,d,e,o, ,r,e,c,o,r,d,i,n,g, ,o,n,l,y, ,u,p, ,t,o, ,1,0,8,0,p, ,a,t, ,3,0, ,f,p,s,., ,T,h,e,r,e, ,a,r,e,n,',t, ,m,a,n,y, ,m,o,d,e,s, ,i,n, ,w,h,i,c,h, ,y,o,u, ,c,a,n, ,s,h,o,o,t, ,i,n, ,e,i,t,h,e,r,., ,A, ,c,i,n,e,m,a,t,i,c, ,a,s,p,e,c,t, ,r,a,t,i,o, ,i,s, ,a,v,a,i,l,a,b,l,e, ,t,o, ,a,d,d, ,s,o,m,e, ,d,r,a,m,a,t,i,c, ,e,f,f,e,c,t, ,t,o, ,t,h,e, ,v,i,d,e,o,",", ,b,u,t, ,t,h,a,t,',s, ,p,r,e,t,t,y, ,m,u,c,h, ,i,t,.,T,h,e, ,F,u,l,l, ,H,D, ,v,i,d,e,o, ,i,t,s,e,l,f, ,i,s, ,a, ,b,i,t, ,o,n, ,t,h,e, ,s,o,f,t, ,s,i,d,e, ,a,n,d, ,t,h,e, ,d,y,n,a,m,i,c, ,r,a,n,g,e, ,s,e,e,m,s, ,a, ,b,i,t, ,t,o,o, ,n,a,r,r,o,w,., ,Y,o,u, ,c,a,n,',t, ,s,e,e, ,a,n,y,t,h,i,n,g, ,i,n, ,t,h,e, ,s,h,a,d,o,w,s, ,a,n,d, ,c,l,o,u,d,s, ,i,n, ,t,h,e, ,s,k,y, ,a,r,e, ,j,u,s,t, ,a, ,t,a,d, ,b,r,i,g,h,t,e,r, ,t,h,a,n, ,t,h,e,y, ,s,h,o,u,l,d,.
I, ,g,o,t, ,d,e,f,e,c,t,e,d, ,c,h,a,r,g,e,r, ,i,n, ,b,o,x, ,b,u,t, ,I, ,h,a,v,e, ,g,o,t, ,m,y, ,r,e,p,l,a,c,e,m,e,n,t, ,s,a,t,i,s,f,i,e,d, ,w,i,t,h, ,m,y, ,p,r,o,d,u,c,t, ,t,h,a,n,k,s, ,a,m,a,z,o,n, ,f,i,v,e, ,s,t,a,r, ,t,h,a,n,k,s
P,r,o,d,u,c,t, ,i,s, ,n,o,t, ,s,u,p,e,r, ,v,a,l,u,e, ,f,o,r, ,m,o,n,e,y,., ,B,a,c,k, ,p,a,n,e,l, ,p,l,a,s,t,i,c, ,q,u,a,l,i,t,y, ,n,o,t, ,s,o, ,g,o,o,d,.,C,a,m,e,r,a, ,p,e,r,f,o,r,m, ,g,r,e,a,t, ,i,n, ,d,a,y,l,i,g,h,t, ,c,o,n,d,i,t,i,o,n, ,a,n,d, ,o,k, ,i,n, ,l,o,w, ,l,i,g,h,t,.,I, ,h,a,v,e, ,a,l,s,o, ,n,o,t,e, ,9, ,P,r,o, ,I, ,t,h,i,n,k, ,t,h,a,t, ,i,s, ,s,u,p,e,r, ,v,a,l,u,e, ,f,o,r, ,m,o,n,e,y, ,u,n,d,e,r, ,1,4,0,0,0, ,i,f, ,y,o,u, ,b,u,d,g,e,t, ,p,e,r,m,i,t, ,t,h,e,n, ,g,o, ,f,o,r, ,i,t,., ,B,y, ,p,a,y,i,n,g, ,e,x,t,r,a, ,2,0,0,0, ,r,u,p,e,e,s, ,f,o,r, ,r,e,d,m,i, ,n,o,t,e, ,9, ,P,r,o, ,y,o,u, ,g,o,t, ,g,r,e,a,t, ,b,u,i,l,d, ,q,u,a,l,i,t,y, ,w,i,t,h, ,b,a,c,k, ,s,i,d,e, ,g,l,a,s,s,",", ,U,F,S, ,2,.,1, ,r,o,m, ,f,o,r, ,s,t,o,r,a,g,e, ,a,n,d, ,t,o, ,g,r,e,a,t, ,c,a,m,e,r,a,.
S,e,l,f,i,e, ,C,a,m,e,r,a, ,N,o,t, ,A,s, ,E,x,p,e,c,t,e,d,-,P,i,c,t,u,r,e, ,Q,u,a,l,i,t,y, ,V,e,r,y, ,B,a,d,",", ,A,p,p,e,a,r,i,n,g, ,S,m,a,l,l, ,D,o,t,s, ,O,n, ,E,n,t,i,r,e, ,F,a,c,e, ,D,u,r,i,n,g, ,A,n,d, ,A,f,t,e,r, ,S,e,l,f,i,e, ,C,l,i,c,k,s,.,R,e,a,r, ,C,a,m,e,r,a, ,:,R,e,a,r, ,C,a,m,e,r,a, ,P,i,c,t,u,r,e, ,Q,u,a,l,i,t,y, ,N,i,c,e, ,B,u,t, ,D,e,t,a,i,l,i,n,g, ,N,o,t, ,g,o,o,d,.
G,o,o,d, ,p,r,o,d,u,c,t,E,a,s,y, ,t,o, ,u,s,e,C,a,m,e,r,a, ,q,u,a,l,i,t,y, ,b,e,s,t,L,o,o,k,i,n,g, ,g,o,o,d,L,i,g,h,t, ,w,e,i,g,h,t,B,e,s,t, ,f,o,r, ,g,a,m,i,n,g,#,M,i
G,o,o,d, ,l,o,o,k, ,d,e,s,i,g,n, ,f,h,d, ,d,i,s,p,l,a,y,G,o,o,d, ,c,o,l,o,r, ,c,o,m,b,i,n,a,t,i,o,n,B,e,s,t, ,p,h,o,n,e, ,i,n, ,t,h,i,s, ,p,r,i,c,e, ,r,a,n,g,e, ,.,T,h,a,n,k,s, ,A,m,a,z,o,n, ,f,o,r, ,d,e,l,i,v,e,r,y, ,s,i,n,c,e, ,d,e,l,i,v,e,r,y, ,a,g,e,n,t, ,w,a,s, ,n,o,t, ,g,o,o,d, ,a,f,t,e,r, ,c,o,m,p,l,a,i,n,t, ,t,o, ,A,m,a,z,o,n, ,h,e, ,d,e,l,i,v,e,r,s, ,t,h,e, ,p,h,o,n,e,T,h,a,n,k,s, ,A,m,a,z,o,n, ,f,o,r, ,h,e,a,r,i,n,g, ,t,h,e, ,c,u,s,t,o,m,e,r,s,.
V,e,r,y, ,g,o,o,d, ,p,h,o,n,e, ,p,o,w,e,r,e,d, ,w,i,t,h, ,b,a,t,t,e,r,y, ,a,n,d, ,p,e,r,f,o,r,m,a,n,c,e, ,a,t, ,t,h,i,s, ,P,r,i,c,e, ,.,B,u,t, ,t,h,e, ,p,r,o,b,l,e,m, ,i,s, ,t,h,e, ,C,a,m,e,r,a, ,c,l,a,r,i,t,y,.,I, ,c,o,m,p,a,r,e,d, ,i,t, ,w,i,t,h, ,M,I, ,A,3, ,4,8, ,M,P, ,c,a,m,e,r,a, ,w,i,t,h, ,t,h,i,s, ,a,n,d, ,w,a,s, ,v,e,r,y, ,D,i,s,a,p,p,o,i,n,t,e,d,.,.,.,N,o, ,o,t,h,e,r, ,p,r,o,b,l,e,m,s
w,h,y, ,m,a,d,e, ,i,n, ,c,h,i,n,a, ,i,s, ,w,r,i,t,t,e,n, ,o,n, ,p,h,o,n,e, ,s,t,i,c,k,e,r, ,a,n,d, ,a,l,s,o, ,o,n, ,b,o,x,., ,a,s, ,y,o,u,r, ,a,d, ,s,h,o,w, ,i,t, ,i,s, ,m,a,d,e, ,i,n, ,i,n,d,i,a, ,t,h,e,n, ,w,h,y, ,m,a,d,e, ,i,n, ,c,h,i,n,a, ,i,s, ,t,h,e,r,e,.,.
P,h,o,n,e, ,P,e,r,f,o,r,m,a,n,c,e, ,o,v,e,r,r,o,l,l, ,g,o,o,d, ,b,u,t, ,c,h,a,r,g,i,n,g, ,s,p,e,e,d, ,i,s, ,t,o,o, ,s,l,o,w, ,i,t,',s, ,t,a,k,e, ,m,o,r,e, ,t,i,m,e, ,t,o, ,c,h,a,r,g,e, ,m,y, ,p,h,o,n,e, ,3,5, ,t,o, ,1,0,0, ,p,e,r,c,e,n,t, ,c,h,a,r,g,e, ,o,n, ,a, ,3, ,h,o,u,r,s, ,i, ,a,m, ,n,o,t, ,s,a,t,i,s,f,i,e,d,., ,I, ,a,m, ,s,t,u,d,e,n,t, ,a,n,d, ,g,o,i,n,g, ,t,o, ,c,o,l,l,e,g,e, ,i,n, ,m,o,r,n,i,n,g, ,b,u,t, ,p,h,o,n,e, ,t,a,k,e, ,t,o, ,m,o,r,e, ,t,i,m,e, ,t,o, ,c,h,a,r,g,e, ,i,t,s, ,1, ,h,o,u,r,s, ,t,a,k,e, ,t,o, ,3,0, ,p,e,r,c,e,n,t,a,g,e, ,o,n, ,c,h,a,r,g,e,., ,üò°,üò°,üò°,üò°,üò°,üò°,üò°
t,o,d,a,y,",", ,i, ,n,o,t,i,c,e,d, ,a, ,c,l,i,c,k,i,n,g, ,s,o,u,n,d, ,a,r,o,u,n,d, ,t,h,e, ,f,i,n,g,e,r,p,r,i,n,t, ,s,e,n,s,o,r, ,f,o,r, ,m,y, ,n,e,w, ,p,h,o,n,e,., ,a,n,y,o,n,e, ,e,l,s,e, ,f,a,c,e, ,s,a,m,e, ,p,r,o,b,l,e,m, ,?
P,R,O,S,-, ,5,0,0,0, ,b,a,t,t,e,r,y,A,V,A,R,A,G,E,-, ,p,r,o,c,e,s,s,o,r,(, ,t,h,e, ,m,e,d,i,a,t,e,k, ,p,r,o,c,e,s,s,o,r, ,h,i,t, ,a, ,l,o,t,),C,O,N,S,-,C,A,M,E,R,A,(, ,i,t, ,i,s, ,f,a,k,e,",", ,w,o,r,k,s, ,l,i,k,e, ,n,o,r,m,a,l, ,1,6, ,M,P, ,c,a,m,e,r,a,",", ,i,t, ,i,s, ,j,u,s,t, ,f,o,r, ,a,d,v,e,r,t,i,s,e,m,e,n,t,),.,C,H,A,R,G,E,R,(, ,t,h,o,u,g,h, ,c,o,m,p,a,n,y, ,s,a,y,s, ,i,t, ,i,s, ,o,f, ,2,2,.,5, ,W,",", ,i,t, ,t,a,k,e,s, ,a, ,l,o,t, ,o,f, ,t,i,m,e, ,t,o, ,c,h,a,r,g,e,), ,.,A,D,V,E,R,T,I,S,E,(, ,y,o,u, ,a,l,l, ,k,n,o,w, ,h,o,w, ,t,h,e, ,a,d,d,s, ,d,i,s,t,u,r,b, ,y,o,u, ,e,v,e,r,y, ,t,i,m,e,),.
#,R,e,d,m,i, ,#,N,o,t,e,9, ,(,6,/,1,2,8,), ,i,s, ,a, ,g,r,e,a,t, ,p,h,o,n,e, ,f,o,r, ,b,o,t,h, ,n,o,r,m,a,l, ,u,s,e, ,g,a,m,i,n,g, ,a,n,d, ,p,r,o,d,u,c,t,i,v,i,t,y,H,i,g,h,l,y, ,s,a,t,i,s,f,i,e,d, ,w,i,t,h, ,t,h,e, ,m,o,b,i,l,e,.,A,w,e,s,o,m,e, ,l,o,o,k,s, ,S,u,p,e,r,b,.,Q,u,a,d, ,c,a,m,e,r,a, ,l,o,o,k,s, ,s,u,p,e,r,b,.,H,i,g,h,l,y, ,r,e,c,o,m,m,e,n,d,e,d, ,m,o,b,i,l,e,.,B,a,t,t,e,r,y, ,b,a,c,k,u,p, ,i,s, ,g,o,o,d,D,i,s,p,l,a,y, ,q,u,a,l,i,t,y, ,g,o,o,d,A,n,d, ,p,e,r,f,o,r,m,a,n,c,e, ,a,s, ,p,e,r, ,p,r,o,c,e,s,s,o,r, ,i,s, ,a,w,e,s,o,m,e, ,a,s, ,#,M,I, ,#,N,o,t,e,9, ,i,s, ,b,e,s,t,.
W,h,e,n, ,y,o,u, ,t,h,i,n,k, ,a,b,o,u,t, ,m,i,",", ,i,t, ,i,s, ,b,e,s,t, ,i,n, ,m,a,r,k,e,t, ,a,s, ,p,e,r, ,p,r,o,c,e,s,s,o,r, ,a,n,d, ,m,e,m,o,r,y, ,b,u,t, ,b,r,a,n,d, ,m,a,r,k, ,o,f, ,c,h,i,n,a, ,p,u,t, ,y,o,u,r, ,m,o,r,a,l, ,d,o,w,n,",",T,h,i,s, ,i,s, ,g,o,o,d, ,h,a,n,d,s,e,t, ,w,i,t,h, ,t,r,a,d,e,m,a,r,k, ,o,f, ,m,a,d,e, ,i,n, ,I,n,d,i,a, ,-, ,B,i,g, ,R,e,a,s,o,n, ,t,o, ,b,u,y, ,t,h,i,s,.,P,r,o,s,:,Q,u,a,d, ,C,a,m,e,r,a, ,a,t, ,t,h,i,s, ,l,o,w, ,r,a,n,g,e,H,i,g,h, ,I,n,t,e,r,n,a,l, ,M,e,m,o,r,y, ,a,n,d, ,R,A,M,.,V,e,r,y, ,s,l,e,e,k, ,d,e,s,i,g,n, ,a,n,d, ,t,h,i,n, ,a,s, ,c,o,m,p,a,r,e,d, ,t,o, ,o,t,h,e,r, ,o,l,d, ,m,o,b,i,l,e,s, ,o,f, ,m,i, ,f,a,m,i,l,y,.,P,r,o,c,e,s,s,o,r, ,i,s, ,a,l,s,o, ,g,o,o,d,",", ,n,o, ,h,a,n,g,i,n,g, ,i,s,s,u,e,s, ,w,h,i,l,e, ,p,l,a,y,i,n,g, ,g,a,m,e,s,C,o,n,s,:,S,i,g,n,a,l, ,s,t,r,e,n,g,t,h, ,s,t,r,u,g,g,l,e,s, ,i,n, ,e,v,e,r,y, ,t,y,p,e, ,o,f, ,S,I,M, ,C,a,r,d,",", ,w,h,i,c,h, ,d,e,f,e,a,t, ,t,h,e, ,v,e,r,y, ,p,u,r,p,o,s,e, ,o,f, ,M,o,b,i,l,e, ,p,h,o,n,e,.,B,u,i,l,t, ,q,u,a,l,i,t,y, ,i,s, ,v,e,r,y, ,b,a,d,",", ,i,t, ,w,i,l,l, ,a,b,s,o,l,u,t,e,l,y, ,b,r,e,a,k, ,i,f, ,i,t, ,f,e,l,t, ,d,o,w,n,.,P,l,a,s,t,i,c, ,f,r,a,m,e,s, ,s,e,e,m,s, ,t,o, ,b,e, ,v,e,r,y, ,m,a,d,e, ,o,f, ,c,h,e,a,p, ,q,u,a,l,i,t,y, ,w,h,i,c,h, ,d,o,e,s,n,',t, ,m,a,d,e, ,g,r,i,p, ,w,i,t,h,o,u,t, ,c,o,v,e,r,.
P,o,s,i,t,i,v,e, ,p,a,r,t,s,1,., ,P,e,r,f,o,r,m,a,n,c,e, ,i,s, ,b,e,s,t,.,2,., ,M,u,l,t,i,t,a,s,k,i,n,g,3,., ,S,c,r,e,e,n, ,d,i,s,p,l,a,y,4,., ,P,r,o,t,e,c,t,i,o,n,5,., ,S,o,u,n,d,6,., ,C,a,m,e,r,a,N,e,e,d, ,t,o, ,i,m,p,r,o,v,e, ,b,y, ,x,i,o,m,i, ,(,n,e,g,a,t,i,v,e,),1,., ,U,n,w,a,n,t,e,d, ,a,p,p, ,a,n,d, ,b,a,n,n,e,d, ,a,p,p, ,i,s, ,s,t,i,l,l, ,u,s,e, ,i,n, ,t,h,i,s, ,l,i,k,e, ,c,l,e,a,n, ,m,a,s,t,e,r,",", ,e,t,c, ,m,u,s,t, ,h,a,v,e, ,r,e,m,o,v,e, ,o,p,t,i,o,n, ,o,r, ,f,i,x,e,d, ,i,t, ,w,i,t,h, ,u,p,d,a,t,e,.,2,., ,P,r,i,c,e, ,i,s, ,l,i,t,t,l,e, ,o,n, ,h,i,g,h,e,r, ,s,i,d,e,.,3,., ,W,h,y, ,n,o,t, ,g,i,v,e,n, ,9,0,h,z, ,r,e,f,r,e,s,h,4,., ,C,o,l,o,r,s, ,a,v,a,i,l,a,b,i,l,i,t,y,5,., ,N,i,g,h,t, ,p,h,o,t,o,s, ,n,o,t, ,u,p, ,t,o, ,t,h,e, ,m,a,r,k,.,O,v,e,r,a,l,l, ,g,o,o,d, ,p,h,o,n,e,., ,u,n,w,a,n,t,e,d, ,a,p,p, ,m,u,s,t, ,r,e,m,o,v,e, ,b,y, ,m,a,n,u,f,a,c,t,u,r,e,r, ,a,s, ,g,u,i,d,e,l,i,n,e, ,b,y, ,g,o,v,t, ,o,f, ,i,n,d,i,a,.
W,h,y, ,i,t,',s, ,m,a,d,e, ,i,n, ,c,h,i,n,a, ,i,n, ,a,d,v,e,r,t,i,s,i,n,g, ,m,a,d,e, ,i,n, ,i,n,d,i,a
B,e,s,t, ,p,r,o,d,u,c,t, ,f,o,r, ,h,o,m,e,s,c,h,o,o,l,i,n,g, ,s,t,u,d,e,n,t,s, ,a,n,d, ,t,h,i,s, ,e, ,w,h,o, ,a,r,e, ,n,e,w, ,u,s,e,r,s,., ,I,t,',s, ,a, ,g,r,e,a,t, ,c,o,m,b,o, ,a,n,d, ,m,a,n,a,g,e,s, ,e,v,e,r,y, ,t,a,s,k,s, ,v,e,t, ,w,e,l,l, ,., ,T,h,e, ,h,e,l,i,o, ,g,8,5, ,c,h,i,p,s,e,t, ,i,s, ,a,l,m,o,s,t, ,e,q,u,i,v,a,l,e,n,t, ,t,o, ,S,n,a,p,d,r,a,g,o,n, ,7,1,2, ,., ,I,f, ,y,o,u, ,a,r,e, ,a, ,s,t,u,d,e,n,t, ,a,n,d, ,b,u,y,i,n,g, ,a, ,n,e,w, ,p,h,o,n,e, ,i,t,',s, ,t,h,e, ,n,o,., ,1, ,p,r,e,f,e,r,e,n,c,e,., ,P,l,e,a,s,e, ,d,o,n,',t, ,l,i,s,t,e,n, ,t,o, ,t,h,o,s,e, ,w,h,o, ,s,a,y, ,t,h,i,s, ,i,s,n,',t, ,a, ,g,r,e,a,t, ,p,h,o,n,e, ,., ,B,e,l,i,e,v,e, ,m,e, ,I, ,h,a,v,e, ,u,s,e,d, ,i,t,., ,N,o,w, ,i,f, ,y,o,u, ,a,r,e, ,p,l,a,n,n,i,n,g, ,t,o, ,p,l,a,y, ,g,a,m,e,s, ,m,o,r,e, ,t,h,a,n, ,2, ,o,r, ,3, ,a,n,d, ,p,u,b,g,., ,H,o,u,r,s, ,t,h,e,n, ,n,o,t, ,o,n,l,y, ,t,h,i,s, ,p,h,o,n,e, ,b,u,t, ,f,l,a,g,s,h,i,p, ,p,h,o,n,e,s, ,w,i,l,l, ,a,l,s,o, ,h,e,a,t, ,u,p, ,a, ,b,i,t, ,a,n,d, ,l,a,g,., ,T,a,k,e, ,c,a,r,e, ,o,f, ,t,h,e, ,p,h,o,n,e, ,a,n,d, ,t,h,i,s, ,w,i,l,l, ,b,e, ,o,f, ,g,r,e,a,t, ,c,h,o,i,c,e, ,t,o, ,a,l,l,.
G,o, ,f,o,r, ,i,t, ,m,i,d, ,r,a,n,g,e, ,b,u,g,e,t, ,p,h,o,n,e,.,.,.
W,h,e,n, ,I, ,C,h,a,r,g,i,n,g, ,t,h,a,t, ,t,i,m,e, ,m,o,b,i,l,e, ,i,s, ,h,e,a,t,i,n,g, ,m,o,r,e, ,., ,S,o,",", ,p,l,e,a,s,e, ,c,o,n,t,a,c,t, ,m,e, , ,o,r, ,r,e,t,u,r,n, ,t,h,i,s, ,p,r,o,d,u,c,t
C,a,m,e,r,a, ,q,u,a,l,i,t,y, ,i,s, ,v,e,r,y, ,p,o,o,r,., ,O,t,h,e,r, ,f,e,a,t,u,r,e,s, ,a,r,e, ,a,l,s,o, ,v,e,r,y, ,l,o,w,., ,O,v,e,r,a,l,l, ,i,t, ,i,s, ,l,o,w, ,p,r,o,d,u,c,t, ,i,n, ,a, ,v,e,r,y, ,h,i,g,h, ,p,r,i,c,e,.
I, ,a,m, ,w,r,i,t,i,n,g, ,t,h,i,s, ,a,f,t,e,r, ,a, ,w,e,e,k, ,u,s,a,g,e,1,., ,F,r,o,n,t, ,c,a,m,e,r,a, ,s,u,c,k,s, ,a,n,d, ,b,l,u,r, ,t,h,e, ,p,h,o,t,o,s,2,., ,S,l,o,w, ,d,e,v,i,c,e,",", ,I, ,t,r,i,e,d, ,o,p,e,n,i,n,g, ,s,a,v,e,d, ,v,i,d,e,o, ,f,r,o,m, ,g,a,l,l,e,r,y, ,b,u,t, ,i,t, ,t,a,k,e,s, ,t,i,m,e, ,t,o, ,d,o, ,i,t,3,., ,P,r,o,f,i,l,l,e, ,o,n, ,I,n,s,t,a,g,r,a,m, ,a,n,d, ,F,a,c,e,b,o,o,k, ,a,r,e, ,n,o,t, ,v,i,s,i,b,l,e, ,c,l,e,a,r,l,y,4,., ,W,h,i,l,e, ,w,a,t,c,h,i,n,g, ,v,i,d,e,o,s, ,o,n, ,Y,o,u,T,u,b,e,",", ,I, ,c,a,n, ,f,e,e,l, ,s,l,o,w,n,e,s,s, ,a,n,d, ,c,l,a,r,i,t,y, ,i,s,s,u,e,R,a,i,s,e,d, ,i,s,s,u,e, ,w,i,t,h, ,A,m,a,z,o,n, ,a,n,d, ,r,e,t,u,r,i,n,g, ,t,h,e, ,d,e,v,i,c,e,.,T,h,a,n,k,s, ,A,m,a,z,o,n, ,f,o,r, ,h,e,l,p,i,n,g, ,a, ,g,e,n,u,i,n,e, ,c,u,s,t,o,m,e,r,.
I, ,h,o,p,e, ,I, ,w,o,u,l,d,n,',t, ,n,e,e,d, ,t,o, ,e,d,i,t, ,m,y, ,c,o,m,m,e,n,t, ,i,f, ,i,t,',s, ,t,o,o, ,e,a,r,l,y, ,o,r, ,a,f,t,e,r, ,I, ,a,m, ,m,o,r,e, ,e,x,p,e,r,i,e,n,c,e,d, ,w,i,t,h, ,t,h,e, ,m,o,b,i,l,e, ,",", ,b,u,t, ,u,s,i,n,g, ,i,t, ,f,o,r, ,f,e,w, ,d,a,y,s, ,a,f,t,e,r, ,p,u,r,c,h,a,s,i,n,g, ,i,t, ,r,e,c,e,n,t,l,y, ,I, ,w,o,u,l,d, ,s,a,y, ,t,h,a,t, ,i,t,',s, ,a, ,b,e,a,u,t,i,f,u,l, ,p,h,o,n,e, ,w,i,t,h, ,a, ,b,r,i,l,l,i,a,n,t, ,d,i,s,p,l,a,y, ,q,u,a,l,i,t,y, ,a,n,d, ,s,i,z,e, ,",", ,f,a,s,t,e,r, ,p,e,r,f,o,r,m,a,n,c,e, ,a,n,d, ,a, ,m,o,r,e, ,t,h,a,n, ,s,a,t,i,s,f,a,c,t,o,r,y, ,c,a,m,e,r,a, ,q,u,a,l,i,t,y, ,",", ,n,o,t, ,t,o, ,m,e,n,t,i,o,n, ,o,f, ,i,t,s, ,h,u,g,e, ,1,2,8, ,G,B, ,s,t,o,r,a,g,e, ,c,a,p,a,c,i,t,y,., ,T,h,e, ,b,a,t,t,e,r,y, ,i,s, ,g,o,o,d, ,a,n,d, ,l,a,s,t,s, ,s,u,f,f,i,c,i,e,n,t,l,y, ,a,c,c,o,r,d,i,n,g, ,t,o, ,u,s,a,g,e,.,T,h,e, ,o,n,l,y, ,i,s,s,u,e, ,I, ,f,o,u,n,d, ,t,h,a,t, ,i,t, ,i,s, ,p,r,e,-,i,n,s,t,a,l,l,e,d, ,w,i,t,h, ,a, ,',G,e,t, ,A,p,p,s,', ,a,p,p, ,f,r,o,m, ,w,h,e,r,e, ,y,o,u, ,h,a,v,e, ,t,o, ,d,o,w,n,l,o,a,d, ,a,n,d, ,u,p,d,a,t,e, ,y,o,u,r, ,a,p,p,s, ,w,h,i,l,e, ,G,o,o,g,l,e, ,P,l,a,y, ,S,t,o,r,e, ,s,e,e,m,s, ,n,o,t, ,t,o, ,w,o,r,k, ,a,t, ,a,l,l, ,i,n, ,i,t,., ,Y,o,u, ,w,i,l,l, ,n,o,t, ,e,v,e,n, ,f,i,n,d, ,m,a,n,y, ,G,o,o,g,l,e, ,a,p,p,s, ,i,n, ,t,h,e, ,p,r,e,-,i,n,s,t,a,l,l,e,d, ,a,p,p,., ,B,e,s,i,d,e,s, ,t,h,a,t, ,y,o,u, ,w,i,l,l, ,b,e, ,c,o,n,s,u,m,i,n,g, ,y,o,u,r, ,i,n,t,e,r,n,e,t, ,d,a,t,a, ,f,a,s,t,e,r, ,w,i,t,h, ,t,h,i,s, ,p,h,o,n,e, ,",", ,y,o,u, ,k,n,o,w, ,t,h,a,t,.
B,u,d,g,e,t, ,p,h,o,n,e, ,b,e,s,t, ,i,n, ,s,e,g,m,e,n,t,.,.,C,o,m,i,n,g, ,t,o, ,A,m,a,z,o,n, ,s,e,r,v,i,c,e, ,A,m,a,z,o,n, ,h,a,s, ,c,o,m,p,l,e,t,e,l,y, ,m,o,n,e,y, ,m,i,n,d,e,d, ,n,o,w,.,., ,i,t, ,d,o,e,s,n,',t, ,a,l,l,o,w, ,u,s, ,t,o, ,a,s,k, ,s,o,m,e, ,q,u,e,s,t,i,o,n,s, ,a,l,s,o,.,., ,i,t,',s, ,c,o,n,c,e,n,t,r,a,t,i,n,g, ,o,n,l,y, ,f,o,r, ,p,r,i,m,e, ,c,u,s,t,o,m,e,r,s,.,., ,n,o,r,m,a,l, ,c,u,s,t,o,m,e,r,s, ,i,t,',s, ,a, ,t,h,r,o,w,a,w,a,y, ,s,e,r,v,i,c,e,.,., ,d,e,l,i,v,e,r,y, ,u,p,d,a,t,e,s, ,n,o,t, ,p,r,o,p,e,r, ,a,d,d,i,n,g, ,c,a,r,d, ,p,a,y,m,e,n,t, ,i,s, ,a,l,s,o, ,n,o,t, ,u,s,e,r,-,f,r,i,e,n,d,l,y,.,., ,m,y, ,b,a,n,k, ,i,s, ,g,i,v,i,n,g, ,E,M,I, ,f,o,r, ,m,e,.,., ,A,m,a,z,o,n, ,s,h,o,w,s, ,y,o,u,r, ,c,a,r,d, ,i,s, ,n,o,t, ,e,l,i,g,i,b,l,e, ,f,o,r, ,E,M,I,.,., ,s,u,c,h, ,a, ,c,h,e,a,p, ,t,r,e,a,t,m,e,n,t, ,f,o,r, ,n,o,n, ,p,r,i,m,e, ,c,u,s,t,o,m,e,r,s,.,., ,&, ,o,n,e, ,m,o,r,e, ,t,h,i,n,g, ,n,o,r,m,a,l, ,c,u,s,t,o,m,e,r,s, ,w,i,l,l, ,n,e,v,e,r, ,g,e,t, ,n,o,t,i,f,i,c,a,t,i,o,n,s, ,o,f, ,f,l,a,s,h, ,s,a,l,e, ,e,v,e,n, ,t,h,o,u,g,h, ,w,e, ,h,a,v,e, ,r,e,m,i,n,d,e,d, ,s,o, ,m,a,n,y, ,t,i,m,e,s, ,n, ,s,u,b,s,c,r,i,b,e,d, ,f,o,r, ,u,p,d,a,t,e,s,.,., ,c,o,m,i,n,g, ,t,o, ,t,h,e, ,q,u,i,z, ,p,a,r,t, ,&, ,s,p,i,n, ,n, ,w,i,n, ,i,t,',s, ,c,o,m,p,l,e,t,e,l,y, ,u,s,e,l,e,s,s, ,n, ,j,u,s,t, ,a, ,t,i,m,e, ,p,a,s,s, ,g,a,m,e,s,.,., ,t,h,a,n,k,s, ,f,o,r, ,p,a,t,h,e,t,i,c, ,s,e,r,v,i,c,e,.,.
P,h,o,n,e, ,i,s, ,g,o,o,d, ,b,u,t, ,f,r,o,n,t, ,&, ,r,e,a,r, ,c,a,m,e,r,a, ,i,s, ,n,o,t, ,g,o,o,d, ,p,h,o,t,o, ,c,l,i,c,k,e,d, ,b,y, ,4,8, ,m,p, ,c,a,m,e,r,a, ,i,s, ,l,o,o,k, ,l,i,k,e, ,5, ,m,p, ,c,a,m,e,r,a, ,p,h,o,t,o,.
W,a,s,t,e, ,p,r,o,d,u,c,t,.,.,.,i, ,h,a,t,e, ,a,m,a,z,o,n, ,b,e,c,a,u,s,e, ,o,f, ,s,e,l,l,i,n,g, ,n,o,n, ,w,o,r,t,h,y, ,p,r,o,d,u,c,t, ,t,o, ,m,e,.,.,.,.,m,o,b,i,l,e, ,i,s, ,o,v,e,r, ,h,e,a,t,i,n,g, ,a,n,d, ,b,a,t,t,e,r,y, ,d,r,a,i,n,i,n,g, ,t,o,o, ,f,a,s,t,.,n,o, ,n,e,t,w,o,r,k, ,a,n,d, ,u,n,a,t,o, ,h,e,a,r, ,c,a,l,l,s, ,p,r,o,p,e,r,l,y,.,i,n, ,s,a,m,e, ,p,l,a,c,e, ,i, ,k,e,p,t, ,o,t,h,e,r, ,m,o,b,i,l,e,s, ,a,n,d, ,c,r,o,s,s, ,c,h,e,c,k,e,d, ,t,h,e,m,.
M,a,d,e, ,i,n, ,C,h,i,n,a, ,p,r,o,d,u,c,t, ,d,e,l,i,v,e,r,e,d, ,t,o, ,m,e, ,i,n,s,t,e,a,d, ,o,f, ,m,a,d,e, ,i,n, ,i,n,d,i,a,.,T,h,i,s, ,i,s, ,r,e,a,l,l,y, ,n,o,t, ,e,x,p,e,c,t,e,d,., ,A,d,v,e,r,t,i,s,i,n,g, ,a,s, ,i,t, ,i,s, ,m,a,d,e, ,i,n, ,i,n,d,i,a, ,b,u,t, ,s,e,n,d,i,n,g, ,c,h,i,n,a, ,p,r,o,d,u,c,t,.,T,h,i,s, ,i,s, ,o,n,e, ,k,i,n,d, ,o,f, ,f,r,a,u,d,u,l,e,n,t,., ,T,h,i,s, ,h,a,p,p,e,n,e,d, ,2, ,t,i,m,e,s,.
V,e,r,y, ,f,a,s,t, ,d,e,l,i,v,e,r,y,.,.,l,o,v,e,d, ,t,h,e, ,m,o,b,i,l,e,.,.,.
I, ,w,i,l,l, ,g,o, ,d,i,r,e,c,t,l,y, ,t,o, ,p,r,o,s, ,a,n,d, ,c,o,n,s,P,r,o,s,B,a,t,t,e,r,y,R,e,a,r, ,c,a,m,e,r,a,H,e,l,i,o, ,p,r,o,c,e,s,s,o,r, ,i,s, ,g,o,o,d,C,o,n,s,B,u,l,k,y, ,a,n,d, ,t,h,i,c,k,F,r,o,n,t, ,c,a,m,e,r,a,D,i,s,p,l,a,y,O,v,e,r,a,l,l, ,i,t,',s, ,a, ,n,i,c,e, ,p,h,o,n,e, ,i,n, ,t,h,i,s, ,r,a,n,g,e, ,I, ,b,o,u,g,h,t, ,i,t, ,f,o,r, ,1,2,k, ,s,o, ,w,i,t,h, ,t,h,i,s, ,p,r,i,c,e, ,r,a,n,g,e, ,i,t,',s, ,a, ,o,k, ,o,k, ,p,h,o,n,e, ,w,o,n,',t, ,e,x,p,e,c,t, ,m,u,c,h, ,i,n, ,t,e,r,m,s, ,o,f, ,p,e,r,f,o,r,m,a,n,c,e, ,w,i,s,e, ,b,u,t, ,u, ,c,a,n, ,c,o,n,s,i,d,e,r, ,b,u,y,i,n,g, ,i,t, ,i,f, ,y,o,u, ,a,r,e, ,l,o,o,k,i,n,g, ,f,o,r, ,a, ,b,u,d,g,e,t, ,p,h,o,n,e,.,.,.,.,.,a,n,d, ,a, ,m,i, ,l,o,v,e,r, ,l,i,k,e, ,m,e,:,)
A,v,e,r,a,g,e, ,p,h,o,n,e,., ,G,o,o,d, ,f,o,r, ,p,r,i,c,e,., ,C,a,m,e,r,a, ,s,e,n,s,o,r, ,i,s, ,v,e,r,y, ,p,o,o,r, ,q,u,a,l,i,t,y,., ,I,f, ,y,o,u, ,t,a,k,e, ,l,a,r,g,e, ,4,8, ,M,P, ,p,i,c,t,u,r,e,",", ,y,o,u, ,c,a,n, ,s,e,e, ,t,h,e, ,d,e,a,d, ,p,i,x,e,l,s, ,i,n, ,t,h,e, ,z,o,o,m,e,d, ,p,h,o,t,o,., ,T,h,e,y, ,g,l,i,t,t,e,r, ,l,i,k,e, ,s,t,a,r,s,., ,E,v,e,n, ,i,f, ,y,o,u, ,c,o,v,e,r, ,t,h,e, ,c,a,m,e,r,a, ,a,n,d, ,t,a,k,e, ,p,h,o,t,o,",", ,t,h,e,s,e, ,p,i,x,e,l,s, ,c,o,m,e, ,o,u,t, ,w,h,i,t,e, ,c,o,l,o,u,r,s,.,O,t,h,e,r, ,t,h,a,n, ,t,h,a,t,",", ,e,v,e,r,y,t,h,i,n,g, ,s,e,e,m,s, ,n,i,c,e,., ,I, ,u,s,e,d, ,a, ,p,r,o,g,r,a,m, ,t,o, ,u,n,i,n,s,t,a,l,l, ,a,l,l, ,t,h,e, ,c,r,a,p, ,X,i,a,o,m,i, ,b,l,o,a,t,w,a,r,e, ,f,r,o,m, ,m,y, ,p,h,o,n,e,",", ,(,l,i,k,e, ,m,i,p,a,y,",", ,c,l,e,a,n,e,r,",", ,m,i,c,o,m,m,u,n,i,t,y,",", ,e,t,c,),.,A,s, ,a, ,r,e,s,u,l,t, ,I, ,d,o,n,',t, ,s,e,e, ,a,n,y, ,a,d,s,.,I, ,p,l,a,y, ,a,s,p,h,a,l,t, ,9,",", ,g,a,m,e, ,r,u,n,s, ,s,m,o,o,t,h,l,y, ,i,n, ,p,l,a,y,a,b,l,e, ,f,p,s,.,P,r,o,c,e,s,s,o,r, ,H,e,l,i,o, ,G,8,5, ,i,s, ,s,a,m,e, ,a,s, ,G,8,0,",", ,n,o,t,h,i,n,g, ,e,x,t,r,a,.,M,i, ,U,I, ,i,s, ,c,r,a,p,., ,M,y, ,l,a,s,t, ,p,h,o,n,e, ,w,a,s, ,M,i, ,A,1,",", ,w,h,i,c,h, ,h,a,d, ,s,t,o,c,k, ,a,n,d,r,o,i,d,., ,C,a,n,',t, ,u,n,d,e,r,s,t,a,n,d, ,w,h,y, ,X,i,a,o,m,i,",", ,o,p,p,o,",", ,e,t,c, ,s,p,e,n,d, ,m,o,n,e,y, ,i,n, ,d,e,v,e,l,o,p,i,n,g, ,t,h,e,s,e, ,c,r,a,p,p,y, ,s,k,i,n,s,., ,S,t,o,c,k, ,a,n,d,r,o,i,d, ,i,s, ,b,e,s,t,.,F,i,n,a,l, ,t,h,o,u,g,h,t,s,:, ,G,o,o,d, ,p,h,o,n,e, ,t,o, ,u,s,e, ,f,o,r, ,1, ,y,e,a,r,",", ,2, ,a,t, ,m,o,s,t,., ,P,r,i,c,e, ,c,o,u,l,d, ,h,a,v,e, ,b,e,e,n, ,1,k, ,l,e,s,s,.,L,o,o,k,i,n,g, ,f,o,r,w,a,r,d, ,t,o, ,b,u,y, ,p,i,x,e,l, ,4,a, ,n,e,x,t, ,y,e,a,r, ,w,h,e,n, ,p,r,i,c,e, ,c,o,m,e,s, ,d,o,w,n,.
I, ,o,r,d,e,r,e,d, ,i,t, ,f,r,o,m, ,t,h,e, ,f,i,r,s,t, ,f,l,a,s,h, ,s,a,l,e, ,a,n,d, ,w,a,s, ,d,e,l,i,v,e,r,e,d, ,a,t, ,2,6,t,h, ,j,u,l,y,., ,B,e,s,t, ,a,t, ,t,h,i,s, ,b,u,d,g,e,t,",",B,a,t,t,e,r,y, ,a,n,d, ,C,h,a,r,g,i,n,g, ,i,s, ,c,o,o,l,",",l,i,t,t,l,e, ,b,i,t, ,h,e,a,t, ,g,e,n,e,r,a,t,e,d,",",w,h,i,l,e, ,h,i,g,h, ,u,s,a,g,e, ,d,u,e, ,t,o, ,p,o,l,y,c,a,r,b,o,n,a,t,e, ,b,a,c,k, ,i, ,c,a,n, ,f,e,e,l, ,i,t, ,e,a,s,i,l,y, ,i, ,t,h,i,n,k,",",r,e,a,r, ,c,a,m, ,i,s, ,s,u,p,e,r,b,",",f,r,o,n,t, ,c,a,m, ,i,s, ,g,o,o,d, ,a,t, ,t,h,i,s, ,p,r,i,c,e,",", ,O,S, ,i,s, ,d,e,c,e,n,t,",",w,a,i,t,i,n,g, ,t,o, ,r,e,c,e,i,v,e, ,M,I,U,I, ,1,2, ,u,p,d,a,t,e,.,.,O,v,e,r,a,l,l, ,i, ,r,a,t,e, ,9, ,o,u,t, ,o,f, ,1,0, ,!,M,I,U,I, ,1,2, ,r,e,c,e,i,v,e,d, ,a, ,m,o,n,t,h, ,b,a,c,k,.,.,b,u,t, ,h,e,a,t,i,n,g, ,h,a,s, ,b,e,e,n, ,i,n,c,r,e,a,s,e,d, ,w,h,i,l,e, ,g,a,m,i,n,g, ,a,n,d, ,c,h,a,r,g,i,n,g
T,h,e, ,p,h,o,n,e, ,i,s, ,b,e,a,u,t,i,f,u,l, ,l,o,o,k,s, ,s,t,u,n,n,i,n,g, ,w,o,r,k,s, ,f,a,s,t, ,t,h,a,n,k,s, ,M,I, ,f,o,r, ,m,a,k,i,n,g, ,t,h,i,s, ,b,u,d,g,e,t, ,f,r,i,e,n,d,l,y, ,p,h,o,n,e, ,I, ,w,a,s, ,p,l,a,n,n,i,n,g, ,t,o, ,b,u,y, ,r,e,d,m,i, ,9, ,p,r,i,m,e, ,b,u,t, ,i,t, ,w,a,s, ,b,a,r,e,l,y, ,a,v,a,i,l,a,b,l,e, ,i,t, ,u,s,u,a,l,l,y, ,g,e,t,s, ,s,o,l,d, ,o,u,t, ,i,n, ,s,e,c,o,n,d,s, ,s,o, ,I, ,i,n,c,r,e,a,s,e,d, ,m,y, ,b,u,d,g,e,t, ,a,n,d, ,t,o,o,k, ,r,e,d,m,i, ,n,o,t,e, ,9,I,t,',s, ,r,e,a,l,l,y, ,g,o,o,d, ,a,t, ,1,2,k, ,w,i,t,h, ,a,m,a,z,i,n,g, ,p,e,r,f,o,r,m,a,n,c,e, ,c,a,m,e,r,a, ,i,s, ,a,w,e,s,o,m,e, ,n,i,g,h,t, ,m,o,d,e, ,i,s, ,a,w,e,s,o,m,e, ,c,h,a,r,g,e, ,r,e,a,l,l,y, ,f,a,s,t, ,I, ,b,o,u,g,h,t, ,t,h,i,s, ,p,h,o,n,e, ,f,o,r, ,m,y, ,m,o,t,h,e,r, ,a,n,d, ,s,h,e, ,i,s, ,r,e,a,l,l,y, ,v,r,y, ,h,a,p,p,y, ,s,o, ,i,f, ,u,r, ,p,o,c,k,e,t, ,a,l,l,o,w,s, ,y,o,u, ,t,o, ,b,u,y, ,f,o,r, ,1,2,k, ,g,o, ,f,o,r, ,i,t, ,i,f, ,u, ,h,a,v,e, ,1,0,k, ,t,i,g,h,t, ,b,u,d,g,e,t, ,t,h,e,n, ,w,a,i,t, ,f,o,r, ,r,e,d,m,i, ,9, ,p,r,i,m,e, ,s,a,l,e, ,t,h,a,t, ,p,h,n, ,i,s, ,e,x,a,c,t,l,y, ,s,a,m,e, ,a,s, ,t,h,i,s, ,o,n,e, ,j,s,t, ,w,i,t,h, ,a, ,b,i,t, ,c,a,m,e,r,a, ,d,i,f,f,e,r,e,n,c,e,O,v,e,r, ,a,l,l, ,I,',l,l, ,g,i,v,e, ,4,.,5, ,o,u,t, ,o,f, ,5, ,t,o, ,t,h,i,s, ,p,h,o,n,e,T,h,a,n,k,s, ,x,a,o,m,i,ü•∞
T,o,t,a,l,l,y, ,d,i,s,a,p,p,o,i,n,t,e,d, ,i,n, ,s,l,o,w, ,m,o,t,i,o,n, ,v,i,d,e,o, ,r,e,c,o,r,d,i,n,g,., ,H,a,v,e, ,a, ,l,o,o,k, ,a,t, ,t,h,e, ,r,e,c,o,r,d,e,d, ,s,h,o,w, ,m,o,t,i,o,n, ,v,i,d,e,o,!,!,!,!,., ,I, ,w,a,s, ,t,r,y,i,n,g, ,t,o, ,r,e,t,u,r,n, ,t,h,e, ,R,e,d,m,i, ,n,o,t,e, ,9, ,b,u,t, ,t,h,i,s, ,A,m,a,z,o,n, ,i,s, ,n,o,t, ,g,i,v,i,n,g, ,o,p,t,i,o,n, ,t,o, ,r,e,t,u,r,n, ,a,n,d, ,I, ,f,e,d,o,f, ,c,a,l,l,i,n,g, ,t,h,e,m, ,a,n,d, ,f,o,l,l,o,w,i,n,g, ,u,p,., ,P,l,e,a,s,e, ,d,o,n,',t, ,b,u,y, ,a,n,y, ,p,r,o,d,u,c,t, ,f,r,o,m, ,A,m,a,z,o,n,.
G,r,e,a,t, ,p,h,o,n,e, ,a,n,d, ,g,r,e,a,t, ,f,e,e,l
I, ,b,o,u,g,h,t, ,t,h,i,s, ,i,n, ,t,h,e, ,s,a,l,e, ,a,n,d, ,w,a,s, ,v,e,r,y, ,h,a,p,p,y, ,t,h,a,t, ,I, ,g,o,t, ,i,n, ,o,f,f,e,r, ,p,r,i,c,e,",", ,i,t, ,w,o,r,k,e,d, ,v,e,r,y, ,g,o,o,d, ,t,h,e, ,d,a,y, ,w,e, ,r,e,c,e,i,v,e,d, ,b,u,t, ,f,r,o,m, ,n,e,x,t, ,d,a,y, ,w,e, ,e,x,p,e,r,i,e,n,c,e,d, ,w,i,f,i, ,c,o,n,n,e,c,t,i,v,i,t,y, ,i,s,s,u,e, ,(,w,i,f,i, ,c,o,n,n,e,c,t,s, ,a,n,d, ,d,i,s,c,o,n,n,e,c,t,s, ,b,y, ,i,t,s,e,l,f,",", ,I, ,h,a,d, ,d,o,n,e, ,c,o,u,p,l,e, ,o,f, ,p,h,o,n,e, ,r,e,s,e,t,s, ,b,u,t, ,t,h,e, ,i,s,s,u,e, ,d,i,d,n,',t, ,r,e,s,o,l,v,e, ,&, ,i, ,r,a,i,s,e,d, ,t,h,e, ,i,s,s,u,e, ,w,i,t,h, ,A,m,a,z,o,n, ,c,u,s,t,o,m,e,r, ,s,e,r,v,i,c,e, ,a,n,d, ,t,h,e,y, ,a,p,p,o,i,n,t,e,d, ,m,o,b,i,l,e, ,i,n,s,p,e,c,t,i,o,n, ,s,e,r,v,i,c,e, ,t,h,e, ,n,e,x,t, ,d,a,y,., ,A, ,p,e,r,s,o,n, ,c,a,m,e, ,a,n,d, ,i,n,s,p,e,c,t,e,d, ,b,u,t, ,c,o,u,l,d,n,',t, ,r,e,s,o,l,v,e, ,a,n,d, ,u,p,d,a,t,e,d, ,t,h,e, ,i,s,s,u,e, ,a,s, ,i,t, ,i,s, ,a,n,d, ,s,a,m,e, ,d,a,y, ,r,e,c,e,i,v,e,d, ,a, ,c,a,l,l, ,f,r,o,m, ,t,h,e, ,A,m,a,z,o,n, ,c,u,s,t,o,m,e,r, ,s,e,r,v,i,c,e, ,a,n,d, ,t,o,l,d, ,t,h,e,y, ,w,i,l,l, ,r,e,p,l,a,c,e, ,w,i,t,h, ,a, ,n,e,w, ,p,h,o,n,e, ,a,n,d, ,r,e,c,e,i,v,e,d, ,a, ,r,e,p,l,a,c,e, ,b,u,t, ,t,h,i,s, ,t,i,m,e, ,a,l,s,o, ,w,e, ,e,x,p,e,r,i,e,n,c,e,d, ,t,h,e, ,s,a,m,e, ,i,s,s,u,e,",", ,a,n,d, ,n,o,w, ,w,e, ,a,r,e, ,w,a,i,t,i,n,g, ,f,o,r, ,t,h,e, ,p,e,r,s,o,n, ,w,h,o, ,w,i,l,l, ,c,o,m,e, ,f,o,r, ,i,n,s,p,e,c,t,i,o,n, ,t,o, ,c,h,e,c,k, ,t,h,e, ,i,s,s,u,e,., ,I,t, ,w,a,s, ,t,h,e, ,s,a,m,e, ,a,n,d, ,w,e, ,a,s,k,e,d, ,f,o,r, ,r,e,f,u,n,d, ,a,n,d, ,r,e,f,u,n,d,e,d, ,a,t, ,l,a,s,t,., ,T,h,a,n,k, ,y,o,u, ,A,m,a,z,o,n,., ,I,f, ,t,h,i,s, ,w,a,s, ,t,h,e, ,i,s,s,u,e, ,w,i,t,h, ,F,l,i,p,k,a,r,t, ,t,h,e,y, ,w,o,u,l,d, ,n,o,t, ,r,e,f,u,n,d, ,a,n,d, ,t,e,l,l, ,u,s, ,t,o, ,g,o,t, ,t,o, ,t,h,e, ,s,e,r,v,i,c,e, ,c,e,n,t,e,r,., ,A,m,a,z,o,n, ,i,s, ,t,h,e, ,b,e,s,t
S,u,p,e,r, ,m,o,b,i,l,e,.,.,.,.,C,a,m,e,r,a, ,q,u,a,l,i,t,y, ,b,e,t,t,e,r, ,(, ,f,r,o,n,t, ,a,n,d, ,b,a,c,k,),.,.,s,o,u,n,d, ,e,f,f,e,c,t, ,s,u,p,e,r,.,.,B,a,t,t,e,r,y, ,b,a,c,k,u,p, ,s,u,p,e,r,.,.,D,i,s,p,a,l,y, ,q,u,a,l,i,t,y, ,o,k,.,.,R,e,v,e,r,s,e, ,C,h,a,r,g,i,n,g, ,s,u,p,e,r,.,.,i, ,c,h,a,r,g,e,d, ,b,l,u,t,o,o,t,h, ,h,e,a,d,s,e,t, ,g,i,v,e, ,b,e,t,t,e,r, ,c,h,a,r,g,i,n,g,.,.,R,e,v,e,r,s,e, ,c,h,a,r,g,i,n,g, ,w,o,r,k,i,n,g,.,.,.,O,v,e,r,a,l,l, ,b,e,t,t,e,r, ,p,h,o,n,e
D,o,n,',t, ,p,u,r,c,h,a,s,e, ,i,t, ,g,u,y,s,",", ,I, ,a,m, ,n,o,t, ,h,a,p,p,y, ,a,b,o,u,t, ,f,r,o,n,t, ,f,a,c,i,n,g, ,c,a,m,e,r,a,",", ,i,t, ,s,t,a,t,e,s, ,1,2, ,m,p, ,b,u,t, ,w,o,r,k,s, ,l,i,k,e, ,5, ,m,p, ,c,a,m,e,r,a,",", ,n,o,t, ,e,x,p,e,c,t,e,d, ,f,r,o,m, ,X,i,a,o,m,i, ,f,o,r, ,c,a,m,e,r,a, ,q,u,a,l,i,t,y,., ,R,e,s,t, ,p,h,o,n,e, ,i,s, ,g,o,o,d, ,a,n,d, ,b,e,i,n,g, ,a, ,b,i,g, ,b,a,t,t,e,r,y, ,p,h,o,n,e, ,f,e,l,l,s, ,l,i,g,h,t, ,w,e,i,g,h,t, ,a,n,d, ,a,l,s,o, ,f,e,l,l,s, ,g,o,o,d, ,t,o, ,h,o,l,d,.,L,e,t,s, ,s,e,e, ,i,f, ,u,p,d,a,t,e, ,i,s, ,g,i,v,e,n, ,r,e,g,a,r,d,i,n,g, ,t,h,e, ,f,r,o,n,t, ,c,a,m,e,r,a, ,i,s,s,u,e,s,.
I, ,r,e,c,e,i,v,e,d, ,m,o,b,i,l,e, ,o,n, ,1,3,-,0,8,-,2,0,2,0, ,b,u,t, ,t,h,i,s, ,m,o,b,i,l,e, ,i,s, ,w,i,t,h, ,a, ,s,m,a,l,l, ,b,l,a,c,k, ,d,o,t,t,e,d,.,i,t,s, ,w,o,r,s,t, ,i,t,e,m, ,w,h,i,c,h, ,i, ,r,e,c,e,i,v,e,d,.
B,E,S,T, ,B,U,D,G,E,T, ,P,H,O,N,E, ,I,N, ,T,H,I,S, ,R,A,N,G,E,B,A,T,T,E,R,Y, ,L,I,F,E, ,I,S, ,V,E,R,Y, ,G,O,O,D,",", ,w,h,e,n, ,u,n,p,a,c,k,e,d,",", ,t,h,e, ,b,e,a,s,t, ,h,a,d, ,6,0,%, ,a,l,r,e,a,d,y,L,E,S,S, ,B,L,O,A,T,W,A,R,E, ,i,s, ,n,i,c,e, ,t,h,i,n,g, ,w,i,t,h, ,t,h,e, ,A,n,d,r,o,i,d, ,O,n,e, ,&, ,M,I,U,I, ,1,1, ,b,u,t, ,I, ,g,o,t, ,i,n,s,t,a,n,t, ,M,i,U,i, ,1,2, ,s,o, ,v,e,r,y, ,h,a,p,p,y,I,t, ,i,s, ,v,e,r,y, ,s,l,i,m, ,&, ,v,e,r,y, ,b,i,g, ,e,a,s,y, ,t,o, ,h,o,l,d, ,&, ,g,i,v,e,s, ,g,o,o,d, ,g,r,i,p, ,b,u,t, ,m,e,n,u, ,i,s, ,i,n,a,c,c,e,s,s,i,b,l,e, ,s,o,m,e,t,i,m,e,s, ,b,e,c,a,u,s,e, ,i,t,s, ,v,e,r,y, ,b,i,g, ,p,h,o,n,e,I,n, ,t,h,e, ,b,o,x, ,t,h,e,y, ,g,a,v,e, ,p,i,n, ,a, ,f,a,s,t, ,c,h,a,r,g,e,r, ,u,s,b, ,3,.,0, ,&, ,p,l,a,s,t,i,c, ,t,r,a,n,s,p,a,r,e,n,t, ,c,o,v,e,r, ,a,s, ,w,e,l,l,., ,I,t, ,a,l,s,o, ,h,a,s, ,n,i,c,e, ,s,c,r,e,e,n,g,u,a,r,d, ,w,i,t,h,o,u,t, ,a,n,y, ,p,r,i,n,t,i,n,g,s, ,o,n, ,i,t,V,e,r,y, ,i,m,p,r,e,s,s,e,d, ,b,y, ,l,o,o,k,s, ,t,h,e, ,g,l,o,s,s,y, ,b,a,c,k, ,m,a,k,e,s, ,i,t, ,l,o,o,k,s, ,r,i,c,h, ,&, ,r,o,y,a,l,., ,I, ,a,m, ,s,u,g,g,e,s,t,i,n,g, ,i,t, ,f,o,r, ,y,o,u, ,g,u,y,s, ,g,o, ,f,o,r, ,i,t
I,t, ,i,s, ,r,e,a,l,l,y, ,a,n, ,U,n,d,i,s,p,u,t,e,d, ,c,h,a,m,p,i,o,n,.,B,u,t, ,a,r,c,t,i,c, ,w,h,i,t,e, ,c,o,l,o,u,r, ,d,i,s,a,p,p,o,i,n,t, ,m,e,.,.,O,t,h,e,r, ,t,h,e,n, ,t,h,a,t, ,i,t, ,i,s, ,f,l,a,w,l,e,s,s
I,',m, ,a,w,a,r,e, ,t,h,a,t, ,w,h,e,n, ,y,o,u,r, ,c,o,l,o,u,r, ,m,o,d,e, ,i,s, ,s,e,t, ,t,o, ,a,u,t,o,",", ,t,h,e, ,c,o,n,t,r,a,s,t, ,c,a,n, ,g,e,t, ,r,e,a,l,l,y, ,h,i,g,h, ,i,n, ,s,u,n,l,i,g,h,t, ,t,o, ,m,a,k,e, ,t,h,e, ,d,i,s,p,l,a,y, ,e,a,s,i,e,r, ,t,o, ,s,e,e,., ,I,',m, ,p,e,r,s,o,n,a,l,l,y, ,n,o,t, ,a, ,f,a,n, ,o,f, ,t,h,i,s, ,f,e,a,t,u,r,e,",", ,s,o, ,I, ,t,u,r,n,e,d, ,i,t, ,o,f,f, ,o,n, ,m,y, ,p,r,e,v,i,o,u,s, ,p,h,o,n,e,.,N,o,w, ,I,',v,e, ,g,o,t, ,t,h,e, ,R,e,d,m,i, ,N,o,t,e, ,9, , ,w,i,t,h, ,M,I,U,I, ,1,1,",", ,b,u,t, ,e,v,e,n, ,a,f,t,e,r, ,s,e,t,t,i,n,g, ,t,h,e, ,c,o,l,o,u,r,s, ,t,o, ,d,e,f,a,u,l,t,",", ,t,h,e, ,c,o,n,t,r,a,s,t, ,s,t,i,l,l, ,c,h,a,n,g,e,s, ,i,n, ,s,u,n,l,i,g,h,t,., ,W,h,a,t,',s, ,w,o,r,s,e,",", ,i,t, ,t,e,n,d,s, ,t,o, ,"""",s,p,a,s, ,o,u,t,"""", ,w,h,e,n, ,i,n, ,a, ,c,a,r, ,f,o,r, ,i,n,s,t,a,n,c,e,., ,I,t, ,s,e,e,m,s, ,t,h,a,t, ,t,h,e, ,s,e,n,s,o,r,/,s,o,f,t,w,a,r,e, ,i,s, ,c,o,n,f,u,s,e,d, ,w,h,e,t,h,e,r, ,o,r, ,n,o,t, ,t,h,e, ,c,o,n,t,r,a,s,t, ,s,h,o,u,l,d, ,b,e, ,i,n,c,r,e,a,s,e,d, ,o,r, ,n,o,t,",", ,s,o, ,i,n, ,t,h,e, ,e,n,d, ,t,h,e, ,d,i,s,p,l,a,y, ,s,t,a,r,t,s, ,t,o, ,a,l,m,o,s,t, ,f,l,a,s,h, ,b,y, ,c,o,n,t,i,n,u,o,u,s,l,y, ,l,o,w,e,r,i,n,g, ,a,n,d, ,u,p,p,i,n,g, ,t,h,e, ,c,o,n,t,r,a,s,t,.,I,',v,e, ,t,r,i,e,d, ,r,e,s,t,a,r,t,i,n,g, ,t,h,e, ,p,h,o,n,e,",", ,a,n,d, ,t,u,r,n,i,n,g, ,t,h,e, ,a,u,t,o, ,c,o,l,o,u,r, ,f,e,a,t,u,r,e, ,o,n, ,a,n,d, ,o,f,f,., ,T,h,e, ,p,r,o,b,l,e,m, ,s,t,i,l,l, ,p,e,r,s,i,s,t,s,., ,N,o,t, ,s,u,r,e, ,i,f, ,t,h,i,s, ,i,s, ,a, ,b,u,g, ,o,r, ,n,o,t,., ,A,n,d, ,i,f, ,i,t,',s, ,n,o,t, ,a, ,b,u,g,",", ,i,s, ,t,h,e,r,e, ,a, ,w,a,y, ,t,o, ,t,u,r,n, ,t,h,e, ,f,e,a,t,u,r,e, ,o,f,f, ,c,o,m,p,l,e,t,e,l,y,?
V,e,r,y, ,b,e,s,t, ,s,m,a,r,t,p,h,o,n,e, ,u,n,d,e,r, ,t,h,e, ,b,u,d,g,e,t, ,s,e,g,m,e,n,t,s, ,w,i,t,h, ,b,e,s,t, ,c,a,m,e,r,a,",", ,p,e,r,f,o,r,m,a,n,c,e,",", ,d,i,s,p,l,a,y, ,a,n,d, ,b,a,t,t,e,r,y, ,b,a,c,k,u,p
C,a,m,e,r,a, ,i,s, ,N,o,t, ,G,o,o,d,.,P,h,o,t,o, ,Y,e,l,l,o, ,t,y,p,e,.,n,o,t, ,C,a,p,t,u,r,e,d, ,o,r,i,g,i,n,a,l, ,C,o,l,o,r,.
I, ,w,o,u,l,d, ,l,i,k,e, ,t,o, ,r,e,v,i,e,w, ,t,h,e, ,r,e,d,m,i, ,n,o,t,e, ,n,o,t,e, ,9,F,i,r,s,t, ,p,r,o,s,P,r,i,m,a,r,y, ,C,a,m,e,r,a, ,G,o,o,d,R,a,m, ,m,a,n,a,g,e,m,e,n,t, , ,b,e,t,t,e,r,D,i,s,p,l,a,y, ,G,o,o,d,1,2,8, ,G,B, ,i,n,t,e,r,n,a,l, ,m,e,m,o,r,y, ,g,o,o,d,A,p,p,s, ,a,r,e, ,w,o,r,k,i,n,g, ,b,u,t,t,e,r, ,s,m,o,o,t,h,T,y,p,e, ,C, ,p,o,r,t,C,o,n,s,S,e,c,o,n,d,a,r,y, ,c,a,m,e,r,a, ,v,e,r,y, ,w,o,r,s,t,., ,T,h,e,y, ,n,e,e,d, ,t,o, ,u,p,d,a,t,e, ,v,i,a, ,s,o,f,t,w,a,r,e, ,u,p,d,a,t,e,.,C,h,a,r,g,i,n,g, ,t,a,k,e,s, ,t,h,r,e,e, ,h,o,u,r,s, ,üòî,., ,T,o,o, ,b,a,d, ,o,n, ,c,h,a,r,g,i,n,g, ,t,i,m,e, ,s,a,y,i,n,g, ,f,a,s,t, ,c,h,a,r,g,e,r,.,L,o,u,d,s,p,e,a,k,e,r, ,s,o,u,n,d, ,l,i,t,t,l,e, ,w,h,e,n, ,c,o,m,p,a,r,e,d, ,t,o, ,S,a,m,s,u,n,g,E,d,i,t,:, ,C,h,a,r,g,i,n,g, ,t,o,o,k, ,5, ,h,o,u,r,s, ,w,h,i,c,h, ,i,s, ,n,o,t, ,a,c,c,e,p,t,a,b,l,e,., ,C,a,l,l,e,d, ,a,m,a,z,o,n, ,f,o,r, ,f,u,r,t,h,e,r, ,h,e,l,p,., ,M,o,b,i,l,e, ,i,s, ,f,i,n,e, ,n,o, ,i,s,s,u,e,s
T,h,i,s, ,p,r,o,d,u,c,t, ,i,s, ,m,a,d,e, ,i,n, ,C,h,i,n,a,",", ,e,v,e,n, ,t,h,o,u,g,h, ,A,m,a,z,o,n, ,c,l,a,i,m,s, ,t,h,a,t, ,i,t, ,i,s, ,m,a,d,e, ,i,n, ,I,n,d,i,a,., ,T,h,i,s, ,p,h,o,n,e, ,a,l,s,o, ,c,o,n,t,a,i,n,s, ,l,o,t, ,o,f, ,b,a,n,n,e,d, ,a,p,p,s, ,l,i,k,e, ,c,l,e,a,n,e,r, ,a,n,d, ,o,t,h,e,r, ,w,h,i,c,h, ,y,o,u, ,c,a,n, ,n,o,t, ,u,n,i,n,s,t,a,l,l,.,W,e, ,d,i,d, ,n,o,t, ,e,x,p,e,c,t, ,f,r,o,m, ,A,m,a,z,o,n, ,t,h,a,t, ,t,h,e,y, ,w,i,l,l, ,c,h,e,a,t, ,t,h,e, ,c,u,s,t,o,m,e,r,s, ,b,y, ,w,r,o,n,g, ,p,r,o,m,o,t,i,o,n,s, ,o,f, ,M,a,d,e, ,i,n, ,I,n,d,i,a,.
#,m,i,M,i,n,d,b,l,o,w,i,n,g, ,#,m,i, ,p,h,o,n,e,-,-,-,-,#,m,i, ,B,a,t,t,e,r,y, ,i,s, ,E,x,c,e,l,l,e,n,t,P,r,o,c,e,s,s,o,r, ,i,s, ,V,e,r,y, ,F,a,s,t,C,a,m,e,r,a, ,N,o,t, ,U,p,t,o, ,M,a,r,k,T,h,i,s, ,i,s, ,n,o,t, ,4,8, ,M,e,g,a,p,i,x,e,l, ,C,a,m,e,r,a,R,e,a,l,l,y, ,G,o,o,d, ,C,a,m,e,r,a, , ,4,8, ,M,P,#,m,i, ,D,i,s,p,l,a,y, ,Q,u,a,l,i,t,y, ,i,s, ,V,e,r,y, ,G,o,o,d, ,",", ,C,o,l,o,u,r, ,i,s, ,P,u,n,c,h,y, ,(,1,0,8,0,), ,P,#,m,i, ,S,o,u,n,d, ,Q,u,a,l,i,t,y, ,i,s, ,N,i,c,e,.
Y,o,u, ,c,a,n, ,p,l,a,y, ,p,u,b,g, ,i,n, ,h,i,g,h, ,g,r,a,p,h,i,c,s, ,!,!,B,a,t,t,e,r,y, ,b,a,c,k,u,p, ,i,s, ,g,o,o,d,.,.,.,D,i,s,p,l,a,y, ,i,s, ,a,w,e,s,o,m,e, ,!,!,!,C,a,m,e,r,a, ,i,s, ,a,w,e,s,o,m,e, ,!,!,!,S,p,e,a,k,e,r, ,s,o,u,n,d, ,i,s, ,n,i,c,e, ,!,N,i,c,e, ,d,e,a,l, ,f,o,r, ,1,2,k
T,h,i,s, ,p,h,o,n,e, ,i,s, ,n,o,t, ,m,e,e,t, ,t,h,e, ,e,x,p,e,c,t,a,t,i,o,n,s,",",t,h,i,s, ,i,s, ,a, ,c,h,a,i,n,a, ,m,a,d,e, ,p,h,o,n,e,",",o,n, ,c,a,l,l,i,n,g, ,s,o,m,e, ,v,i,b,r,a,t,i,o,n, ,i,s, ,c,o,m,i,n,g,",",t,h,e, ,p,h,o,n,e, ,i,s, ,g,e,t,t,i,n,g, ,v,e,r,y, ,h,o,t, ,a,f,t,e,r, ,o,n,e, ,h,o,u,r, ,o,f, ,u,s,e,.,p,h,o,t,o, ,q,u,a,l,i,t,y, ,i,s, ,o,r,d,i,n,a,r,y,.
D,o,n,',t, ,b,u,y, ,w,a,s,t,e, ,p,r,o,d,u,c,t,.,.,.,.,., ,B,a,t,t,e,r,y, ,t,a,k,i,n,g, ,4, ,h,r,s, ,t,o, ,c,h,a,r,g,e, ,f,u,l,l,.,.,., ,D,i,s,p,l,a,y, ,q,u,a,l,i,t,y, ,n,o,t, ,f,u,l,l, ,H,D,.,.,.,b,a,t,t,e,r,y, ,b,a,c,k,u,p, ,n,o,t, ,g,o,o,d,.,.,.,., ,A,m, ,t,o,t,a,l,l,y, ,d,i,s,a,p,p,o,i,n,t,e,d,.,.,., ,O,n, ,n,o,t,e, ,9,.,.,.,w,a,s,t,a,g,e, ,o,f, , ,m,o,n,e,y,.,.,.,.,.,.,.,.,c,a,m,e,r,a, ,q,a,l,i,t,y, ,a,v,e,r,a,g,e, ,n,o,t, ,g,o,o,d, ,.,.,.,.,.,b,e,f,o,r,e, ,b,u,y,i,n,g, ,t,h,i,n,k,.,., ,T,h,i,n,k, ,t,h,i,n,k,.,.,., ,O,t,h,e,r,w,i,s,e, ,u, ,w,i,l,l, ,f,a,i,l,.,.,.,.
V,e,r,y, ,v,e,r,y, ,w,r,o,s,t, ,p,r,o,d,u,c,t, ,f,r,o,m, ,A,m,a,z,o,n,I, ,p,u,r,c,h,a,s,e,d, ,t,h,i,s, ,p,r,o,d,u,c,t, ,a,n,d, ,I,',m, ,f,a,c,i,n,g, ,m,a,n,y, ,p,r,o,b,l,e,m,s,1,., ,H,e,a,t,i,n,g,2,., ,V,e,r,y, ,s,l,o,w, ,c,h,a,r,g,i,n,g,3,., ,B,a,t,t,e,r,y, ,d,r,a,i,n,e,d, ,v,e,r,y, ,f,a,s,t,T,e,c,h,n,i,c,i,a,n, ,a,l,s,o, ,c,o,m,e, ,t,h,e,y, ,s,a,y, ,y,e,s, ,s,i,r, ,u,r, ,p,r,o,d,u,c,t, ,i,s, ,d,e,f,e,c,t,i,v,e, ,b,u,t, ,t,h,e,y, ,g,i,v,e, ,r,e,p,o,r,t, ,t,h,a,t, ,p,r,o,d,u,c,t, ,h,a,s, ,n,o, ,p,r,o,b,l,e,m,.,I,',m, ,r,e,a,l,l,y, ,v,e,r,y, ,d,i,s,a,p,p,o,i,n,t,e,d, ,w,i,t,h, ,t,h,i,s, ,p,r,o,d,u,c,t, ,o,r, ,A,m,a,z,o,n,V,e,r,y, ,v,e,r,y, ,b,a,d, ,s,e,r,v,i,c,e, ,p,r,o,v,i,d,e, ,b,y, ,A,m,a,z,o,n
I, ,t,o,o,k, ,t,h,i,s, ,p,h,o,n,e, ,b,e,c,a,u,s,e, ,i,t, ,s,a,y,s, ,"""",m,a,d,e, ,i,n, ,i,n,d,i,a,"""",., ,B,u,t, ,a,c,t,u,a,l, ,p,h,o,n,e, ,h,a,s, ,m,a,d,e, ,i,n, ,c,h,i,n,a,.,T,h,e, ,b,u,i,l,t, ,q,u,a,l,i,t,y,",", ,s,c,r,e,e,n, ,r,e,s,o,l,u,t,i,o,n, ,i,s, ,n,o,t, ,g,o,o,d,",", ,i,t,',s, ,p,o,o,r, ,q,u,a,l,i,t,y,., ,I,t,',s, ,j,u,s,t, ,m,a,r,k,e,t,i,n,g, ,t,r,i,c,k,s, ,t,o, ,r,e,l,e,a,s,e, ,i,n, ,s,c,h,e,d,u,l,e, ,t,i,m,e, ,a,n,d, ,g,i,v,e,n, ,c,o,n,f,i,g,u,r,a,t,i,o,n,.,I, ,h,a,v,e, ,m,o,t,o,r,o,l,a, ,p,h,o,n,e,",", ,u,s,i,n,g, ,i,t, ,f,r,o,m, ,t,w,o, ,y,e,a,r,s,., ,W,i,t,h, ,4,2,m,p, ,c,a,m,e,r,a,., ,T,h,a,t, ,r,e,s,o,l,u,t,i,o,n, ,i,s, ,f,a,r, ,b,e,t,t,e,r, ,t,h,a,n, ,t,h,u,s, ,r,e,d,m,i,.,I, ,s,u,g,g,e,s,t, ,d,o,n,',t, ,p,u,r,c,h,a,s,e, ,r,e,d,m,i,.
D,o,n,',t, ,r,e,c,o,m,e,n,t, ,i,t, ,t,h,i,s, ,i,s, ,n,o,t, ,4,8, ,m,p, ,c,a,m,e,r,a, ,w,a,s,t,e, ,u,r, ,m,o,n,e,y, ,p,h,o,n,e, ,s,t,r,u,k,i,n,g, ,a,n,d, ,c,h,a,r,g,i,n,g, ,t,a,k,e, ,t,o,o, ,m,u,c,h, ,t,i,m,e
M,I, ,h,a,s, ,j,u,s,t, ,r,e,t,a,i,n,e,d, ,t,h,e, ,s,t,r,a,t,e,g,y, ,f,a,s,h, ,s,a,l,e, ,m,a,r,k,e,t,i,n,g, ,t,o, ,s,e,l,l, ,t,h,i,s, ,p,h,o,n,e,., ,W,h,i,c,h, ,i,s, ,n,o,t, ,w,o,r,t,h,y, ,a,t, ,a,l,l,., ,P,e,r,f,o,r,m,a,n,c,e, ,o,f, ,t,h,e, ,c,h,i,p,s,e,t, ,i,s, ,n,o,t, ,g,o,o,d,., ,F,o,r, ,t,h,i,s, ,p,r,i,c,e, ,w,e, ,c,a,n, ,b,e,t,t,e,r, ,m,o,v,e, ,o,n, ,t,o, ,M, ,s,e,r,i,e,s, ,w,h,i,c,h, ,h,a,v,e, ,a, ,b,e,t,t,e,r, ,d,i,s,p,l,a,y,.,P,r,o,s,:,C,a,m,e,r,a, ,q,u,a,l,i,t,y, ,i,s, ,g,o,o,d,.,F,a,s,t, ,c,h,a,r,g,e, ,i,s, ,g,o,o,d,.,C,o,n,s,:,D,i,s,p,l,a,y, ,i,s, ,n,o,t, ,a,s, ,g,o,o,d, ,a,s, ,c,o,m,p,a,r,e,d, ,t,o, ,o,t,h,e,r, ,p,h,o,n,e,s, ,i,n, ,t,h,i,s, ,s,a,m,e, ,s,e,g,m,e,n,t,H,e,a,t,i,n,g, ,u,p, ,w,h,e,n, ,p,l,a,y,i,n,g, ,g,a,m,e,s,B,a,t,t,e,r,y, ,b,a,c,k, ,u,p, ,i,s, ,j,u,s,t, ,o,k,., ,I,t, ,s,t,a,n,d,s, ,f,o,r, ,1,.,5, ,d,a,y,s, ,f,o,r, ,n,o,r,m,a,l, ,u,s,a,g,e,.
T,h,e, ,p,h,o,n,e, ,i,s, ,a,n,n,o,y,i,n,g,l,y, ,s,l,o,w,., ,I,t, ,s,a,y,s, ,4,G,B, ,p,r,o,c,e,s,s,o,r, ,b,u,t, ,i,f, ,w,a,s, ,e,a,s,i,l,y, ,b,e,a,t,e,n, ,b,y, ,s,o,m,e, ,o,l,d,e,r, ,2,G,B, ,p,r,o,c,e,s,s,o,r, ,p,h,o,n,e,s,., ,4,8,m,e,g,a, ,p,i,x,e,l, ,c,a,m,e,r,a, ,i,s, ,f,o,r, ,n,a,m,e, ,s,a,k,e,., ,A, ,S,a,m,s,u,n,g,/, ,M,o,t,o, ,/,O,n,e,P,l,u,s, ,2,0,o,d,d, ,m,e,g,a,p,i,x,e,l, ,c,a,m,e,r,a, ,i,s, ,b,e,t,t,e,r, ,t,h,a,n, ,t,h,i,s, ,p,h,o,n,e,., ,H,i,g,h,l,y, ,d,i,s,a,p,p,o,i,n,t,e,d, ,i,n, ,t,h,i,s, ,R,e,d,m,i, ,p,h,o,n,e,., ,B,a,t,t,e,r,y, ,c,h,a,r,g,i,n,g, ,s,p,e,e,d, ,s,e,e,m,s, ,t,o, ,b,e, ,a, ,d,e,c,a,d,e, ,b,e,h,i,n,d, ,3, ,h,o,u,r,s, ,r,e,q,u,i,r,e,d, ,f,o,r, ,f,u,l,l, ,c,h,a,r,g,e, ,c,3,0,%, ,c,h,a,r,g,e, ,p,e,r, ,h,o,u,r,.,.
I, ,a,m, ,h,a,v,i,n,g, ,b,o,t,h, ,r,e,a,l,m,e, ,6,i, ,a,n,d, ,r,e,d,m,i, ,n,o,t,e, ,9,.,I, ,m,u,s,t, ,s,a,y,",",a,l,w,a,y,s, ,g,o, ,f,o,r, ,n,o,t,e, ,9,.,R,e,a,l,m,e, ,6,i, ,b,a,t,t,e,r,y, ,i,s, ,r,e,a,l,l,y, ,a, ,s,h,i,t,.,i,t,s, ,d,r,a,i,n,i,n,g, ,m,o,r,e, ,q,u,i,c,k,l,y, ,w,h,e,n, ,c,o,m,p,a,r,e,d, ,t,o, ,n,o,t,e,9,.,T,h,i,s, ,i,s, ,d,u,e, ,t,o, ,i,t,s, ,9,0,h,z, ,d,i,s,p,l,a,y,.,A,l,s,o, ,t,h,e,r,e, ,a,r,e, ,h,e,a,t,i,n,g, ,i,s,s,u,e,s, ,w,h,i,l,e, ,c,h,a,r,g,i,n,g, ,i,n, ,r,e,a,l,m,e, , ,6,i,.,R,e,d,m,i, ,n,o,t,e, ,9, ,i,s, ,b,e,t,t,e,r, ,i,n, ,c,a,m,e,r,a, ,o,n, ,g,o,o,d, ,l,i,g,h,t, ,c,o,n,d,i,t,i,o,n,s, ,w,h,e,n, ,c,o,m,p,a,r,e,d, ,t,o, ,r,e,a,l,m,e,6,i,.,M,o,r,e,o,v,e,r, ,r,e,a,l,m,e, , ,6,i, ,c,o,m,e,s, ,w,i,t,h, ,1,8, ,w,a,t,t, ,i,n, ,b,o,x, ,c,h,a,r,g,e,r, ,a,n,d, ,r,e,d,m,i, ,n,o,t,e, ,9, ,c,o,m,e,s, ,w,i,t,h, ,2,2,.,5, ,w,a,t,t, ,i,n, ,b,o,x,.,e,v,e,n, ,t,h,o,u,g,h, ,r,e,a,l, ,m,e, ,6,i, ,s,u,p,p,o,r,t,s, ,3,0,w,a,t,t, ,c,h,a,r,g,i,n,g, ,",",w,h,o,',s, ,g,o,n,n,a, ,b,u,y, ,t,h,a,t, ,3,0, ,w,a,t,t, ,c,h,a,r,g,e,r, ,t,h,a,t, ,c,o,s,t,s, ,1,",",4,0,0, ,r,s,.,W,h,e,n, ,c,o,m,i,n,g, ,i,n,t,o, ,s,c,r,e,e,n, ,p,r,o,t,e,c,t,i,o,n, ,r,e,a,l,m,e,6,i, ,c,o,m,e,s, ,w,i,t,h, ,a,n, ,o,l,d,e,r, ,v,e,r,s,i,o,n, ,o,f, ,g,o,r,i,l,l,a, ,g,l,a,s,s, ,w,h,e,r,e,a,s, ,r,e,d,m,i, ,n,o,t,e, ,9, ,c,o,m,e,s, ,w,i,t,h, ,l,a,t,e,s,t, ,c,o,r,n,i,n,g, ,g,o,r,i,l,l,a, ,g,l,a,s,s, ,5, ,(,b,o,t,h, ,c,a,m,e,r,a, ,a,n,d, ,s,c,r,e,e,n, ,a,r,e, ,p,r,o,t,e,c,t,e,d,),.,T,h,e,r,e, ,a,r,e, ,c,h,a,n,c,e,s, ,f,o,r, ,r,e,a,l, ,m,e, ,6,i, ,c,a,m,e,r,a, ,t,o, ,g,e,t, ,s,c,r,a,t,c,h,e,s, ,a,s, ,i,t, ,i,s, ,n,o,t, ,p,r,o,t,e,c,t,e,d, ,u,s,i,n,g, ,g,o,r,i,l,l,a, ,g,l,a,s,s, ,w,h,e,r,e,a,s, ,n,o,t,e, ,9,', ,s, ,c,a,m,e,r,a, ,i,s, ,p,r,o,t,e,c,t,e,d, ,w,i,t,h, ,c,o,r,n,i,n,g, ,g,o,r,i,l,l,a, ,5, ,g,l,a,s,s,.,F,i,n,a,l, ,w,o,r,d,s,:, ,i,f, ,y,o,u, ,r,e,a,l,l,y, ,w,o,r,r,y, ,a,b,o,u,t, ,b,a,t,t,e,r,y, ,l,i,f,e, ,t,h,e,n, ,n,e,v,e,r, ,e,v,e,r, ,g,o, ,f,o,r, ,r,e,a,l,m,e, ,6,i,.,A, ,f,e,a,t,u,r,e, ,c,a,l,l,e,d, ,9,0, ,h,z, ,d,i,s,p,l,a,y, ,i,n, ,r,e,a,l,m,e, ,6,i, ,d,r,a,i,n,s, ,i,t, ,b,a,t,t,e,r,y, ,q,u,i,c,k,l,y,.,I,t,s, ,b,e,t,t,e,r, ,t,o, ,d,e,s,c,r,i,b,e, ,r,e,a,l,m,e, , ,6,i, ,a,s, ,',f,a,s,t, ,d,r,a,i,n,i,n,g, ,p,h,o,n,e,', ,r,a,t,h,e,r, ,t,h,a,n, ,',f,a,s,t, ,c,h,a,r,g,i,n,g, ,p,h,o,n,e,',.,G,u,y,s, ,d,o,n,',t, ,b,e,l,i,e,v,e, ,i,n, ,r,e,v,i,e,w,e,r,s, ,w,o,r,d,s, ,a,s, ,t,h,e,y, ,s,a,y, ,g,o,o,d, ,r,e,v,i,e,w, ,i,n, ,f,a,v,o,u,r, ,o,f, ,t,h,e, ,m,o,b,i,l,e, ,c,o,m,p,a,n,y, ,w,h,i,c,h, ,g,i,v,e,s, ,t,h,e,m, ,b,e,t,t,e,r, ,a,m,o,u,n,t,.,I,t,s, ,b,e,t,t,e,r, ,t,o, ,a,s,k, ,y,o,u,r, ,f,r,i,e,n,d,s, ,w,h,o, ,b,r,o,u,g,h,t, ,t,h,i,s, ,p,h,o,n,e, ,r,a,t,h,e,r, ,t,h,a,n, ,w,a,t,c,h,i,n,g, ,r,e,v,i,e,w, ,v,i,d,e,o,s,.
R,e,c,e,i,v,e,d, ,p,h,o,n,e, ,y,e,s,t,e,r,d,a,y,., ,F,i,r,s,t, ,i,m,p,r,e,s,s,i,o,n, ,i,s, ,o,k, ,o,k,., ,P,h,o,n,e, ,c,a,s,e, ,s,h,o,u,l,d, ,h,a,v,e, ,b,e,e,n, ,g,i,v,e,n, ,t,r,a,n,s,p,a,r,e,n,t,., ,I,t, ,c,o,m,e,s, ,i,n, ,g,r,e,y, ,s,h,a,d,e, ,s,o, ,o,v,e,r,r,i,d,e,s, ,p,h,o,n,e, ,c,o,l,o,r,., ,O,b,s,e,r,v,e,d, ,l,i,t,t,l,e, ,l,a,g,s, ,i,n, ,s,o,m,e, ,a,p,p,l,i,c,a,t,i,o,n,s,., ,F,i,r,s,t, ,b,a,t,t,e,r,y, ,c,h,a,r,g,e, ,t,o,o,k, ,4, ,h,o,u,r,s, ,f,o,r, ,1,0, ,t,o, ,9,5,., ,P,h,o,n,e, ,w,h,i,c,h, ,s,u,p,p,o,r,t,s, ,2,2,.,5,W, ,c,h,a,r,g,i,n,g, ,o,n,l,y, ,a,c,c,e,p,t,s, ,1,8,W,., ,D,o,e,s,n,t, ,m,a,k,e, ,s,e,n,s,e,., ,S,i,n,c,e, ,t,h,i,s, ,i,s, ,b,u,d,g,e,t, ,p,h,o,n,e, ,d,o,n,t, ,e,x,p,e,c,t, ,t,o,o, ,m,u,c,h, ,b,u,t, ,a,t,l,e,a,s,t, ,b,a,t,t,e,r,y, ,c,h,a,r,g,i,n,g, ,i,s,s,u,e, ,s,h,o,u,l,d, ,b,e, ,f,i,x,e,d,.,N,o,t,e, ,o,n, ,A,m,a,z,o,n, ,D,e,l,i,v,e,r,y, ,-, ,C,o,n,s,i,d,e,r,i,n,g, ,t,h,e, ,o,n,g,o,i,n,g, ,s,i,t,u,a,t,i,o,n,",", ,I, ,c,a,n, ,u,n,d,e,s,t,a,n,d, ,A,m,a,z,o,n, ,p,r,e,f,e,r, ,f,o,r, ,c,o,n,t,a,c,t,l,e,s,s, ,d,e,l,i,v,e,r,y,., ,B,u,t, ,d,e,l,i,v,e,r,y, ,p,e,r,s,o,n, ,d,i,d,n,t, ,c,a,l,l, ,m,e, ,a,t, ,t,h,e, ,t,i,m,e, ,d,e,l,i,v,e,r,y,., ,H,e, ,d,i,r,e,c,t,l,y, ,h,a,n,d,e,d, ,m,y, ,s,h,i,p,m,e,n,t, ,t,o, ,s,e,c,u,r,i,t,y,., ,W,h,e,n, ,I, ,r,e,a,c,h,e,d, ,c,u,s,t,o,m,e,r, ,c,a,r,e,",", ,I, ,w,a,s, ,p,o,i,n,t,e,d, ,t,h,a,t,",", ,I, ,h,a,d, ,r,e,c,e,i,v,e,d, ,m,e,s,s,a,g,e, ,a,n,d, ,m,a,i,l, ,a,b,o,u,t, ,d,e,l,i,v,e,r,y,., ,B,u,t, ,I, ,w,a,s, ,n,o,t, ,s,a,t,i,s,f,i,e,d, ,w,i,t,h, ,t,h,e, ,a,n,s,w,e,r,",", ,s,i,n,c,e, ,I, ,w,a,s, ,e,x,p,e,c,t,i,n,g, ,c,a,l,l, ,f,r,o,m, ,d,e,l,i,v,e,r,y, ,p,e,r,s,o,n, ,f,o,r, ,s,o,m,e, ,r,e,a,s,o,n,., ,T,h,e,s,e, ,d,a,y,s, ,I, ,f,e,e,l, ,A,m,a,z,o,n, ,C,u,s,t,o,m,e,r, ,S,u,p,p,o,r,t, ,h,a,s, ,l,o,s,t, ,t,h,e, ,f,r,i,e,n,d,l,i,n,e,s,s,.
C,a,m,e,r,a, ,s,t,o,p,p,e,d, ,w,o,r,k,i,n,g, ,a,f,t,e,r, ,i,n,s,e,r,t,i,n,g, ,s,i,m, ,c,a,r,d,., ,A,m,a,z,o,n, ,d,e,l,a,y,e,d, ,m,y, ,o,r,d,e,r, ,5, ,d,a,y,s, ,l,a,t,e, ,a,n,d, ,d,e,l,i,v,e,r,e,d, ,i,t, ,2,n,d, ,s,e,p, ,w,h,i,c,h, ,w,a,s, ,s,u,p,p,o,s,e,d, ,t,o, ,d,e,l,i,v,e,r, ,o,n, ,2,8,t,h, ,A,u,g,., ,A,n,d, ,r,e,p,l,a,c,e,m,e,n,t, ,w,i,n,d,o,w, ,c,l,o,s,e,d, ,o,n, ,5,t,h, ,s,e,p,., ,C,a,l,l,e,d, ,a,m,a,z,o,n, ,c,u,s,t,o,m,e,r, ,s,u,p,p,o,r,t, ,b,u,t, ,t,h,e,y, ,s,a,i,d, ,w,i,n,d,o,w,s, ,c,l,o,s,e,d, ,h,e,n,c,e, ,c,a,n,t, ,r,e,p,l,a,c,e, ,y,o,u,r, ,i,t,e,m,., ,S,o,o,n, ,g,o,i,n,g, ,t,o, ,c,o,m,p,l,a,i,n, ,i,n, ,c,o,n,s,u,m,e,r, ,c,o,u,r,t, ,a,g,a,i,n,s,t, ,A,m,a,z,o,n, ,a,s, ,t,h,i,s, ,i,s, ,t,o,t,a,l,l,y, ,w,r,o,n,g, ,a,n,d, ,I, ,w,i,s,h, ,t,h,a,t, ,t,h,e,y, ,s,h,o,u,l,d, ,r,e,p,l,a,c,e, ,m,y, ,o,r,d,e,r, ,s,o,o,n,.
R,E,D,M,I, ,n,o,t,e, ,9,C,a,m,e,r,a, ,i,s, ,t,h,a, ,b,e,s,t, ,p,a,r,f,o,m,a,n,e,B,a,t,t,e,r,y, ,v,e,r,y, , ,g,o,o,d, ,p,a,r,f,o,m,a,n,c,e,T,h,a,n,k,s, ,r,e,d,m,i, ,n,o,t,e, ,9, ,s,o,u,n,d, , ,b,a,s,s, ,b,e,s,t, ,v,i,d,e,o, ,p,l,y, ,a,n,d, ,c,o,l,l,e,r,P,r,i,c,e, ,C,E, ,b,e,s,t, ,üëå, ,A,m,a,z,o,n, ,t,h,a,n,k,s,V,e,r,y, ,b,e,s,t, ,m,o,b,i,l,e,A,n,d, ,l,o,o,k,i,n,g, ,a,n,d, ,c,o,l,o,u,r, ,d,e,s,i,g,n,i,n,g,B,e,s,t
D,e,l,i,v,e,r,e,d, ,m,e, ,m,a,d,e, ,i,n, ,C,h,i,n,a, ,n,o,t, ,m,a,d,e, ,i,n, ,I,n,d,i,a, ,., ,O,n,e, ,b,a,d, ,t,h,i,n,g,.
H,e,r,e,',s, ,m,y, ,r,e,v,i,e,w, ,a,f,t,e,r, ,u,s,i,n,g, ,R,e,d,m,i, ,N,o,t,e, ,9, ,f,o,r, ,3,d,a,y,s,.,P,e,r,f,e,c,t, ,p,h,o,n,e, ,f,o,r, ,a, ,p,e,r,f,e,c,t, ,p,r,i,c,e,., ,C,a,m,e,r,a, ,q,u,a,l,i,t,y, ,i,s, ,j,u,s,t, ,a,w,e,s,o,m,e,.,I,f, ,I, ,w,a,s, ,t,o, ,s,a,y, ,a,b,o,u,t, ,t,h,e, ,b,a,t,t,e,r,y,",", ,I, ,w,o,u,l,d, ,l,i,k,e, ,t,o, ,m,e,n,t,i,o,n, ,t,h,a,t, ,i,t, ,d,o,e,s,n,',t, ,g,i,v,e,s, ,m,u,c,h, ,b,a,c,k,u,p,., ,I,t, ,d,r,a,i,n,s, ,f,a,s,t,e,r,., ,B,y, ,1,0,:,3,0,p,m, ,t,h,a,t, ,i,s, ,b,e,f,o,r,e, ,g,o,i,n,g, ,t,o, ,b,e,d, ,a,t, ,n,i,g,h,t,",", ,I, ,c,h,e,c,k,e,d, ,t,h,e, ,b,u,t,t,e,r,y, ,‚ÑÖ, ,&, ,i,t, ,w,a,s, ,4,1,%,., ,W,h,e,n, ,I, ,c,h,e,c,k,e,d, ,i,t, ,o,n, ,m,o,r,n,i,n,g, ,b,y, ,5,:,3,0,a,m, ,a,f,t,e,r, ,w,a,k,i,n,g, ,u,p,",", ,b,a,t,t,e,r,y, ,%, ,w,a,s, ,s,h,o,w,i,n,g, ,3,2,%,.,W,i,t,h,o,u,t, ,u,s,i,n,g, ,t,h,e, ,p,h,o,n,e,",", ,1,0,‚ÑÖ, ,c,h,a,r,g,e, ,w,a,s, ,g,o,n,e, ,w,i,t,h,i,n, ,7,h,r,s,., ,A,n,d, ,a,l,s,o, ,t,h,e, ,s,u,p,e,r, ,f,a,s,t, ,c,h,a,r,g,i,n,g, ,i,s, ,u,s,e,l,e,s,s,., ,T,h,e, ,p,h,o,n,e, ,t,a,k,e,s, ,2,.,5,h,r,s, ,t,o, ,c,h,a,r,g,e, ,f,r,o,m, ,0,%, ,t,o, ,1,0,0,‚ÑÖ,.,A,n,o,t,h,e,r, ,w,e,a,k, ,p,o,i,n,t, ,i,s, ,t,h,a,t,",", ,i,t, ,i,s, ,M,A,D,E, ,I,N, ,C,H,I,N,A,.,‚òπ,Ô∏è
U,p,d,a,t,i,n,g, ,m,y, ,r,e,v,i,e,w, ,a,f,t,e,r, ,2,2, ,d,a,y,s,P,r,o,s, ,:,1,., ,B,a,t,t,e,r,y, ,-,5,0,0,0,m,A,h,2,., ,D,i,s,p,l,a,y, ,6,.,5,3,i,n,c,h,3,., ,P,r,o,c,e,s,s,o,r, ,G,8,5,4,., ,F,a,s,t, ,r,e,a,c,t,i,o,n,5,., ,C,a,m,e,r,a,C,o,n,s, ,:,1,., ,F,r,o,n,t, ,c,a,m,e,r,a, ,i,s,n,',t, ,u,p,t,o, ,t,h,e, ,m,a,r,k,2,., ,B,a,t,t,e,r,y, ,c,o,u,l,d, ,b,e, ,6,0,0,0,m,A,h,3,., ,D,i,s,p,l,a,y, ,b,r,i,g,h,t,n,e,s,s, ,i,s,n,',t, ,b,e,t,t,e,r,",",c,a,n,',t, ,s,e,e, ,i,n, ,s,u,n,l,i,g,h,t,.,A,d,d,i,n,g, ,t,h,e,s,e, ,a,f,t,e,r, ,u,s,i,n,g, ,1, ,m,o,n,t,h,üëá,4,., ,T,O,O, ,m,u,c,h, ,h,e,a,t,i,n,g, ,p,r,o,b,l,e,m,5,., ,I,f, ,y,o,u,',r,e, ,a, ,g,a,m,e,r, ,t,h,e,n, ,i,t, ,i,s,n,',t, ,f,o,r, ,y,o,u, ,b,c,z, ,a,l,s,o, ,t,o,o, ,m,u,c,h, ,l,a,g,g,i,n,g, ,p,r,o,b,l,e,m,.,6,., ,B,a,t,t,e,r,y, ,i,s, ,d,r,a,i,n,i,n,g, ,t,o,o, ,f,a,s,t, ,a,s, ,d,i,d,n,',t, ,e,x,p,e,c,t,e,d,I,',L,L, ,R,E,C,O,M,M,E,N,D, ,P,O,C,O, ,M,2, ,T,H,A,T, ,H,A,V,E,1,., ,6,G,B, ,&,6,4,G,B, ,I,N,T,E,R,N,A,L,2,., ,C,A,M,E,R,A,S, ,A,R,E, ,G,O,O,D,3,., ,B,A,T,T,E,R,Y, ,I,S, ,5,0,0,0,m,A,h,4,., ,G,8,0, ,P,R,O,C,E,S,S,O,R,5,., ,S,C,R,E,E,N, ,5,.,5,3,"""",A,N,D, ,P,R,I,C,E, ,I,S, ,O,N,L,Y, ,1,0,",",9,9,9, ,üòá,.,y,o,u,',r,e, ,G,O,I,N,G, ,T,O, ,S,A,V,E, ,A,R,O,U,N,D, ,1,K, ,W,I,T,H, ,Q,U,A,L,I,T,Y, ,P,H,O,N,E, ,F,E,A,T,U,R,E,S,.
G,o,o,d, ,p,r,o,d,u,c,t,.,.,.,w,o,r,t,h, ,o,f, ,m,o,n,e,y,.,.,.,m,u,s,t, ,b,u,y,.,.,.,o,n,e, ,d,r,a,w, ,b,a,c,k, ,i,s, ,I, ,u,p,d,a,t,e,d, ,t,h,e, ,a,n,d,r,o,i,d, ,1,2, ,v,e,r,s,i,o,n, ,w,i,t,h,i,n, ,a, ,d,a,y, ,a,f,t,e,r, ,r,e,c,e,i,v,i,n,g, ,t,h,e, ,p,r,o,d,u,c,t,.,.,.,.
T,h,e, ,l,o,o,k, ,o,f, ,t,h,e, ,p,h,o,n,e, ,a,n,d, ,c,o,l,o,r, ,a,r,e, ,a,w,e,s,o,m,e,",", ,f,o,r, ,t,h,e, ,f,i,r,s,t, ,t,i,m,e, ,I, ,a,m, ,u,s,i,n,g, ,o,t,h,e,r, ,t,h,a,n, ,b,l,a,c,k, ,a,n,d, ,g,r,e,y, ,c,o,l,o,r,s, ,i,n, ,p,h,o,n,e,.,C,a,m,e,r,a, ,-, ,S,e,l,f,i,e, ,i,s, ,a,m,a,z,i,n,g,",", ,b,a,c,k, ,c,a,m,e,r,a, ,g,o,o,d, ,b,u,t, ,n,o,t, ,u,p, ,t,o, ,t,h,e, ,m,a,r,k,., ,B,u,t,",", ,i,f, ,y,o,u, ,s,e,l,e,c,t, ,4,8,M,P, ,a,n,d, ,t,o,o,k, ,a, ,p,h,o,t,o,",", ,i,t, ,i,s, ,v,e,r,y, ,g,o,o,d,.,C,h,a,r,g,i,n,g, ,-, ,S,u,p,e,r, ,f,a,s,t,",", ,i,t, ,t,o,o,k, ,l,e,s,s, ,t,h,a,n, ,a,n, ,h,r, ,f,r,o,m, ,2,0,%, ,-, ,f,u,l,l, ,c,h,a,r,g,e,.,W,e,i,g,h,t, ,-, ,W,h,e,n, ,y,o,u, ,h,a,v,e, ,c,a,s,e, ,o,n, ,i,t,",", ,y,o,u, ,w,i,l,l, ,f,e,e,l, ,s,o,m,e,t,h,i,n,g, ,w,e, ,a,r,e, ,h,o,l,d,i,n,g,., ,O,f,-,c,o,u,r,s,e, ,e,v,e,r,y, ,m,o,b,i,l,e, ,w,i,l,l, ,w,e,i,g,h,",", ,w,h,e,n, ,y,o,u, ,p,u,t, ,t,h,e, ,c,a,s,e, ,o,n, ,i,t,.,P,e,r,f,o,r,m,a,n,c,e, ,-, ,S,i,n,c,e, ,2, ,d,a,y,s, ,I, ,a,m, ,u,s,i,n,g, ,i,t,",", ,i,t,',s, ,r,e,a,l,l,y, ,f,a,s,t, ,a,n,d, ,w,a,n,t, ,t,o, ,o,b,s,e,r,v,e, ,m,o,r,e, ,t,o, ,w,r,i,t,e, ,a,b,o,u,t, ,i,t, ,m,o,r,e,.,D,i,s,p,l,a,y, ,-, ,i,t,',s, ,l,a,r,g,e, ,a,n,d, ,v,e,r,y, ,c,l,e,a,r,., ,I,t,s, ,a,n, ,e,d,g,e,-,t,o,-,e,d,g,e, ,s,c,r,e,e,n, ,a,n,d, ,e,v,e,n, ,w,e, ,c,a,n, ,c,h,a,n,g,e, ,t,h,e, ,s,e,t,t,i,n,g,s, ,o,f, ,d,i,s,p,l,a,y, ,t,o, ,r,e,d,u,c,e, ,t,h,e, ,d,i,s,p,l,a,y, ,s,i,z,e,.,O,v,e,r,a,l,l,",", ,i,f, ,y,o,u, ,a,r,e, ,l,o,o,k,i,n,g, ,f,o,r, ,b,e,s,t, ,p,h,o,n,e, ,u,n,d,e,r, ,1,2,K, ,I,N,R,",", ,b,l,i,n,d,l,y, ,y,o,u, ,c,a,n, ,g,o, ,f,o,r, ,i,t,.
N,i,c,e, ,a,t, ,t,h,i,s, ,p,r,i,c,e, ,r,A,n,g,e,A,l,l, ,i,s, ,g,o,o,d, ,o,n,l,y, ,b,a,t,t,e,r,y, ,d,r,a,i,n, ,i,n, ,8,h,r,s, ,a,f,t,e,r, ,u,s,i,n,g, ,h,e,a,v,y, ,u,s,a,g,e
N,i,c,e, ,p,h,o,n,e, ,b,u,t, ,t,h,e, ,f,r,o,n,t, ,c,a,m,e,r,a, ,w,a,s, ,n,o,t, ,t,o, ,g,o,o,d,W,e, ,a,l,l, ,n,e,e,d, ,t,o, ,t,a,k,e, ,a, ,g,o,o,d, ,s,e,l,f,i,e, ,i,n, ,o,u,r, ,p,h,o,n,e, ,b,u,t, ,i,n, ,t,h,i,s, ,p,h,o,n,e, ,s,e,l,f,i,e, ,c,a,m,e,r,a, ,i,s, ,n,o,t, ,g,o,o,d,O,n,e, ,m,o,r,e, ,t,h,i,n,g, ,i,s, ,t,h,a,t, ,t,h,e, , ,c,h,a,r,g,i,n,g, ,o,f, ,p,h,o,n,e, ,i,s, ,n,o,t, ,b,e,t,t,e,r, ,b,e,c,a,u,s,e, ,i,t, ,t,a,k,e,s, ,m,a,y, ,b,e, ,t,o, ,c,h,a,r,g,e, ,t,h,e, ,p,h,o,n,e, , ,0, ,t,o, ,1,0,0,%, ,i,t, ,t,a,k,e,s, ,a,p,p,r,o,x, ,3, ,h,r,s,I, ,k,n,o,w, ,t,h,a,t, ,o,n,e, ,t,h,i,n,g, ,i,n, ,t,h,e, ,b,o,x, ,t,h,e, ,c,h,a,r,g,e,r, ,i,s, ,o,f, ,2,2,.,5, ,w, ,f,a,s,t, ,c,h,a,r,g,i,n,g, ,s,u,p,p,o,r,t, ,b,u,t, ,t,h,e, ,p,h,o,n,e, ,w,a,s, ,o,n,l,y, ,s,u,p,p,o,r,t, ,1,8,w, ,c,h,a,r,g,i,n,g,I,n, ,m,a,y, ,w,o,r,d,s, , ,1,8, ,w, ,i,s, ,a,l,s,o, ,g,o,o,d, ,t,o, ,c,h,a,r,g,e, ,r,e,d, ,m,i, ,n,o,t,e, ,9, ,b,u,t, , ,t,h,i,s, ,p,h,o,n,e, ,i,s, ,t,a,k,i,n,g, ,t,o, ,m,u,c,h, ,t,i,m,e, ,t,o, , ,c,o,m,p,l,e,t,e, ,c,h,a,r,g,e, ,a,p,r,r,o,x, ,3, ,h,r,s
I, ,l,i,k,e, ,t,h,i,s, ,p,r,o,d,u,c,t, ,b,u,t, ,c,a,m,e,r,a, ,q,u,a,l,i,t,y, ,n,o,t, ,s,a,t,i,s,f,y,.
N,o, ,o,p,t,i,o,n, ,t,o, ,e,x,c,h,a,n,g,e, ,t,h,i,s, ,p,h,o,n,e, ,i,n, ,A,m,a,z,o,n, ,o,r, ,F,l,i,p,k,a,r,t,D,i,s,p,l,a,y, ,i,s, ,g,o,o,d,., ,C,a,m,e,r,a, ,i,s, ,n,o,t, ,u,p,t,o, ,t,h,e, ,m,a,r,k,., ,W,h,e,n, ,t,a,k,i,n,g, ,v,i,d,e,o, ,b,o,t,h, ,s,o,u,n,d, ,a,n,d, ,v,i,d,e,o, ,a,r,e, ,n,o,t, ,i,n, ,s,y,n,c,., ,B,a,t,t,e,r,y, ,i,s, ,g,e,t,t,i,n,g, ,d,r,a,i,n,e,d, ,o,f,f, ,s,o, ,q,u,i,c,k,l,y,., ,F,o,r, ,a, ,v,i,d,e,o, ,o,f, ,4, ,m,i,n,s, ,b,a,t,t,e,r,y, ,d,r,i,a,i,n,e,d, ,f,r,o,m, ,7,8,%, ,t,o, ,6,6,%,., ,F,o,r, ,1,1, ,m,i,n,s, ,u,s,a,g,e, ,b,a,t,t,e,r,y, ,d,r,a,i,n,e,d, ,o,f,f, ,f,r,o,m, ,6,6,%, ,t,o, ,6,4,%, ,w,i,t,h, ,W,I,F,i, ,O,n,., ,B,u,t, ,n,o,t, ,u,s,e,d, ,a,n,y, ,k,i,n,d, ,o,f, ,i,n,t,e,r,n,e,t, ,c,o,n,s,u,m,i,n,g, ,a,p,p,l,i,c,a,t,i,o,n,., ,J,u,s,t, ,d,o,n,e, ,s,o,m,e, ,n,a,v,i,g,a,t,i,o,n, ,i,n, ,t,h,e, ,p,h,o,n,e,., ,S,o,f,t,w,a,r,e, ,i,s, ,n,o,t, ,t,e,s,t,e,d, ,p,r,o,p,e,r,l,y, ,a,s, ,t,h,e,r,e, ,a,r,e, ,l,o,t, ,o,f, ,g,r,a,p,h,i,c,a,l, ,g,l,i,t,c,h,e,s, ,w,h,i,l,e, ,u,s,i,n,g, ,t,h,e, ,p,h,o,n,e,., ,H,o,p,e, ,i,n, ,n,e,x,t, ,U,I, ,u,p,d,a,t,e, ,i,t, ,w,i,l,l, ,b,e, ,f,i,x,e,d,.
E,x,c,e,l,l,e,n,t, ,M,o,b,i,l,e,P,r,o,s, ,:,B,i,g,g,e,r, ,D,i,s,p,l,a,y,B,i,g,g,e,r, ,B,a,t,t,e,r,y,E,x,c,e,l,l,e,n,t, ,C,a,m,e,r,a,s,S,m,o,o,t,h, ,P,e,r,f,o,r,m,a,n,c,e,C,o,n,s, ,:,1,8,.,5, ,W, ,F,a,s,t, ,c,h,a,r,g,i,n,g, ,n,e,e,d, ,t,o, ,u,n,l,o,c,k, ,2,2,.,5,W, ,S,u,p,p,o,r,t,.,.,E,v,e,r,y,t,h,i,n,g, ,i,s, ,G,o,o,d, ,.,.,.
N,i,c,e, ,p,r,o,d,u,c,t, ,s,h,o,r,t, ,r,a,n,g,e, ,m,u,l,t,i, ,f,u,n,c,t,i,o,n,i,n,g, ,a,t, ,a, ,i,n,s,t,a,n,c,e, ,w,i,t,h, ,n,o, ,l,a,g, ,.,.,p,e,r,f,o,r,m,a,n,c,e, ,a,b,o,v,e, ,a,v,e,r,a,g,e, ,.,.,.,.,.
E,v,e,r,y,t,h,i,n,g, ,i,s, ,b,e,s,t, ,i,n, ,t,h,i,s, ,p,h,o,n,e, ,a,c,c,o,r,d,i,n,g, ,t,o, ,t,h,e, ,p,r,i,c,e, ,a,n,d, ,i,t,s, ,t,h,e, ,b,e,s,t, ,i,n, ,t,h,i,s, ,b,u,d,g,e,t,., ,T,h,e, ,b,a,t,t,e,r,y, ,l,a,s,t,s, ,f,o,r, ,2,d,a,y,s, ,w,i,t,h, ,m,e,d,i,u,m, ,u,s,a,g,e,., ,I,t, ,h,a,s, ,2,2,.,5, ,W, ,c,h,a,r,g,e,r, ,i,n, ,t,h,e, ,b,o,x, ,b,u,t, ,s,u,p,p,o,r,t,s, ,o,n,l,y, ,1,8,W,., ,T,h,e, ,C,h,a,r,i,n,g, ,s,p,e,e,d, ,i,s, ,n,o,t, ,s,o, ,i,m,p,r,e,s,s,i,v,e,., ,T,h,e, ,c,a,m,e,r,a,s, ,a,r,e, ,v,e,r,y, ,n,i,c,e, ,a,n,d, ,h,a,v,e, ,i,m,p,r,o,v,e,d, ,m,o,r,e, ,a,f,t,e,r, ,s,o,f,t,w,a,r,e, ,u,p,d,a,t,e,s,., ,G,a,m,i,n,g, ,p,e,r,f,o,r,m,a,n,c,e, ,i,s, ,d,e,c,e,n,t, ,i,n, ,t,h,i,s, ,p,r,i,c,e,., ,T,h,e, ,u,s,e,r, ,e,x,p,e,r,i,e,n,c,e, ,h,a,s, ,i,m,p,r,o,v,e,d, ,m,o,r,e, ,a,f,t,e,r, ,M,I,U,I, ,1,2, ,u,p,d,a,t,e, ,a,n,d, ,t,h,e,r,e, ,a,r,e, ,n,o, ,b,a,n,n,e,d, ,a,p,p,s,., ,O,v,e,r,a,l,l, ,I, ,r,e,c,o,m,m,e,n,d, ,i,t, ,t,o, ,e,v,e,r,y,o,n,e,.
T,h,e, ,q,u,a,l,i,t,y, ,o,f, ,t,h,e, ,p,r,o,d,u,c,t, ,i,s, ,n,o,t, ,g,o,o,d, ,a,s, ,w,e, ,h,a,d, ,n,o,t, ,t,h,o,u,g,h,t, ,t,h,e, ,n,o,t,i,f,i,c,a,t,i,o,n, ,l,i,g,h,t, ,i,s, ,n,o,t, ,t,h,e,r,e, ,w,h,e,n, ,c,h,a,r,g,i,n,g, ,o,r, ,a,n,y, ,n,o,t,i,f,i,c,a,t,i,o,n, ,c,o,m,e,s,., ,T,h,e, ,q,u,a,l,i,t,y, ,o,f, ,t,h,e, ,c,a,m,e,r,a, ,i,s, ,a,l,s,o, ,g,o,o,d, ,a,s, ,w,e, ,t,h,o,u,g,h,t, ,i,t, ,w,a,s, ,n,o,t,.
t,h,i,s, ,i,s, ,a, ,g,r,e,a,t, ,p,h,o,n,e, ,f,o,r, ,b,o,t,h, ,n,o,r,m,a,l, ,u,s,e, ,g,a,m,i,n,g, ,a,n,d, ,p,r,o,d,u,c,t,i,v,i,t,y,p,r,o,s,:,1,),g,r,e,a,t, ,d,e,s,i,g,n, ,e,v,e,n, ,t,h,o,u,g,h, ,t,h,e, ,b,a,c,k, ,i,s, ,m,a,d,e, ,u,p, ,o,f, ,p,o,l,y,c,a,r,b,o,n,a,t,e, ,m,a,t,e,r,i,a,l, ,f,e,e,l,s, ,p,r,e,m,i,u,m, ,a,n,d, ,s,t,r,o,n,g,2,),n,o, ,h,a,n,g, ,i,s,s,u,e,s, ,s,o, ,f,a,r, ,v,e,r,y, ,f,a,s,t,3,),v,i,d,e,o,s, ,a,r,e, ,c,o,l,o,r,f,u,l, ,a,n,d, ,v,i,b,r,a,n,t,4,),1,0,8,0,p, ,d,i,s,p,l,a,y, ,i,s, ,v,e,r,y, ,g,o,o,d, ,a,n,d, ,f,e,e,l,s, ,l,i,k,e, ,a, ,a,m,o,l,e,d, ,d,i,s,p,l,a,y,5,),t,o,u,c,h, ,f,e,e,l,s, ,g,o,o,d,6,), ,c,h,a,r,g,i,n,g, ,i,s, ,s,u,p,e,r, ,f,a,s,t, ,a,n,d, ,b,a,t,t,e,r,y, ,b,a,c,k,u,p, ,i,s, ,g,o,o,d,c,o,n,s,:,1,), ,t,h,e, ,m,a,i,n, ,i,s,s,u,e, ,i,s, ,t,h,a,t, ,t,h,e, ,b,a,n,n,e,d, ,a,p,p,s, ,a,r,e, ,p,r,e,i,n,s,t,a,l,l,e,d, ,l,i,k,e, ,s,e,c,u,i,r,i,t,y, ,m,i, ,b,r,o,w,s,e,r,.,.,.,e,t,c,2,), ,c,a,m,e,r,a, ,i,s, ,n,o,t, ,g,o,o,d, ,a,s, ,e,x,p,e,c,t,e,d,o,v,e,r,a,l,l, ,c,o,n,c,l,u,s,i,o,n, ,i,s, ,t,h,a,t,",", ,b,u,y, ,t,h,i,s, ,p,h,o,n,e, ,i,f, ,u, ,w,a,n,t, ,a, ,p,r,e,m,i,u,m, ,p,h,o,n,e, ,o,n, ,a, ,l,o,w, ,b,u,d,g,e,t, ,b,u,t, ,i,f, ,u, ,c,a,n, ,s,p,e,n,d, ,a, ,c,o,u,p,l,e, ,o,f, ,t,h,o,o,u,s,a,n,d,s, ,g,o, ,f,o,r, ,i,t,s, ,h,i,g,h,e,r, ,v,e,r,s,i,o,n,s, ,l,i,k,e, ,p,r,o, ,a,n,d, ,p,r,o, ,m,a,x, ,a,n,d, ,m,a,y,b,e, ,s,a,m,s,u,n,g, ,a,s, ,w,e,l,l,!,!
I,f, ,u, ,a,r,e, ,a, ,g,a,m,e,r, ,t,h,e,n, ,p,l,z,z, ,d,o,n,',t, ,b,u,y, ,t,h,i,s,.,.,.,.,.,P,u,b,g, ,l,a,g,s, ,v,e,r,y, ,m,u,c,h, ,u, ,c,a,n,',t, ,e,v,e,n, ,p,l,a,y, ,l,i,k,e, ,n,o,r,m,a,l,.,.,.,b,u,t, ,o,v,e,r,a,l,l, ,c,a,m,e,r,a, ,a,n,d, ,b,a,t,t,e,r,y, ,i,s, ,n,i,c,e,.,.,.
B,e,s,t, ,m,o,b,i,l,e,N,i,c,e, ,p,r,o,d,u,c,t
P,e,r,f,e,c,t, ,d,e,v,i,c,e, ,i,n, ,t,h,i,s, ,p,r,i,c,e, ,r,a,n,g,e,., ,S,t,r,o,n,g, ,p,r,o,c,e,s,s,o,r, ,f,o,r, ,g,a,m,i,n,g,",", ,B,i,g, ,d,i,s,p,l,a,y,",", ,L,a,r,g,e, ,b,a,t,t,e,r,y,",", ,g,o,o,d, ,c,a,m,e,r,a, ,m,a,d,e, ,t,h,i,s, ,d,e,v,i,c,e, ,p,e,r,f,e,c,t,., ,T,h,i,s, ,p,h,o,n,e, ,d,o,e,s,n,',t, ,h,e,a,t,",", ,b,a,t,t,e,r,y, ,s,t,a,y,s, ,l,o,n,g,., ,G,o, ,f,o,r, ,i,t,., ,#,M,i
S,u,p,e,r, ,l,o,o,k,.,E,l,e,g,a,n,t,.,L,o,v,e,l,y, ,c,o,l,o,u,r,.,S,u,p,e,r, ,c,a,m,e,r,a,.,I, ,r,e,a,l,l,y, ,l,o,v,e,d, ,t,h,i,s,.,I, ,d,i,d,n,',t, ,e,x,p,e,c,t,e,d, ,t,h,a,t, ,I, ,w,i,l,l, ,a,b,l,e, ,t,o, ,g,e,t, ,t,h,i,s, ,p,h,o,n,e,.,I, ,a,m, ,t,r,y,i,n,g, ,t,o, ,b,u,y, ,t,h,i,s, ,f,o,r, ,l,a,s,t, ,2, ,w,e,e,k,s,.,B,u,t, ,I, ,d,i,d,n,',t, ,g,e,t, ,i,t,., ,S,o, ,i, ,l,o,s,t, ,m,y, ,h,o,p,e,.,A,n,d, ,t,r,i,e,d, ,t,h,e, ,l,a,s,t, ,f,l,a,s,h, ,s,a,l,e, ,w,i,t,h, ,n,o, ,h,o,p,e,.,B,u,t, ,f,o,r,t,u,n,a,t,e,l,y, ,I, ,g,o,t, ,t,h,i,s, ,p,h,o,n,e, ,w,i,t,h, ,m,y, ,d,e,s,i,r,e,d, ,c,o,l,o,u,r,.,R,e,a,l,l,y, ,l,i,k,e,d, ,p,u,r,c,h,a,s,i,n,g, ,f,r,o,m, ,a,m,a,z,o,n,.,I, ,d,i,d,n,',t, ,g,e,t, ,p,h,o,n,e, ,e,v,e,n, ,f,r,o,m, ,m,i, ,s,t,o,r,e,.,B,u,t, ,g,o,t, ,t,h,i,s, ,f,r,o,m, ,a,m,a,z,o,n,., ,R,e,a,l,l,y, ,u,n,e,x,p,e,c,t,e,d,., ,T,h,a,n,k, ,y,o,u, ,s,e,l,l,e,r, ,a,n,d, ,a,m,a,z,o,n,.
i, ,b,o,u,g,h,t, ,t,h,i,s, ,p,h,o,n,e, ,i,n, ,a,m,a,z,o,n, ,p,r,i,m,e, ,d,a,y, ,s,e,l,l, ,a,n,d, ,i,t, ,t,o,o,k, ,a,r,o,u,n,d, ,1,0, ,d,a,y,s, ,t,o, ,a,r,r,i,v,e,",", ,n,o,w, ,t,h,e, ,p,r,o,s, ,o,f, ,t,h,e, ,p,h,o,n,e, ,i, ,o,n,l,y, ,n,o,t,i,c,e, ,g,o,o,d, ,b,a,t,t,e,r,y, ,l,i,f,e,",",s,o,u,n,d, ,a,n,d, ,s,c,r,e,e,n, ,q,u,a,l,i,t,y, ,b,u,t, ,c,o,n,s, ,a,r,e, ,i,t, ,t,o,o,k, ,a,l,m,o,s,t, ,2,.,3,0, ,H,R,S, ,T,O, ,f,u,l,l, ,c,h,a,r,g,e, ,t,h,e,n, ,w,h,a,t, ,i,s, ,t,h,e, ,u,s,e, ,o,f, ,1,8,w, ,f,a,s,t, ,c,h,a,r,g,i,n,g, ,c,o,m,e,s, ,w,i,t,h, ,2,2,.,5,w, ,c,h,a,r,g,e,r, ,i,t,s, ,c,o,m,p,l,e,t,e,l,y, ,w,a,s,t,e, ,a,n,d, ,t,h,e, ,c,a,m,e,r,a, ,q,u,a,l,i,t,y, ,i,s, ,a,l,s,o, ,n,o,r,m,a,l, ,i,t, ,d,o,e,s, ,n,o,t, ,l,o,o,k,s, ,l,i,k,e, ,t,h,a,t, ,y,o,u, ,t,a,k,e, ,a, ,s,h,o,t, ,f,r,o,m, ,a, ,4,8,m,p, ,c,a,m,e,r,a, ,s,o, ,i,f, ,a,n,y,o,n,e, ,i,s, ,t,h,i,n,k,i,n,g, ,o,f, ,h,i,g,h, ,q,u,a,l,i,t,y, ,s,n,a,p,s, ,t,h,e,n, ,d,o,n,t, ,b,u,y, ,i,t, ,y,o,u, ,c,a,n, ,b,u,y, ,i,t, ,o,n,l,y, ,f,o,r, ,i,t,s, ,b,a,t,t,e,r,y, ,l,i,f,e, ,a,n,d, ,s,c,r,e,e,n, ,q,u,a,l,i,t,y
1,., ,T,h,i,s, ,p,r,o,d,u,c,t, ,i,s, ,M,a,d,e, ,i,n, ,C,h,i,n,a,.,2,., ,H,e,a,t,i,n,g, ,a, ,l,o,t, ,j,u,s,t, ,a,f,t,e,r, ,1,0,m,i,n, ,o,f, ,u,s,a,g,e,.,3,., ,B,l,o,a,t,w,a,r,e,4,., ,T,h,e,y, ,p,r,o,m,i,s,e,d, ,t,h,a,t, ,t,h,e,y, ,w,i,l,l, ,r,e,m,o,v,e, ,M,i, ,S,e,c,u,r,i,t,y,",", ,M,i, ,C,l,e,a,n,e,r,",", ,e,t,c, ,b,u,t, ,s,t,i,l,l, ,e,x,i,s,t,s,., ,T,h,e,y, ,l,i,e,d,.,5,., ,F,r,o,n,t, ,F,a,c,i,n,g, ,c,a,m,e,r,a, ,i,s, ,b,e,l,o,w, ,a,v,e,r,a,g,e,.,6,., ,N,e,t,w,o,r,k, ,i,s,s,u,e,s, ,a,s, ,u,s,u,a,l, ,l,i,k,e, ,o,t,h,e,r, ,M,i, ,p,h,o,n,e,s,., ,N,o,t, ,g,r,e,a,t, ,a,t, ,f,e,t,c,h,i,n,g, ,t,h,e, ,n,e,t,w,o,r,k, ,s,i,g,n,a,l,.,7,., ,F,e,e,l,s, ,b,u,l,k,y, ,i,n, ,h,a,n,d,.,F,i,n,a,l,l,y, ,r,e,g,r,e,t,t,i,n,g, ,m,y, ,p,u,r,c,h,a,s,e,., ,I,',m, ,a, ,R,e,d,m,i, ,p,h,o,n,e, ,u,s,e,r, ,f,o,r, ,t,h,e, ,p,a,s,t, ,2, ,y,e,a,r,s,.
T,h,e, ,w,o,r,e,s,t, ,p,r,o,d,u,c,t, ,a,n,d, ,s,e,r,v,i,c,e, ,f,r,o,m, ,A,m,a,z,o,n, ,I, ,h,a,v,e, ,e,v,e,r, ,s,e,e,n, ,t,h,e, ,p,r,o,d,u,c,t, ,w,a,s, ,d,a,m,a,g,e,d, ,a,n,d, ,w,h,e,n, ,I, ,u,s,e,d, ,t,o, ,r,e,p,l,a,c,e, ,i,t, ,t,h,e,r,e, ,a,r,e, ,n,o,t, ,p,r,o,c,e,s,s,i,n,g, ,f,o,r, ,r,e,p,l,a,c,e,P,r,o,:,-,1,),N,U,L,L,C,O,N,S,:,-,),F,U,L,L,b,a,t,t,e,r,y, ,h,e,a,t,i,n,g,C,a,m,e,r,a, ,n,o,t, ,u,p,t,o, ,e,x,t,e,n,t,P,r,o,c,e,s,s,o,r, ,s,l,o,w, ,f,o,r, ,g,a,m,e,s,B,a,n,n,e,d, ,a,p,p,s,M,a,d,e, ,i,n, ,c,h,i,n,a, ,b,u,t, ,t,a,g, ,i,s, ,m,a,d,e, ,i,n, ,i,n,d,i,a,F,a,k,e, ,s,u,p,p,l,i,e,s,M,o,r,e, ,f,a,i,l,u,r,e,s, ,o,f, ,p,r,o,c,e,s,s,o,r,N,o, ,f,a,s,t, ,c,h,a,r,g,i,n,g,O,n,l,y, ,i,t, ,a,r,r,o,u,n,d, ,1,5, ,w
O,v,e,r,a,l,l, ,p,h,o,n,e, ,p,e,r,f,o,r,m,a,n,c,e, ,i,s, ,s,u,p,e,r, ,g,o,o,d, ,t,h,e, ,r,e,a,s,o,n, ,I, ,g,a,v,e, ,3, ,s,t,a,r,s, ,b,e,c,a,u,s,e, ,r,e,d,m,i, ,i,s, ,n,o, ,n,e,w, ,t,o, ,m,e, ,a,n,d, ,I, ,d,o,n,',t, ,f,e,e,l, ,a,n,y,t,h,i,n,g, ,s,p,e,c,i,a,l, ,i,n, ,i,t, ,w,h,i,l,e, ,u,s,i,n,g, ,i,t, , ,I, ,g,u,e,s,s, ,a,l,l, ,r,e,d,m,i, ,c,e,l,l,s, ,a,r,e, ,s,a,m,e
X,i,a,o,m,i, ,R,e,d,m,i, ,N,o,t,e, ,9,:, ,D,e,s,i,g,n, ,a,n,d, ,d,i,s,p,l,a,y,T,h,e, ,s,m,a,r,t,p,h,o,n,e, ,c,o,m,e,s, ,w,i,t,h, ,w,h,a,t, ,t,h,e, ,c,o,m,p,a,n,y, ,c,a,l,l,s, ,t,h,e, ,A,u,r,a, ,B,a,l,a,n,c,e, ,d,e,s,i,g,n,., ,I,t, ,i,s, ,t,h,e, ,s,a,m,e, ,d,e,s,i,g,n, ,t,h,a,t, ,R,e,d,m,i, ,N,o,t,e, ,9, ,P,r,o, ,a,n,d, ,R,e,d,m,i, ,N,o,t,e, ,9, ,P,r,o, ,M,a,x, ,f,e,a,t,u,r,e,s,., ,B,a,c,k, ,o,f, ,t,h,e, ,p,h,o,n,e, ,h,a,s, ,a, ,g,l,o,s,s,y, ,f,i,n,i,s,h, ,m,a,k,i,n,g, ,i,t, ,r,e,f,l,e,c,t,i,v,e,., ,X,i,a,o,m,i, ,R,e,d,m,i, ,N,o,t,e, ,9, ,c,o,m,e,s, ,i,n, ,t,h,r,e,e, ,c,o,l,o,u,r, ,o,p,t,i,o,n,s,:, ,P,e,b,b,l,e, ,G,r,e,y,",", ,A,r,c,t,i,c, ,W,h,i,t,e,",", ,a,n,d, ,A,q,u,a, ,G,r,e,e,n,., ,T,h,e, ,r,e,v,i,e,w, ,u,n,i,t, ,w,e, ,g,o,t, ,w,a,s, ,t,h,e, ,P,e,b,b,l,e, ,G,r,e,y, ,c,o,l,o,u,r, ,v,a,r,i,a,n,t,., ,T,h,e, ,p,h,o,n,e, ,l,o,o,k,s, ,g,o,o,d, ,a,n,d, ,s,t,u,r,d,y,",", ,a,n,d, ,w,i,l,l, ,n,o,t, ,d,i,s,a,p,p,o,i,n,t, ,y,o,u, ,i,n, ,t,e,r,m,s, ,o,f, ,d,e,s,i,g,n,., , ,Y,o,u, ,w,i,l,l, ,a,l,s,o, ,s,e,e, ,a, ,r,e,c,t,a,n,g,u,l,a,r,-,s,h,a,p,e, ,c,u,t, ,o,u,t, ,o,n, ,t,h,e, ,r,e,a,r, ,s,i,d,e, ,h,o,u,s,i,n,g, ,t,h,e, ,c,a,m,e,r,a, ,b,u,m,p, ,a,l,o,n,g, ,w,i,t,h, ,t,h,e, ,f,i,n,g,e,r,p,r,i,n,t, ,s,c,a,n,n,e,r,., ,L,E,D, ,f,l,a,s,h, ,i,s, ,p,l,a,c,e,d, ,b,e,s,i,d,e, ,t,h,e, ,c,a,m,e,r,a, ,s,y,s,t,e,m,., ,T,o, ,t,h,e, ,r,i,g,h,t, ,s,i,d,e, ,o,f, ,t,h,e, ,p,h,o,n,e, ,a,r,e, ,t,h,e, ,v,o,l,u,m,e, ,c,o,n,t,r,o,l, ,b,u,t,t,o,n,s, ,a,l,o,n,g, ,w,i,t,h, ,t,h,e, ,p,o,w,e,r, ,b,u,t,t,o,n,., ,T,h,e, ,S,I,M, ,c,a,r,d, ,t,r,a,y, ,i,s, ,p,l,a,c,e,d, ,a,t, ,t,h,e, ,l,e,f,t, ,s,i,d,e,., ,R,e,d,m,i, ,N,o,t,e, ,9, ,o,f,f,e,r,s, ,2,+,1, ,c,a,r,d, ,s,l,o,t,s, ,-,-, ,o,n,e, ,f,o,r, ,m,i,c,r,o,S,D, ,c,a,r,d, ,a,n,d, ,t,w,o, ,f,o,r, ,S,I,M, ,c,a,r,d, ,e,a,c,h,.,X,i,a,o,m,i, ,R,e,d,m,i, ,N,o,t,e, ,9, ,i,s, ,e,q,u,i,p,p,e,d, ,w,i,t,h, ,3,.,5,m,m, ,h,e,a,d,p,h,o,n,e, ,j,a,c,k, ,p,l,a,c,e,d, ,a,t, ,t,h,e, ,b,o,t,t,o,m, ,e,d,g,e,., ,T,h,e, ,p,h,o,n,e, ,c,o,m,e,s, ,w,i,t,h, ,a, ,U,S,B, ,T,y,p,e,-,C, ,c,h,a,r,g,e,r,., ,T,h,e, ,c,h,a,r,g,i,n,g, ,p,o,r,t, ,i,s, ,a,l,s,o, ,p,l,a,c,e,d, ,a,t, ,t,h,e, ,b,o,t,t,o,m, ,a,l,o,n,g, ,w,i,t,h, ,s,p,e,a,k,e,r, ,g,r,i,l,l,s, ,a,n,d, ,a, ,m,i,c,r,o,p,h,o,n,e,., ,O,n, ,t,h,e, ,t,o,p, ,e,d,g,e, ,o,f, ,t,h,e, ,p,h,o,n,e, ,i,s, ,t,h,e, ,I,R, ,b,l,a,s,t,e,r,., , ,T,h,e, ,s,m,a,r,t,p,h,o,n,e, ,f,e,a,t,u,r,e,s, ,a, ,6,.,5,3,-,i,n,c,h, ,p,u,n,c,h,-,h,o,l,e, ,d,i,s,p,l,a,y, ,w,i,t,h, ,1,0,8,0,x,2,3,4,0, ,F,H,D,+, ,r,e,s,o,l,u,t,i,o,n,., ,T,h,e, ,p,u,n,c,h,-,h,o,l,e, ,h,o,u,s,i,n,g, ,t,h,e, ,f,r,o,n,t, ,c,a,m,e,r,a, ,i,s, ,p,l,a,c,e,d, ,a,t, ,t,h,e, ,t,o,p,-,r,i,g,h,t, ,c,o,r,n,e,r,",", ,t,h,u,s, ,i,t, ,h,a,r,d,l,y, ,o,b,s,t,r,u,c,t, ,t,h,e, ,v,i,e,w,i,n,g, ,e,x,p,e,r,i,e,n,c,e, ,o,n, ,R,e,d,m,i, ,N,o,t,e, ,9,., ,T,h,e, ,d,i,s,p,l,a,y, ,i,s, ,a, ,s,t,r,o,n,g, ,p,o,i,n,t, ,o,f, ,t,h,e, ,p,h,o,n,e,., ,I,t, ,p,r,o,v,i,d,e,s, ,s,h,a,r,p, ,c,o,l,o,u,r,s, ,w,i,t,h, ,a,d,e,q,u,a,t,e, ,b,r,i,g,h,t,n,e,s,s,., ,V,i,e,w,i,n,g, ,a,n,g,l,e,s, ,a,r,e, ,g,o,o,d, ,t,o,o,.,D,e,s,p,i,t,e, ,i,t,s, ,g,l,o,s,s,y, ,b,a,c,k,",", ,t,h,e, ,p,h,o,n,e, ,o,f,f,e,r,s, ,a, ,f,i,r,m, ,g,r,i,p,., ,T,h,e, ,s,m,a,r,t,p,h,o,n,e, ,f,e,e,l,s, ,s,t,u,r,d,y, ,a,n,d, ,d,u,r,a,b,l,e, ,a,n,d, ,c,a,n, ,b,e, ,e,a,s,i,l,y, ,u,s,e,d, ,w,i,t,h, ,a, ,s,i,n,g,l,e, ,h,a,n,d,., , ,X,i,a,o,m,i, ,R,e,d,m,i, ,N,o,t,e, ,9,:, ,P,e,r,f,o,r,m,a,n,c,e,R,e,d,m,i, ,N,o,t,e, ,9, ,c,o,m,e,s, ,p,o,w,e,r,e,d, ,b,y, ,M,e,d,i,a,T,e,k, ,H,e,l,i,o, ,G,8,5, ,o,c,t,a,-,c,o,r,e, ,p,r,o,c,e,s,s,o,r, ,w,i,t,h, ,a, ,m,a,x,i,m,u,m, ,f,r,e,q,u,e,n,c,y, ,o,f, ,2,.,0,G,H,z,",", ,a, ,G,P,U, ,f,r,e,q,u,e,n,c,y, ,o,f, ,1,0,0,0,M,H,z,",", ,a,n,d, ,u,p, ,t,o, ,6,G,B, ,o,f, ,L,P,D,D,R,4,X, ,R,A,M,., ,T,h,e,r,e, ,i,s, ,a, ,4,G,B, ,R,A,M, ,v,a,r,i,a,n,t, ,o,f, ,t,h,e, ,p,h,o,n,e, ,a,s, ,w,e,l,l,., ,T,h,e, ,h,a,n,d,s,e,t, ,c,o,m,e,s, ,i,n, ,t,w,o, ,s,t,o,r,a,g,e, ,o,p,t,i,o,n,s,:, ,6,4,G,B, ,a,n,d, ,1,2,8,G,B,., ,T,h,e, ,M,e,d,i,a,T,e,k, ,p,r,o,c,e,s,s,o,r, ,c,a,n, ,e,a,s,i,l,y, ,h,a,n,d,l,e, ,d,a,y,-,t,o,-,d,a,y, ,u,s,a,g,e, ,w,i,t,h,o,u,t, ,g,i,v,i,n,g, ,y,o,u, ,m,u,c,h, ,t,o, ,c,o,m,p,l,a,i,n, ,a,b,o,u,t,.,C,o,n,s,i,d,e,r,i,n,g,",", ,R,e,d,m,i, ,N,o,t,e, ,9, ,i,s, ,a, ,b,u,d,g,e,t, ,p,h,o,n,e,",", ,o,u,r, ,h,o,p,e,s, ,w,e,r,e, ,n,o,t, ,m,u,c,h, ,h,i,g,h, ,a,b,o,u,t, ,t,h,e, ,s,p,e,e,d, ,a,n,d, ,p,e,r,f,o,r,m,a,n,c,e, ,o,f, ,t,h,e, ,d,e,v,i,c,e,., ,T,h,e, ,l,o,a,d,i,n,g, ,s,p,e,e,d, ,o,f, ,t,h,e, ,a,p,p,s, ,w,a,s, ,r,e,a,s,o,n,a,b,l,y, ,g,o,o,d,., ,S,w,i,t,c,h,i,n,g, ,b,e,t,w,e,e,n, ,m,u,l,t,i,p,l,e, ,a,p,p,s, ,w,a,s, ,e,a,s,y,., ,G,a,m,i,n,g, ,e,x,p,e,r,i,e,n,c,e, ,t,o,o, ,w,i,l,l, ,n,o,t, ,b,e, ,a, ,d,i,s,a,p,p,o,i,n,t,m,e,n,t,., ,H,o,w,e,v,e,r,",", ,t,h,e,r,e, ,w,e,r,e, ,h,e,a,t,i,n,g, ,i,s,s,u,e,s, ,w,i,t,h, ,t,h,e, ,d,e,v,i,c,e, ,a,f,t,e,r, ,p,r,o,l,o,n,g,e,d, ,g,a,m,i,n,g, ,o,r, ,l,o,n,g, ,s,t,r,e,a,m,i,n,g, ,h,o,u,r,s,., ,B,u,t, ,a,g,a,i,n,",", ,t,h,a,t,‚Äô,s, ,a,c,c,e,p,t,a,b,l,e, ,a,t, ,t,h,e, ,p,r,i,c,e, ,p,o,i,n,t,., , ,X,i,a,o,m,i, ,h,a,s, ,p,a,c,k,e,d, ,A,n,d,r,o,i,d, ,1,0, ,w,i,t,h, ,a, ,l,a,y,e,r, ,o,f, ,M,I,U,I, ,1,1, ,o,n, ,t,h,e, ,t,o,p, ,i,n, ,t,h,e, ,R,e,d,m,i, ,N,o,t,e, ,9, ,p,h,o,n,e,., ,A,s, ,w,i,t,h, ,o,t,h,e,r, ,X,i,a,o,m,i, ,p,h,o,n,e,s,",", ,t,h,i,s, ,d,e,v,i,c,e, ,t,o,o, ,c,o,m,e,s, ,w,i,t,h, ,m,u,c,h, ,p,r,e,-,i,n,s,t,a,l,l,e,d, ,b,l,o,a,t,w,a,r,e,., ,T,h,e,s,e, ,i,n,c,l,u,d,e, ,a,p,p,s, ,l,i,k,e, ,t,h,e, ,M,i, ,C,r,e,d,i,t,",", ,H,e,l,o,",", ,M,i, ,C,o,m,m,u,n,i,t,y,",", ,Z,i,l,i, ,a,n,d, ,m,o,r,e,., ,S,o,m,e, ,o,f, ,t,h,e, ,a,p,p,s, ,h,a,v,e, ,a,l,r,e,a,d,y, ,b,e,e,n, ,b,a,n,n,e,d, ,b,y, ,t,h,e, ,I,n,d,i,a,n, ,g,o,v,e,r,n,m,e,n,t,., ,O,n,e, ,c,a,n, ,a,l,w,a,y,s, ,u,n,i,n,s,t,a,l,l, ,t,h,e,m, ,a,s, ,p,e,r, ,t,h,e,i,r, ,o,w,n, ,c,h,o,i,c,e,., ,W,h,a,t, ,s,t,r,u,c,k, ,u,s, ,i,s, ,t,h,a,t, ,t,h,e, ,p,h,o,n,e, ,s,u,g,g,e,s,t,s, ,y,o,u, ,d,o,w,n,l,o,a,d, ,a, ,f,e,w, ,m,o,r,e, ,a,p,p,s, ,e,v,e,n, ,d,u,r,i,n,g, ,t,h,e, ,s,e,t,u,p, ,p,r,o,c,e,s,s,., ,B,u,t, ,t,h,a,t, ,a,g,a,i,n, ,i,s, ,a,n, ,i,n,d,i,v,i,d,u,a,l,‚Äô,s, ,c,h,o,i,c,e, ,t,o, ,i,n,s,t,a,l,l, ,o,r, ,n,o,t,.,M,o,v,i,n,g, ,o,n,",", ,t,h,e, ,p,h,o,n,e,‚Äô,s, ,U,I, ,i,s, ,t,y,p,i,c,a,l, ,o,f, ,a,n,y, ,R,e,d,m,i, ,p,h,o,n,e,., ,I,f, ,y,o,u, ,a,r,e, ,u,s,i,n,g, ,a, ,R,e,d,m,i, ,p,h,o,n,e,",", ,y,o,u, ,m,a,y, ,f,i,n,d, ,i,t, ,e,a,s,y, ,t,o, ,u,s,e, ,t,h,e, ,p,h,o,n,e, ,s,i,m,p,l,y, ,b,e,c,a,u,s,e, ,o,f, ,t,h,e, ,f,a,m,i,l,i,a,r,i,t,y,., ,A,l,s,o,",", ,y,o,u, ,g,e,t, ,s,p,a,m, ,n,o,t,i,f,i,c,a,t,i,o,n,s, ,o,n, ,t,h,e, ,d,e,v,i,c,e,.,X,i,a,o,m,i, ,R,e,d,m,i, ,N,o,t,e, ,9, ,c,o,m,e,s, ,w,i,t,h, ,a, ,r,e,a,r,-,m,o,u,n,t,e,d, ,f,i,n,g,e,r,p,r,i,n,t, ,s,c,a,n,n,e,r, ,a,n,d, ,F,a,c,e, ,U,n,l,o,c,k, ,t,e,c,h,n,o,l,o,g,y, ,f,o,r, ,s,e,c,u,r,i,t,y, ,a,n,d, ,p,r,i,v,a,c,y, ,o,f, ,t,h,e, ,d,e,v,i,c,e,., ,B,o,t,h, ,w,o,r,k,e,d, ,w,e,l,l, ,f,o,r, ,u,s,., ,T,h,e, ,u,n,l,o,c,k,i,n,g, ,s,p,e,e,d, ,w,i,t,h, ,b,o,t,h, ,t,h,e,s,e, ,s,e,c,u,r,i,t,y, ,f,e,a,t,u,r,e,s, ,w,a,s, ,a,c,c,e,p,t,a,b,l,e, ,a,n,d, ,j,u,s,t, ,t,o, ,t,h,e, ,p,h,o,n,e,‚Äô,s, ,p,r,i,c,e,.,X,i,a,o,m,i, ,R,e,d,m,i, ,N,o,t,e, ,9,:, ,C,a,m,e,r,a,I,n, ,c,o,n,t,i,n,u,a,t,i,o,n, ,o,f, ,t,h,e, ,t,r,e,n,d, ,t,h,e,s,e, ,d,a,y,s,",", ,X,i,a,o,m,i, ,h,a,s, ,i,n,t,r,o,d,u,c,e,d, ,a, ,q,u,a,d, ,l,e,n,s, ,c,a,m,e,r,a, ,s,y,s,t,e,m, ,a,t, ,t,h,e, ,b,a,c,k, ,w,i,t,h, ,t,h,e, ,R,e,d,m,i, ,N,o,t,e, ,9,., ,T,h,e, ,p,h,o,n,e, ,o,f,f,e,r,s, ,a, ,4,8,M,P, ,p,r,i,m,a,r,y, ,r,e,a,r, ,c,a,m,e,r,a, ,p,a,i,r,e,d, ,w,i,t,h, ,t,h,r,e,e, ,o,t,h,e,r, ,s,e,n,s,o,r,s,-, ,a, ,w,i,d,e,-,a,n,g,l,e, ,l,e,n,s,",", ,a, ,m,a,c,r,o, ,l,e,n,s, ,a,n,d, ,a, ,d,e,p,t,h, ,l,e,n,s,., ,A,g,a,i,n,",", ,t,h,e,r,e, ,i,s, ,n,o,t, ,m,u,c,h, ,n,e,w, ,a,b,o,u,t, ,t,h,e, ,c,a,m,e,r,a, ,a,p,p, ,a,n,d, ,i,t,s, ,U,I,., ,H,o,w,e,v,e,r,",", ,t,h,e, ,c,o,m,p,a,n,y, ,h,a,s, ,a,d,d,e,d, ,a, ,s,e,p,a,r,a,t,e, ,D,o,c,u,m,e,n,t,s, ,m,o,d,e, ,t,o, ,R,e,d,m,i, ,N,o,t,e, ,9, ,w,h,i,c,h, ,c,a,n, ,b,e, ,u,s,e,d, ,t,o, ,s,c,a,n, ,i,m,p,o,r,t,a,n,t, ,d,o,c,u,m,e,n,t,s, ,a,n,d, ,p,a,p,e,r,s,., ,C,o,n,s,i,d,e,r,i,n,g, ,t,h,e, ,C,a,m,S,c,a,n,n,e,r, ,a,p,p, ,i,s, ,n,o, ,l,o,n,g,e,r, ,a,v,a,i,l,a,b,l,e,",", ,t,h,i,s, ,i,s, ,a,n, ,i,m,p,o,r,t,a,n,t, ,a,d,d,i,t,i,o,n,.,T,h,e, ,4,8,M,P, ,c,a,m,e,r,a, ,d,o,e,s, ,j,u,s,t,i,c,e, ,t,o, ,t,h,e, ,o,b,j,e,c,t, ,b,e,i,n,g, ,c,a,p,t,u,r,e,d,., ,I,t, ,i,s, ,a,b,l,e, ,t,o, ,r,e,t,a,i,n, ,d,e,t,a,i,l,s, ,a,n,d, ,t,r,u,e, ,c,o,l,o,u,r,s, ,m,o,r,e, ,o,r, ,l,e,s,s,., ,H,o,w,e,v,e,r,",", ,t,h,e, ,n,o,i,s,e, ,c,r,e,e,p,s, ,i,n, ,w,h,e,n, ,y,o,u, ,u,s,e, ,t,h,e, ,w,i,d,e,-,a,n,g,l,e, ,l,e,n,s,., ,T,h,e, ,s,e,n,s,o,r, ,o,f,f,e,r,s, ,8,M,P, ,U,l,t,r,a, ,w,i,d,e, ,s,e,n,s,o,r, ,w,i,t,h, ,1,1,8,-,d,e,g,r,e,e, ,f,i,e,l,d,-,o,f,-,v,i,e,w,., ,P,h,o,t,o,s, ,c,l,i,c,k,e,d, ,w,e,r,e, ,l,o,w, ,i,n, ,q,u,a,l,i,t,y, ,a,n,d, ,l,a,c,k, ,d,e,t,a,i,l,.
P,o,w,e,r,f,u,l, ,G,a,m,i,n,g, ,p,r,o,c,e,s,s,o,r,., ,S,u,p,e,r,b, ,g,a,m,e, ,e,x,p,e,r,i,e,n,c,e, ,o,n, ,p,u,b,g, ,a,n,d, ,C,O,D,S,u,p,e,r,b, ,b,a,t,t,e,r,y, ,p,e,r,f,o,r,m,a,n,c,e,",", ,2,2, ,w, ,c,h,a,r,g,i,n,g, ,i,s, ,n,o,t, ,f,a,s,t, ,a,s, ,e,x,p,e,c,t,e,d,.,4,8, ,m,a,i,n, ,c,a,m, ,a,n,d, ,n,i,g,h,t, ,m,o,d,e, ,i,s, ,g,o,o,d,.,L,o,w, ,l,i,g,h,t, ,p,e,r,f,o,r,m,a,n,c,e, ,i,s, ,b,a,d
I, ,f,a,c,e,d, ,c,h,a,r,g,i,n,g, ,i,s,s,u,e,',s, ,i,t, ,w,i,l,l, ,t,o,o,k, ,6, ,h,o,u,r, , ,f,o,r, ,f,u,l,l, ,c,h,a,r,g,e, ,w,i,t,h, ,2,2,w, ,a,d,o,p,t,e,r,.,A,n,d, ,t,h,e,y, ,s,a,i,d, ,t,h,i,s, ,i,s, ,h,d, ,r,e,s,o,l,u,t,i,o,n, ,d,i,s,p,l,a,y, ,b,u,t, ,I, ,d,i,d,n,',t, ,f,e,e,l, ,h,d, ,i,n, ,i,t, ,a,n,d, ,p,h,o,n,e, ,w,i,l,l, ,l,a,g,g,i,n,g, ,a,f,t,e,r, ,1, ,t,o, ,2, ,h,o,u,r, ,o,f, ,u,s,e,d,F,i,n,a,l,l,y, ,m,y, , ,o,p,i,n,i,o,n, ,i,s, ,p,l,e,a,s,e, ,d,o,n,',t, ,b,u,y, ,i,t, ,f,o,r, ,p,u,n,c,t,u,a,l, ,c,a,m,e,r,a, ,j,u,s,t, ,g,o, ,f,o,r, ,l,i,t,t,l,e, ,h,i,g,e,r, ,p,r,i,c,e, ,1,4,0,0,0, ,t,o, ,2,0,0,0,0, ,w,i,l,l, ,g,e,t, ,a, ,b,e,s,t, ,o,n,e,.
A,l,w,a,y,s, ,b,e,s,t, ,i,n, ,b,u,d,g,e,t, ,p,r,o,d,u,c,t,s, ,f,r,o,m, ,X,i,a,o,m,i,",", ,t,h,e, ,c,o,l,o,u,r, ,l,o,o,k,s, ,a,w,e,s,o,m,e, ,a,n,d, ,t,h,e, ,b,a,t,t,e,r,y, ,l,i,f,e, ,g,i,v,e,s, ,a, ,f,u,l,l, ,d,a,y, ,o,n, ,h,e,a,v,y, ,u,s,a,g,e
T,h,e, ,c,e,l,l, ,l,o,o,k,',s, ,n, ,s,c,r,e,e,n, ,d,i,s,p,l,a,y, ,i,s, ,v,e,r,y, ,g,o,o,d, , ,., ,s,o, ,f,a,r, ,I, ,h,a,v,e, ,i,s,s,u,e,s, ,w,i,t,h, ,m,y, ,c,o,n,n,e,c,t,i,v,i,t,y, ,i,n,s,i,d,e, ,(, ,d,i,d, ,n,o,t, ,h,a,v,e, ,t,h,e, ,c,o,n,n,e,c,t,i,o,n, ,p,r,o,b,l,e,m, ,w,i,t,h, ,m,y, ,e,a,r,l,i,e,r, ,c,e,l,l,),., ,B,a,t,t,e,r,y, ,a,l,s,o, ,d,r,a,i,n,s, ,o,u,t, ,q,u,i,c,k,l,y, ,I, ,f,e,e,l,., ,A,u,d,i,o, ,i,s, ,a,v,e,r,a,g,e, ,., ,i,t,',s, ,j,u,s,t, ,m,y, ,s,e,c,o,n,d, ,d,a,y, ,o,f, ,u,s,a,g,e, ,",", ,s,o, ,f,a,r, ,o,k, ,w,i,t,h, ,t,h,e, ,c,e,l,l,.,t,h,a,n,k, ,y,o,u, ,a,m,a,z,o,n, ,f,o,r, ,t,h,e, ,p,r,o,m,p,t, ,d,e,l,i,v,e,r,y,.
V,r,y, ,n,i,c,e, ,p,r,o,d,u,c,t, ,r,e,d,m,i, ,n,o,t,e, ,9, ,s,c,a,r,l,e,t, ,r,e,d, ,6,R,e,a,r, ,c,a,m,e,r,a, ,1,0,/,1,0,F,r,o,n,t, ,c,a,m,e,r,a, ,9,/,1,0,B,a,t,t,e,r,y, ,p,e,r,f,o,m,a,n,c,e, ,1,0,/,1,0,C,h,a,r,g,i,n,g, ,s,p,e,e,d, ,m,o,r,e, ,t,h,a,n, ,2, ,h,o,u,r, ,0, ,t,o, ,1,0,0, ,%,N,o, ,h,e,a,t, ,n,o, ,h,a,n,g, ,p,r,o,b,l,e,m,.,.,S,c,a,r,l,e,t, ,r,e,d, ,c,o,l,o,u,r, ,v,e,r,y, ,b,e,a,u,t,i,f,u,l,l,O,v,e,r,a,l,l, ,p,r,o,d,u,c,t, ,i,s, ,v,e,r,y, ,n,i,c,e, ,.,.,.
W,a,i,t,e,d, ,f,o,r, ,m,o,r,e, ,t,h,a,n, ,a, ,m,o,n,t,h, ,t,o, ,g,e,t, ,R,e,d,m,i, ,9, ,p,r,i,m,e, ,o,r, ,R,e,d,m,i, ,N,o,t,e, ,9, ,j,u,s,t, ,b,e,c,a,u,s,e, ,o,f, ,t,h,i,s, ,S,A,L,E, ,d,r,a,m,a,üò†, ,a,n,d, ,a, ,l,o,c,a,l, ,s,h,o,p,k,e,e,p,e,r, ,i,s, ,s,e,l,l,i,n,g, ,t,h,i,s, ,p,h,o,n,e, ,a,t, ,a, ,h,i,g,h,e,r, ,p,r,i,c,e,(,3,0,0, ,-, ,4,0,0, ,‚Çπ, ,e,x,t,r,a, ,t,h,a,n, ,a,c,t,u,a,l, ,p,r,i,c,e,),., ,H,e, ,h,a,s, ,a,l,l, ,t,h,e, ,v,a,r,i,a,n,t,s, ,a,n,d, ,c,o,l,o,r,s, ,a,n,d, ,w,e, ,a,s, ,a, ,c,u,s,t,o,m,e,r, ,a,r,e, ,n,o,t, ,a,b,l,e, ,t,o, ,g,e,t, ,e,v,e,n, ,a, ,s,i,n,g,l,e, ,c,o,l,o,r,/,v,a,r,i,a,n,t, ,üëé,üèª,M,o,b,i,l,e, ,b,r,a,n,d,s, ,(,R,e,d,m,i,",", ,R,e,a,l,m,e, ,e,t,c,.,), ,S,h,o,u,l,d, ,s,e,r,i,o,u,s,l,y, ,t,h,i,n,k, ,o,f, ,t,h,i,s, ,p,r,o,b,l,e,m, ,üôà
A,s, ,o,f, ,n,o,w,#,T,h,i,s, ,m,o,b,i,l,e, ,i,s, ,n,o,t, ,f,o,r, ,g,a,m,e,r,s,G, ,8,5, ,p,r,o,c,e,s,s,o,r, ,i,s, ,p,e,r,f,o,r,m,i,n,g, ,s,a,m,e, ,a,s, ,G,8,0, ,a,n,d, ,h,a,l,f, ,i,n, ,G,9,0,., ,I,t, ,l,a,g,s,",", ,y,e,a,h, ,o,n,l,y, ,t,r,u,e, ,g,a,m,e,r, ,k,n,o,w,s, ,t,h,a,t,.,*,P,o,o,r, ,o,p,t,i,m,i,z,a,t,i,o,n, ,(,M,a,y, ,t,h,i,s, ,f,i,x, ,i,n, ,u,p,c,o,m,i,n,g, ,u,p,d,a,t,e,s,),*,D,i,s,a,p,p,o,i,n,t,i,n,g, ,f,a,s,t, ,c,h,a,r,g,i,n,g,",", ,i,t, ,t,a,k,e,s, ,2,.,3,2, ,h,r,s, ,f,o,r, ,a, ,f,u,l,l, ,c,h,a,r,g,e, ,(,2,2,.,5, ,w, ,c,h,a,r,g,e,r, ,g,i,v,e,n, ,b,u,t, ,i,t, ,s,u,p,p,o,r,t,s, ,o,n,l,y, ,1,8,w, ,c,h,a,r,g,i,n,g,),P,r,o,s,:,*,H,e,a,t,i,n,g, ,p,r,o,b,l,e,m, ,s,o,r,t,e,d, ,o,u,t,*,D,e,s,c,e,n,t, ,c,a,m,e,r,a,",",g,o,o,d, ,l,o,o,k,i,n,g, ,b,o,d,y,*,G,o,o,d, ,b,a,t,t,e,r,y, ,b,a,c,k,u,p,*,*,*,*,I,f, ,u, ,c,a,n, ,p,a,y, ,5,0,0, ,t,o, ,1,0,0,0, ,m,o,r,e, ,j,u,s,t, ,g,o, ,f,o,r, ,p,o,c,o, ,m, ,s,e,r,i,e,s, ,i,t,',s, ,1,0,0,%, ,b,e,t,t,e,r, ,t,h,a,n, ,t,h,i,s, ,m,o,b,i,l,e, ,i,n, ,p,e,r,f,o,r,m,a,n,c,e,",",c,h,a,r,g,i,n,g,",",b,a,c,k,u,p,.,*,*,*,*,*,I,f, ,u, ,r, ,a, ,g,a,m,e,r, ,g,o, ,w,i,t,h, ,p,o,c,o, ,m, ,s,e,r,i,e,s, ,a,n,d, ,r,e,a,l,m,e, ,6,i, ,w,h,i,c,h, ,i,s, ,f,a,r, ,b,e,t,t,e,r, ,i,n, ,p,e,r,f,o,r,m,a,n,c,e, ,a,n,d, ,e,x,c,e,l,l,e,n,t, ,i,n, ,q,u,i,c,k, ,c,h,a,r,g,i,n,g,.,F,i,n,a,l,l,y, ,n,o,t,e, ,9, ,i,s, ,n,o,t, ,u,n,d,i,s,p,u,t,e,d, ,c,h,a,m,p,i,o,n,., ,I,t,',s, ,j,u,s,t, ,a, ,c,h,a,m,p, ,f,o,r, ,h,o,u,s,e,h,o,l,d, ,u,s,e,r,s, ,a,n,d, ,f,o,r, ,n,o,r,m,a,l, ,u,s,a,g,e,.
I,t,s, ,f,e,a,t,u,r,e,s, ,a,r,e, ,g,o,o,d, ,b,u,t, ,t,h,e, ,o,n,l,y, ,t,h,i,n,g, ,b,o,t,h,e,r,i,n,g, ,m,e, ,i,s, ,t,h,e, ,a,p,p,s, ,a,n,d, ,s,t,o,r,a,g,e,., ,T,h,e,r,e, ,a,r,e, ,s,o, ,m,a,n,y, ,u,s,e,l,e,s,s, ,a,p,p,s, ,w,h,i,c,h, ,I, ,d,o,n,',t, ,u,s,e, ,a,t, ,a,l,l, ,a,n,d, ,t,h,e, ,p,h,o,n,e, ,w,o,n,',t, ,a,l,l,o,w, ,m,e, ,t,o, ,d,e,l,e,t,e, ,i,t,!,I, ,c,h,e,c,k,e,d, ,t,h,e, ,s,t,o,r,a,g,e, ,a,n,d, ,I, ,f,o,u,n,d, ,o,u,t, ,t,h,a,t, ,t,h,e, ,u,s,e,l,e,s,s, ,a,p,p,s, ,a,l,l, ,c,o,n,s,u,m,e, ,a,l,m,o,s,t, ,2,0, ,g,b, ,o,f, ,m,y, ,s,t,o,r,a,g,e,!, ,M,y, ,p,h,o,n,e, ,o,n,l,y, ,h,a,s, ,1,2,8, ,g,b, ,s,t,o,r,a,g,e, ,b,u,t, ,I, ,c,a,n, ,o,n,l,y, ,u,s,e, ,1,1,0, ,g,b, ,s,t,o,r,a,g,e,., ,P,l,e,a,s,e, ,d,o, ,c,o,n,s,i,d,e,r, ,t,h,i,s,.,.,.,.,.,.,.,.,.,.,.,.
G,o,t, ,d,e,f,e,c,t,i,v,e, ,p,i,e,c,e,",", ,s,p,e,a,k,e,r, ,i,s, ,n,o,t, ,w,o,r,k,i,n,g,., ,P,l,e,a,s,e, ,r,e,t,h,i,n,k, ,t,w,i,c,e, ,b,e,f,o,r,e, ,b,u,y,i,n,g, ,t,h,i,s, ,m,o,b,i,l,e,., ,B,e,t,t,e,r, ,g,o, ,f,o,r, ,S,a,m,s,u,n,g, ,o,r, ,h,o,u,r, ,w,i,t,h,i,n, ,t,h,i,s, ,r,a,n,g,e,.
A,w,e,s,o,m,e, ,‚ù§,Ô∏è,‚ù§,Ô∏è,üôè, ,p,r,o,d,u,c,t,s
C,a,m,e,r,a, ,a,n,d, ,b,a,t,t,e,r,y, ,l,i,f,e, ,i,s, ,g,o,o,d, ,b,u,t, ,c,h,a,r,g,i,n,g, ,p,r,o,b,l,e,m, ,t,a,k,e,s, ,m,o,r,e, ,t,h,a,n, ,2, ,a,n,d, ,h,a,l,f, ,h,o,u,r, ,t,o, ,c,h,a,r,g,e, ,f,r,o,m, ,1,8,w, ,c,h,a,r,g,i,n,g, ,s,u,p,p,o,r,t
L,i,k,e, ,:,G,o,o,d, ,b,a,t,t,e,r,y, ,l,i,f,e,P,o,w,e,r,f,u,l, ,p,r,o,c,e,s,s,o,r,D,e,c,e,n,t, ,d,a,y,l,i,g,h,t, ,c,a,m,e,r,a, ,p,e,r,f,o,r,m,a,n,c,e,D,i,s,l,i,k,e, ,:,B,l,o,a,t,e,d, ,U,I,G,i,v,e,s, ,2,2,.,5,W, ,c,h,a,r,g,e,r, ,b,u,t, ,p,h,o,n,e, ,s,u,p,p,o,r,t,s, ,o,n,l,y, ,1,8,W
H,e,y, ,g,u,y,s, ,w,i,t,h,o,u,t, ,w,a,s,t,i,n,g, ,c,o,m,i,n,g, ,t,o, ,t,h,e, ,p,o,i,n,t,., ,I, ,d,i,d,n,t, ,l,i,k,e, ,t,h,i,s, ,p,r,o,d,u,c,t, ,a,t, ,a,l,l, ,r,e,a,s,o,n, ,l,i,s,t,e,d, ,b,e,l,o,w,.,(,1,), ,-, ,I,n, ,o,n,e, ,d,a,y, ,u,s,e, ,I, ,s,a,w, ,t,h,a,t, ,b,a,t,t,e,r,y, ,i,s, ,n,o,t, ,u,p,t,o, ,m,a,r,k,",", ,i,t, ,d,r,a,i,n,s, ,s,w,i,f,t,l,y,.,(,2,), ,-, ,C,a,m,e,r,a, ,s,o, ,c,a,l,l,e,d, ,4,8,m,p, ,i,s, ,p,o,o,r, ,t,h,a,n, ,r,e,a,l,m,e, ,5,i, ,o,r, ,e,v,e,n, ,t,h,a,n, ,r,e,d,m,i, ,8,., ,C,a,m,e,r,a, ,f,l,a,s,h, ,i,s, ,v,e,r,y, ,l,o,w,., ,D,i,s,p,l,a,y, ,i,s, ,n,o,t, ,s,m,o,o,t,h,.,(,3,), ,-, ,N,o, ,c,h,a,r,g,e,r, ,c,a,b,l,e, ,w,a,s, ,t,h,e,r,e, ,i,n, ,b,o,x,.,(,4,), ,-, ,p,a,c,k,a,g,i,n,g, ,w,a,s, ,n,o,t, ,g,o,o,d,.,A,n,d, ,t,h,e, ,l,a,s,t, ,I, ,w,a,s, ,e,x,p,e,c,t,i,n,g, ,m,a,d,e, ,i,n, ,I,n,d,i,a, ,p,r,o,d,u,c,t, ,a,n,d, ,a,m, ,g,i,v,e,n, ,m,a,d,e, ,i,n, ,C,h,i,n,a, ,m,o,b,i,l,e,.,P,a,t,h,e,t,i,c,.
